year,tier,education_raw,graduate_plus,education_rule,records
2010,block_member,+2,0,recognized qualification,2
2010,block_member,10,0,recognized qualification,1
2010,block_member,10-TH FAIL,NA,unclassified,1
2010,block_member,10TH,0,recognized qualification,1
2010,block_member,4 TH STANDARD,0,recognized qualification,1
2010,block_member,4 TH STD,0,recognized qualification,1
2010,block_member,4TH,0,recognized qualification,2
2010,block_member,4TH STANDARD,0,recognized qualification,1
2010,block_member,4TH STD,0,recognized qualification,1
2010,block_member,5 TH,0,recognized qualification,1
2010,block_member,5 TH STD,0,recognized qualification,2
2010,block_member,5 TH STD.,0,recognized qualification,2
2010,block_member,5TH STANDARD,0,recognized qualification,4
2010,block_member,5TH STD,0,recognized qualification,2
2010,block_member,5TH STD PASSED,NA,unclassified,1
2010,block_member,6,0,recognized qualification,1
2010,block_member,6 TH STANDARD,0,recognized qualification,1
2010,block_member,6 TH STD,0,recognized qualification,2
2010,block_member,6TH,0,recognized qualification,2
2010,block_member,6TH CLASS,0,recognized qualification,1
2010,block_member,6TH STANDARD,0,recognized qualification,3
2010,block_member,6TH STD,0,recognized qualification,1
2010,block_member,7,0,recognized qualification,2
2010,block_member,7 TH STANDARD,0,recognized qualification,2
2010,block_member,7 TH STD,0,recognized qualification,2
2010,block_member,7-TH PASS,0,recognized qualification,2
2010,block_member,7TH,0,recognized qualification,3
2010,block_member,7TH PASS,0,recognized qualification,2
2010,block_member,7TH STANDARD,0,recognized qualification,3
2010,block_member,7TH STD,0,recognized qualification,8
2010,block_member,8,0,recognized qualification,5
2010,block_member,8 STANDARD,0,recognized qualification,2
2010,block_member,8 TH STANDARD,0,recognized qualification,1
2010,block_member,8 TH STD,0,recognized qualification,2
2010,block_member,8TH,0,recognized qualification,3
2010,block_member,8TH STANDARD,0,recognized qualification,3
2010,block_member,8TH STD,0,recognized qualification,1
2010,block_member,8TH STD.,0,recognized qualification,1
2010,block_member,9,0,recognized qualification,4
2010,block_member,9 TH,0,recognized qualification,6
2010,block_member,9 TH PASS,0,recognized qualification,1
2010,block_member,9 TH STANDARD,0,recognized qualification,3
2010,block_member,9 TH STANDERED,NA,unclassified,1
2010,block_member,9 TH STD .,0,recognized qualification,1
2010,block_member,9TH,0,recognized qualification,9
2010,block_member,9TH CLASS,0,recognized qualification,1
2010,block_member,9TH STANDARD,0,recognized qualification,8
2010,block_member,9TH STD,0,recognized qualification,5
2010,block_member,9TH STD PASSED,NA,unclassified,1
2010,block_member,AFSAL UL ULAMA,NA,unclassified,1
2010,block_member,"AFZAL ULAMA, B.A.",1,recognized qualification,1
2010,block_member,B .COM,1,recognized qualification,1
2010,block_member,B A,1,recognized qualification,15
2010,block_member,"B A COMMUNICATIVE ENGLISH, B.ED (DOING)",1,recognized qualification,1
2010,block_member,B A COURSE COMPLETED,NA,unclassified,1
2010,block_member,B A ECONOMICS,1,recognized qualification,5
2010,block_member,B A LLB,1,recognized qualification,1
2010,block_member,B A POLITICS,1,recognized qualification,1
2010,block_member,"B A,",1,recognized qualification,1
2010,block_member,"B A, AFSALUL ULUMA",1,recognized qualification,1
2010,block_member,"B A, B ED",1,recognized qualification,1
2010,block_member,"B A, I T I",1,recognized qualification,1
2010,block_member,"B A, T T C",1,recognized qualification,1
2010,block_member,"B A,DP &CS",1,recognized qualification,1
2010,block_member,"B A,LLB",1,recognized qualification,1
2010,block_member,B A.B ED,NA,unclassified,1
2010,block_member,B COM,1,recognized qualification,13
2010,block_member,B COM (COURSE COMPLETED),NA,unclassified,1
2010,block_member,B COM DEGREE,1,recognized qualification,1
2010,block_member,"B COM, L L B",1,recognized qualification,1
2010,block_member,"B COM,SURVEYAR",1,recognized qualification,1
2010,block_member,B SC,1,recognized qualification,3
2010,block_member,B SC B ED,1,recognized qualification,1
2010,block_member,B SC MATHS,1,recognized qualification,1
2010,block_member,"B SC, B ED",1,recognized qualification,1
2010,block_member,"B SC, LLB DOING",1,recognized qualification,1
2010,block_member,"B SC, T T C",1,recognized qualification,1
2010,block_member,B TECH,1,recognized qualification,1
2010,block_member,B-COM,1,recognized qualification,1
2010,block_member,B-SC,1,recognized qualification,1
2010,block_member,B.A,1,recognized qualification,46
2010,block_member,B.A (ECONOMICS),1,recognized qualification,1
2010,block_member,"B.A , BED",1,recognized qualification,1
2010,block_member,"B.A , CTTC",1,recognized qualification,1
2010,block_member,"B.A , L.L.B",1,recognized qualification,1
2010,block_member,"B.A ,B.ED",1,recognized qualification,2
2010,block_member,B.A BED,1,recognized qualification,1
2010,block_member,B.A ECNOMICS,1,recognized qualification,1
2010,block_member,B.A ECONOMICS,1,recognized qualification,1
2010,block_member,B.A FAILED,NA,unclassified,2
2010,block_member,B.A H.D.C,1,recognized qualification,1
2010,block_member,B.A HINDI,1,recognized qualification,1
2010,block_member,B.A HISTORY,1,recognized qualification,2
2010,block_member,B.A L.L.B,1,recognized qualification,1
2010,block_member,B.A(HISTORY),1,recognized qualification,1
2010,block_member,"B.A, B.ED",1,recognized qualification,2
2010,block_member,"B.A, BED",1,recognized qualification,1
2010,block_member,"B.A, L.L.B",1,recognized qualification,3
2010,block_member,"B.A, LLB",1,recognized qualification,1
2010,block_member,"B.A, P.G.D.C.A",1,recognized qualification,1
2010,block_member,"B.A,L L B",1,recognized qualification,1
2010,block_member,"B.A,N.T.T.C",1,recognized qualification,1
2010,block_member,B.A.,1,recognized qualification,3
2010,block_member,B.A. (ECONOMICS),1,recognized qualification,1
2010,block_member,"B.A. , T.T.C",1,recognized qualification,1
2010,block_member,B.A. COMPLETED,1,recognized qualification,1
2010,block_member,B.A. ECONOMICS,1,recognized qualification,1
2010,block_member,B.A. MALAYALAM,1,recognized qualification,1
2010,block_member,B.A.(ECO),1,recognized qualification,1
2010,block_member,B.A.(ENGLISH) & AIRLINE DIPLOMA,1,recognized qualification,1
2010,block_member,B.A.(SANSKRIT),1,recognized qualification,1
2010,block_member,"B.A., LL.B",1,recognized qualification,1
2010,block_member,"B.A., TTC",1,recognized qualification,1
2010,block_member,"B.A.,L.L.B.,L.L.M.",1,recognized qualification,1
2010,block_member,"B.A.DEGREE, T.T.C",0,recognized qualification,1
2010,block_member,B.A.ECONOMICS,NA,unclassified,3
2010,block_member,B.COM,1,recognized qualification,31
2010,block_member,B.COM COURCE COMPLETED,1,recognized qualification,1
2010,block_member,B.COM DEGREE,1,recognized qualification,1
2010,block_member,B.COM WITH CO-OPERATION,1,recognized qualification,1
2010,block_member,"B.COM, CO-OPERATION",1,recognized qualification,1
2010,block_member,"B.COM, LLB",1,recognized qualification,1
2010,block_member,"B.COM, PGDCA",1,recognized qualification,1
2010,block_member,"B.COM,LLB",1,recognized qualification,2
2010,block_member,"B.COM,TALLY AND DCA",1,recognized qualification,1
2010,block_member,B.COM.,1,recognized qualification,1
2010,block_member,B.COM. CO-OPERATION,1,recognized qualification,1
2010,block_member,B.ED,1,recognized qualification,2
2010,block_member,B.PHARM,1,recognized qualification,1
2010,block_member,B.SC,1,recognized qualification,10
2010,block_member,"B.SC , B.ED",1,recognized qualification,1
2010,block_member,B.SC L.L.B,1,recognized qualification,2
2010,block_member,B.SC MATHEMATICS,1,recognized qualification,1
2010,block_member,B.SC(BOTANY),1,recognized qualification,1
2010,block_member,"B.SC(ZOOLOGY), HDC",1,recognized qualification,1
2010,block_member,"B.SC, B.ED",1,recognized qualification,2
2010,block_member,"B.SC, L.L.B DOING",1,recognized qualification,1
2010,block_member,"B.SC, P.G.D.C.A, LLB",1,recognized qualification,1
2010,block_member,"B.SC,B.ED",1,recognized qualification,3
2010,block_member,B.SC. L.L.B,1,recognized qualification,1
2010,block_member,B.SC. LLB,1,recognized qualification,1
2010,block_member,"B.SC., B.ED",1,recognized qualification,1
2010,block_member,"B.SC., B.ED.",1,recognized qualification,1
2010,block_member,"B.SC., L.L.B",1,recognized qualification,1
2010,block_member,"B.SC.,BED",1,recognized qualification,1
2010,block_member,B.TECH(CIVIL),1,recognized qualification,1
2010,block_member,BA,1,recognized qualification,38
2010,block_member,BA (DEGREE),1,recognized qualification,1
2010,block_member,BA (MALAYALAM),1,recognized qualification,1
2010,block_member,BA - BED,1,recognized qualification,1
2010,block_member,BA BED,1,recognized qualification,1
2010,block_member,BA DEGREE,1,recognized qualification,2
2010,block_member,"BA DEGREE, HDC",1,recognized qualification,1
2010,block_member,BA ECONOMICS,1,recognized qualification,3
2010,block_member,BA LLB,1,recognized qualification,2
2010,block_member,BA MALAYALAM,1,recognized qualification,1
2010,block_member,BA NOT COMPLETED,NA,unclassified,1
2010,block_member,BA SOCIOLOGY,1,recognized qualification,1
2010,block_member,"BA SOCIOLOGY,TTC",1,recognized qualification,1
2010,block_member,BA(LIBERALISED SCHEME),1,recognized qualification,1
2010,block_member,"BA, B.ED",1,recognized qualification,4
2010,block_member,"BA, B.ED(SS), B.ED(H.I)",1,recognized qualification,1
2010,block_member,"BA, BAM,MIINT",1,recognized qualification,1
2010,block_member,"BA, BED",1,recognized qualification,4
2010,block_member,"BA, ECONOMICS",1,recognized qualification,1
2010,block_member,"BA, GDC(CO-OPERATION)",1,recognized qualification,1
2010,block_member,"BA, LLB",1,recognized qualification,7
2010,block_member,"BA, MA (MALAYALAM)",1,recognized qualification,1
2010,block_member,"BA, TTC",1,recognized qualification,2
2010,block_member,"BA,BED",1,recognized qualification,2
2010,block_member,"BA,HEALTH INSPECTOR",1,recognized qualification,1
2010,block_member,"BA,LLB",1,recognized qualification,2
2010,block_member,"BA,TTC",1,recognized qualification,1
2010,block_member,BA. BED,1,recognized qualification,1
2010,block_member,"BA. ENG.,PGDCA",1,recognized qualification,1
2010,block_member,"BA.BED, MA",1,recognized qualification,1
2010,block_member,BCOM,1,recognized qualification,7
2010,block_member,BCOM BED,1,recognized qualification,1
2010,block_member,"BCOM,HDC",1,recognized qualification,1
2010,block_member,"BCOM,TTC",1,recognized qualification,1
2010,block_member,BED,1,recognized qualification,1
2010,block_member,BPT,1,recognized qualification,1
2010,block_member,BSC,1,recognized qualification,9
2010,block_member,BSC BED,1,recognized qualification,1
2010,block_member,"BSC COMPLETED, P.P.T.T.C",1,recognized qualification,1
2010,block_member,BSC MATHS,1,recognized qualification,1
2010,block_member,BSC PHYSICS,1,recognized qualification,1
2010,block_member,BSC(MATHS),1,recognized qualification,1
2010,block_member,"BSC, B.ED",1,recognized qualification,2
2010,block_member,"BSC, B.ED.",1,recognized qualification,1
2010,block_member,"BSC, BED",1,recognized qualification,3
2010,block_member,"BSC, BED, MA",1,recognized qualification,1
2010,block_member,"BSC, HINDI TTC",1,recognized qualification,1
2010,block_member,"BSC, LLB",1,recognized qualification,4
2010,block_member,"BSC,LLB",1,recognized qualification,1
2010,block_member,BSC- MATHS,1,recognized qualification,1
2010,block_member,BSC. B.ED.,1,recognized qualification,1
2010,block_member,BSC. ENGG(ELECTRICAL),1,recognized qualification,1
2010,block_member,BSC.BED,NA,unclassified,1
2010,block_member,CIVIL ENGINEERING DIPLOMA,0,recognized qualification,1
2010,block_member,CIVIL ENGNEERING DIPLOMA,0,recognized qualification,1
2010,block_member,COMPUTER KNOWLEDGE,NA,unclassified,1
2010,block_member,CPED,NA,unclassified,1
2010,block_member,D-CIVIL (I T I),NA,unclassified,1
2010,block_member,DEGREE,1,recognized qualification,21
2010,block_member,DEGREE (ARABIC),1,recognized qualification,1
2010,block_member,DEGREE B.COM,1,recognized qualification,1
2010,block_member,DEGREE BED,1,recognized qualification,1
2010,block_member,DEGREE COMPLETED,1,recognized qualification,2
2010,block_member,DEGREE OF RASTRA BHASHA VISARATH,1,recognized qualification,1
2010,block_member,"DEGREE, B.ED",1,recognized qualification,1
2010,block_member,"DEGREE, BED",1,recognized qualification,1
2010,block_member,"DEGREE, T.T.C",1,recognized qualification,1
2010,block_member,"DEGREE,TTC",1,recognized qualification,1
2010,block_member,DILPOMA IN ELECTRICALS,NA,unclassified,1
2010,block_member,DIPLOMA,0,recognized qualification,5
2010,block_member,DIPLOMA IN AUTOMOBILE,0,recognized qualification,1
2010,block_member,DIPLOMA IN CIVIL ENGINEERING,0,recognized qualification,2
2010,block_member,DIPLOMA IN COMPUTER,0,recognized qualification,1
2010,block_member,DIPLOMA IN ELECTRONICS,0,recognized qualification,1
2010,block_member,DIPLOMA IN G N M,0,recognized qualification,1
2010,block_member,EIGHT,NA,unclassified,1
2010,block_member,EIGHTH,0,recognized qualification,1
2010,block_member,EIGHTH STANDARD,0,recognized qualification,2
2010,block_member,EIGHTH STANDARED,0,recognized qualification,1
2010,block_member,EIGHTH STD,0,recognized qualification,2
2010,block_member,ENGINEERING DIPLOMA,0,recognized qualification,1
2010,block_member,FIFTH,0,recognized qualification,1
2010,block_member,FIFTH CLASS,0,recognized qualification,1
2010,block_member,FIFTH STANDARD,0,recognized qualification,2
2010,block_member,FIFTH STD,0,recognized qualification,1
2010,block_member,FORTH STANDARED,NA,unclassified,1
2010,block_member,FORTH STD,NA,unclassified,1
2010,block_member,GENERAL NURSING AND MIDWIFERY,NA,unclassified,1
2010,block_member,GRADUATE,1,recognized qualification,1
2010,block_member,GRADUATION,1,recognized qualification,3
2010,block_member,GRADUATION PASSED,1,recognized qualification,2
2010,block_member,"GRADUATION, BED",1,recognized qualification,1
2010,block_member,HIGH SCHOOL EDUCATION,0,recognized qualification,1
2010,block_member,HIGHER SECONDARY,0,recognized qualification,5
2010,block_member,HINDI B.ED,1,recognized qualification,1
2010,block_member,HINDI BA,1,recognized qualification,1
2010,block_member,HINDI T.T.C.,0,recognized qualification,1
2010,block_member,HINDI TEACHERS TRAINING COURSE,NA,unclassified,1
2010,block_member,I.T.C,0,recognized qualification,1
2010,block_member,I.T.I,0,recognized qualification,1
2010,block_member,III RD CLASS,NA,unclassified,1
2010,block_member,III RD STD,NA,unclassified,1
2010,block_member,III- RD CLASS,NA,unclassified,1
2010,block_member,IT I,NA,unclassified,1
2010,block_member,ITI,0,recognized qualification,2
2010,block_member,IX,0,recognized qualification,1
2010,block_member,IX TH STANDARED,0,recognized qualification,1
2010,block_member,IX TH STD,0,recognized qualification,3
2010,block_member,IXTH,NA,unclassified,1
2010,block_member,IXTH STANDARD,NA,unclassified,1
2010,block_member,J.D.C,NA,unclassified,1
2010,block_member,JDC,NA,unclassified,1
2010,block_member,K G T E (AGRICULTURE),NA,unclassified,1
2010,block_member,KGCE IN CIVIL,NA,unclassified,1
2010,block_member,L.L.B,1,recognized qualification,4
2010,block_member,L.L.B (DOING),1,recognized qualification,1
2010,block_member,"L.L.B ,D.L.L - BA",1,recognized qualification,1
2010,block_member,L.L.B STUDENT,1,recognized qualification,1
2010,block_member,LL.M,1,recognized qualification,1
2010,block_member,LLB,1,recognized qualification,5
2010,block_member,M A,1,recognized qualification,3
2010,block_member,M A B ED,1,recognized qualification,1
2010,block_member,M A ECONOMICS,1,recognized qualification,1
2010,block_member,M A KANNADA LTR.,1,recognized qualification,1
2010,block_member,M A SOCIOLOGY,1,recognized qualification,1
2010,block_member,"M A, BED",1,recognized qualification,1
2010,block_member,"M A, MPHIL,BED",1,recognized qualification,1
2010,block_member,M COM,1,recognized qualification,3
2010,block_member,"M SC, B ED",1,recognized qualification,1
2010,block_member,"M SC. , MPHIL, PHD",1,recognized qualification,1
2010,block_member,M. A B ED,1,recognized qualification,1
2010,block_member,M. COM L.L.B,1,recognized qualification,1
2010,block_member,"M. S. W, L.L.B.",1,recognized qualification,1
2010,block_member,M.A,1,recognized qualification,9
2010,block_member,"M.A ,L.L.B",1,recognized qualification,1
2010,block_member,M.A ECONOMICS,1,recognized qualification,1
2010,block_member,"M.A, BED",1,recognized qualification,1
2010,block_member,"M.A, L.L.B",1,recognized qualification,1
2010,block_member,"M.A, M.PHIL, PHD",1,recognized qualification,1
2010,block_member,"M.A,B.ED",1,recognized qualification,3
2010,block_member,"M.A,B.ED,M.PHIL,UGC",1,recognized qualification,1
2010,block_member,"M.A,BED",1,recognized qualification,1
2010,block_member,"M.A,BED,SET",1,recognized qualification,1
2010,block_member,"M.A,H.D.C",1,recognized qualification,1
2010,block_member,M.A. (LTTC),1,recognized qualification,1
2010,block_member,M.A. B.ED,1,recognized qualification,1
2010,block_member,M.A. ECNOMICS,1,recognized qualification,1
2010,block_member,M.A. SET,1,recognized qualification,1
2010,block_member,M.A.B.ED.,NA,unclassified,1
2010,block_member,M.A.ECONOMICS,NA,unclassified,1
2010,block_member,M.COM,1,recognized qualification,8
2010,block_member,"M.COM, PGDCA",1,recognized qualification,1
2010,block_member,M.SC,1,recognized qualification,1
2010,block_member,"M.SC ,B.ED",1,recognized qualification,1
2010,block_member,"M.SC,B.ED (MATHEMATICS)",1,recognized qualification,1
2010,block_member,M.SC. COMPLEETED,1,recognized qualification,1
2010,block_member,"M.SC.ELECTRONICS, M-PHIL",NA,unclassified,1
2010,block_member,MA,1,recognized qualification,7
2010,block_member,MA (COURSE COMPLETED),NA,unclassified,1
2010,block_member,"MA , BED",1,recognized qualification,1
2010,block_member,"MA , LLB",1,recognized qualification,1
2010,block_member,MA B.ED,1,recognized qualification,1
2010,block_member,MA BED LLB,1,recognized qualification,1
2010,block_member,"MA, B ED, SET, DOING MSC APPILED PSYCHOLOGY",1,recognized qualification,1
2010,block_member,"MA, B.ED",1,recognized qualification,1
2010,block_member,"MA, BED",1,recognized qualification,3
2010,block_member,"MA, BED JOURNALISM",1,recognized qualification,1
2010,block_member,"MA, LLB",1,recognized qualification,2
2010,block_member,"MA,BED",1,recognized qualification,1
2010,block_member,"MA,MPHIL,B.ED,PHD",1,recognized qualification,1
2010,block_member,MA.BED,NA,unclassified,1
2010,block_member,MALAYALAM,NA,unclassified,2
2010,block_member,MALAYALAM VIDWAN,NA,unclassified,1
2010,block_member,MBA,1,recognized qualification,1
2010,block_member,"MGTE (AGRICULTURE ),COMPUTER(DOA)DIPLOMA IN OFFICE AUTOMATION",0,recognized qualification,1
2010,block_member,"MHRM POST GRADUATE,POST GRADUATE DIPLOMA IN CRIMINOLOGY",1,recognized qualification,1
2010,block_member,MSC,1,recognized qualification,3
2010,block_member,"MSC (COURSE COMPLETED), HDC",NA,unclassified,1
2010,block_member,MSC COMPUTER SCIENCE,1,recognized qualification,1
2010,block_member,"MSC, BED, MPHIL",1,recognized qualification,1
2010,block_member,"MSC, LLB",1,recognized qualification,1
2010,block_member,NCVT IN DRAUGHTSMAN CIVIL,NA,unclassified,1
2010,block_member,NINE,NA,unclassified,1
2010,block_member,NINETH STANDARD,0,recognized qualification,2
2010,block_member,NINETH STANDARED,0,recognized qualification,1
2010,block_member,NINTH,0,recognized qualification,3
2010,block_member,NINTH STD,0,recognized qualification,2
2010,block_member,P D C,0,recognized qualification,39
2010,block_member,P D C COMPLETED,0,recognized qualification,1
2010,block_member,"P D C, ELECTRICAL DIPLOMA",0,recognized qualification,1
2010,block_member,"P D C, HINDI PRAVEEN",0,recognized qualification,1
2010,block_member,"P D C,COMPUTER",0,recognized qualification,1
2010,block_member,"P D C,L T T SANSKRIT",0,recognized qualification,1
2010,block_member,P G,NA,unclassified,1
2010,block_member,P. D.C,NA,unclassified,2
2010,block_member,P.D.C,0,recognized qualification,56
2010,block_member,P.D.C (HIGHER SECONDARY),0,recognized qualification,2
2010,block_member,"P.D.C , T.T.C",0,recognized qualification,1
2010,block_member,P.D.C FAILED,0,recognized qualification,1
2010,block_member,P.D.C WITH DIPLOMA IN BUSINESS ADMINISTRATION,0,recognized qualification,1
2010,block_member,P.D.C WITH TYPEWRITING,0,recognized qualification,1
2010,block_member,P.D.C(HIGHER SECONDARY ),0,recognized qualification,1
2010,block_member,"P.D.C, BA FAILED",NA,unclassified,1
2010,block_member,"P.D.C, DCA",0,recognized qualification,1
2010,block_member,"P.D.C, I.T.C",0,recognized qualification,1
2010,block_member,"P.D.C, ITI",0,recognized qualification,2
2010,block_member,"P.D.C, NTTC",0,recognized qualification,1
2010,block_member,"P.D.C, SURVEY",0,recognized qualification,1
2010,block_member,"P.D.C, T.T.C",0,recognized qualification,2
2010,block_member,"P.D.C,.A.N.M",0,recognized qualification,1
2010,block_member,"P.D.C,D.P.T",0,recognized qualification,1
2010,block_member,"P.D.C,I.T.I",0,recognized qualification,1
2010,block_member,"P.D.C,T.T.C",0,recognized qualification,1
2010,block_member,P.D.C.,0,recognized qualification,7
2010,block_member,"P.U.C,T.T.C",0,recognized qualification,1
2010,block_member,PASSED VII,0,recognized qualification,1
2010,block_member,PDC,0,recognized qualification,83
2010,block_member,"PDC , TTC",0,recognized qualification,1
2010,block_member,PDC WITH JPHN COURSE,0,recognized qualification,1
2010,block_member,"PDC, BSC",1,recognized qualification,1
2010,block_member,"PDC, ITC",0,recognized qualification,1
2010,block_member,"PDC, ITI",0,recognized qualification,1
2010,block_member,"PDC, K.G.T.C.",0,recognized qualification,1
2010,block_member,"PDC, KGTE DIPLOMA",0,recognized qualification,1
2010,block_member,"PDC, TTC",0,recognized qualification,1
2010,block_member,"PDC,HINDI BHOOSHAN",0,recognized qualification,1
2010,block_member,"PDC,ITC",0,recognized qualification,1
2010,block_member,"PDC,JDC",0,recognized qualification,2
2010,block_member,"PDC,TTC",0,recognized qualification,1
2010,block_member,PDC.DIPLOMA IN AUTOMOBILE ENG.,NA,unclassified,1
2010,block_member,PLUS 2,0,recognized qualification,1
2010,block_member,PLUS TWO,0,recognized qualification,5
2010,block_member,"PLUS TWO, DIPLOMA X-RAY TECH.",0,recognized qualification,1
2010,block_member,POLITICS,NA,unclassified,1
2010,block_member,PRE - DEGREE,0,recognized qualification,1
2010,block_member,PRE -DEGREE,0,recognized qualification,2
2010,block_member,PRE DEGREE,0,recognized qualification,63
2010,block_member,PRE DEGREE & DIPLOMA,0,recognized qualification,1
2010,block_member,PRE DEGREE COURSE,0,recognized qualification,5
2010,block_member,"PRE DEGREE, BCOM",0,recognized qualification,2
2010,block_member,"PRE DEGREE, D PHARM",0,recognized qualification,1
2010,block_member,"PRE DEGREE, ITI",0,recognized qualification,1
2010,block_member,"PRE DEGREE,DIPLOMA IN RADIOGRAPHY",0,recognized qualification,1
2010,block_member,"PRE DEGREE,POLY DIPLOMA",0,recognized qualification,1
2010,block_member,PRE- DEGREE,0,recognized qualification,8
2010,block_member,PRE- DIGREE,0,recognized qualification,1
2010,block_member,PRE-DEGREE,0,recognized qualification,50
2010,block_member,PRE-DEGREE COURSE,0,recognized qualification,4
2010,block_member,"PRE-DEGREE, I.T.I",0,recognized qualification,1
2010,block_member,"PRE-DEGREE, ITI ELECTRONICS",0,recognized qualification,1
2010,block_member,"PRE-DEGREE, T.T.C",0,recognized qualification,1
2010,block_member,"PRE-DEGREE,DIPLOMA",0,recognized qualification,1
2010,block_member,"PRE-DEGREE,TYPE WRITING",0,recognized qualification,1
2010,block_member,PRE.DEGREE,0,recognized qualification,1
2010,block_member,PREDEGREE,0,recognized qualification,6
2010,block_member,"PREDEGREE ,NURSING",0,recognized qualification,1
2010,block_member,"PREDEGREE, ITI,COMPUTER",0,recognized qualification,1
2010,block_member,"PREDEGREE,ITC.ELECTRONIC MECHANIC",0,recognized qualification,1
2010,block_member,PREE DEGREE,0,recognized qualification,13
2010,block_member,"PREE DEGREE ,DIPLOMA",0,recognized qualification,1
2010,block_member,PREEDEGREE,0,recognized qualification,2
2010,block_member,PREEDEGREE FAIL,0,recognized qualification,1
2010,block_member,PRELIMINARY,NA,unclassified,1
2010,block_member,PRIMARY,0,recognized qualification,1
2010,block_member,PUC,0,recognized qualification,2
2010,block_member,RT. TEACHER,NA,unclassified,1
2010,block_member,S S L C,0,recognized qualification,145
2010,block_member,S S L C & B A FAILED,NA,unclassified,1
2010,block_member,S S L C & ITI,0,recognized qualification,1
2010,block_member,"S S L C , T T C",0,recognized qualification,1
2010,block_member,S S L C FAIL,0,recognized qualification,1
2010,block_member,S S L C FAILED,0,recognized qualification,4
2010,block_member,S S L C JDC,0,recognized qualification,1
2010,block_member,S S L C PASSED,0,recognized qualification,1
2010,block_member,S S L C& I T I,0,recognized qualification,1
2010,block_member,S S L C& P D C,0,recognized qualification,1
2010,block_member,"S S L C, FCI",0,recognized qualification,1
2010,block_member,"S S L C, I.T.I",0,recognized qualification,1
2010,block_member,"S S L C, I.T.I.",0,recognized qualification,1
2010,block_member,"S S L C, J D C",0,recognized qualification,1
2010,block_member,"S S L C, M L T",0,recognized qualification,1
2010,block_member,"S S L C, T T C",0,recognized qualification,2
2010,block_member,"S S L C,PDC,LLB COMPLETED",1,recognized qualification,1
2010,block_member,"S S L C,TTC",0,recognized qualification,1
2010,block_member,S S L. C,0,recognized qualification,1
2010,block_member,S S LC,0,recognized qualification,4
2010,block_member,"S S LC, TTC",0,recognized qualification,1
2010,block_member,S. S. L. C,0,recognized qualification,4
2010,block_member,S.S.L.C,0,recognized qualification,279
2010,block_member,S.S.L.C (HINDI SAHITYA CHARYA),0,recognized qualification,1
2010,block_member,"S.S.L.C , ITA",0,recognized qualification,1
2010,block_member,"S.S.L.C , T.T.C",0,recognized qualification,1
2010,block_member,"S.S.L.C ,PRE-DEGREE",0,recognized qualification,1
2010,block_member,"S.S.L.C ,TTC",0,recognized qualification,1
2010,block_member,S.S.L.C AFSAL UL-ULUMA,0,recognized qualification,1
2010,block_member,S.S.L.C FAIL,0,recognized qualification,1
2010,block_member,S.S.L.C FAILED,0,recognized qualification,5
2010,block_member,S.S.L.C K.G.T. T.E.N COURSE,0,recognized qualification,1
2010,block_member,S.S.L.C PASSED,0,recognized qualification,4
2010,block_member,"S.S.L.C,",0,recognized qualification,4
2010,block_member,"S.S.L.C, A.N.M",0,recognized qualification,1
2010,block_member,"S.S.L.C, A/U FINAL",0,recognized qualification,1
2010,block_member,"S.S.L.C, AIRCONDITION DIPLOMA",0,recognized qualification,1
2010,block_member,"S.S.L.C, ITC",0,recognized qualification,1
2010,block_member,"S.S.L.C, ITI",0,recognized qualification,4
2010,block_member,"S.S.L.C, ITI, P.D.C",0,recognized qualification,1
2010,block_member,"S.S.L.C, J.D.C.",0,recognized qualification,1
2010,block_member,"S.S.L.C, JDC",0,recognized qualification,1
2010,block_member,"S.S.L.C, L.T.T, MALAYALAM VIDWAN",0,recognized qualification,1
2010,block_member,"S.S.L.C, T.T.C",0,recognized qualification,3
2010,block_member,"S.S.L.C,AUE",0,recognized qualification,1
2010,block_member,"S.S.L.C,C P ED",0,recognized qualification,1
2010,block_member,"S.S.L.C,I.T.I",0,recognized qualification,4
2010,block_member,"S.S.L.C,ITI",0,recognized qualification,1
2010,block_member,"S.S.L.C,PREDEGREE",0,recognized qualification,1
2010,block_member,"S.S.L.C,T.T.C",0,recognized qualification,1
2010,block_member,S.S.L.C-T.T.C,0,recognized qualification,1
2010,block_member,S.S.L.C.,0,recognized qualification,23
2010,block_member,"S.S.L.C., KGTE (TYPEWRITING)",0,recognized qualification,1
2010,block_member,"S.S.L.C., P.D.C.,T.T.C",0,recognized qualification,1
2010,block_member,"S.S.L.C., VISARATH",0,recognized qualification,1
2010,block_member,S.S.LC.,0,recognized qualification,8
2010,block_member,"S.S.LC., T.T.C",0,recognized qualification,1
2010,block_member,S.S.SL.C,NA,unclassified,1
2010,block_member,S.SL.C,0,recognized qualification,1
2010,block_member,S.SLC,0,recognized qualification,1
2010,block_member,SANSKRIT TEACHERS EXAM,NA,unclassified,1
2010,block_member,SEVENTH,0,recognized qualification,2
2010,block_member,SEVENTH PASSED,0,recognized qualification,2
2010,block_member,SEVENTH STANDARD,0,recognized qualification,1
2010,block_member,SEVENTH STANDERED,0,recognized qualification,1
2010,block_member,SEVENTH STD,0,recognized qualification,1
2010,block_member,SEVENTH STD PASSED,0,recognized qualification,2
2010,block_member,SSC,0,recognized qualification,1
2010,block_member,SSC HINDI (LTT),0,recognized qualification,1
2010,block_member,SSLC,0,recognized qualification,248
2010,block_member,SSLC & JDC,0,recognized qualification,1
2010,block_member,SSLC & TTC,0,recognized qualification,1
2010,block_member,SSLC ( FAILED ),0,recognized qualification,1
2010,block_member,"SSLC ,KGTE",0,recognized qualification,1
2010,block_member,SSLC - FAILED,0,recognized qualification,1
2010,block_member,SSLC FAILED,0,recognized qualification,3
2010,block_member,SSLC JHI,0,recognized qualification,1
2010,block_member,"SSLC, D/CIVIL",0,recognized qualification,1
2010,block_member,"SSLC, HINDI ACHARIYA",0,recognized qualification,1
2010,block_member,"SSLC, JDC",0,recognized qualification,1
2010,block_member,"SSLC, PDC",0,recognized qualification,1
2010,block_member,"SSLC, T T C",0,recognized qualification,1
2010,block_member,"SSLC, TCH",0,recognized qualification,1
2010,block_member,"SSLC, TTC",0,recognized qualification,3
2010,block_member,"SSLC, VHSE, TTC, DCA",0,recognized qualification,1
2010,block_member,"SSLC,DIPLOMA",0,recognized qualification,1
2010,block_member,"SSLC,ITI",0,recognized qualification,1
2010,block_member,"SSLC,JDC",0,recognized qualification,2
2010,block_member,"SSLC,PDC,TTC",0,recognized qualification,1
2010,block_member,"SSLC,TTC",0,recognized qualification,4
2010,block_member,T H S L C,NA,unclassified,1
2010,block_member,T T C,0,recognized qualification,1
2010,block_member,T.H.S.L.C,NA,unclassified,1
2010,block_member,T.T.C,0,recognized qualification,2
2010,block_member,TEACHER TRAINIG,NA,unclassified,1
2010,block_member,TENTH STANDARD,0,recognized qualification,1
2010,block_member,THSLC,NA,unclassified,1
2010,block_member,TTC,0,recognized qualification,1
2010,block_member,"TTC, HINDI",0,recognized qualification,1
2010,block_member,"TTC,BA",1,recognized qualification,1
2010,block_member,URUDU,NA,unclassified,1
2010,block_member,V,0,recognized qualification,1
2010,block_member,V - STD,0,recognized qualification,1
2010,block_member,V H S E,0,recognized qualification,1
2010,block_member,V TH,0,recognized qualification,3
2010,block_member,V TH STANDARD,0,recognized qualification,2
2010,block_member,V.H.S.C,0,recognized qualification,2
2010,block_member,V.H.S.E,0,recognized qualification,2
2010,block_member,V.H.S.E.,0,recognized qualification,1
2010,block_member,VII,0,recognized qualification,4
2010,block_member,VII - STD,0,recognized qualification,2
2010,block_member,VII TH STD,0,recognized qualification,3
2010,block_member,VIII,0,recognized qualification,5
2010,block_member,VIII TH,0,recognized qualification,1
2010,block_member,VIIITH STD,NA,unclassified,1
2010,block_member,VIITH,NA,unclassified,1
2010,block_member,VITH STD,NA,unclassified,1
2010,block_member,X TH STANDARAD,0,recognized qualification,1
2010,block_member,NA,NA,missing or unspecified,101
2010,gp_ward,(DIPLOMA) COMPUTER ENGINEERING,0,recognized qualification,1
2010,gp_ward,"+ 2, I.T.C",0,recognized qualification,1
2010,gp_ward,+1,NA,unclassified,1
2010,gp_ward,+11,NA,unclassified,1
2010,gp_ward,+2,0,recognized qualification,33
2010,gp_ward,+2 CHAIN SURVEY,NA,unclassified,1
2010,gp_ward,+2 ITI CIVIL,0,recognized qualification,1
2010,gp_ward,+2 STD,NA,unclassified,1
2010,gp_ward,+2(PLUSE TWO),NA,unclassified,1
2010,gp_ward,"+2, HINDI PRAVEEN, J DC, ITC ELECTRONICS",0,recognized qualification,1
2010,gp_ward,"+2, ITI",0,recognized qualification,1
2010,gp_ward,"+2, LIFT, COMPUTER",NA,unclassified,1
2010,gp_ward,"+2,BA",1,recognized qualification,1
2010,gp_ward,"+2,GNM",NA,unclassified,1
2010,gp_ward,"+2,ITC",0,recognized qualification,1
2010,gp_ward,"+2,TTC",0,recognized qualification,3
2010,gp_ward,.,NA,unclassified,2
2010,gp_ward,.S.S.L.C,0,recognized qualification,1
2010,gp_ward,07 CLASS,NA,unclassified,1
2010,gp_ward,10,0,recognized qualification,26
2010,gp_ward,10 FAILED,NA,unclassified,1
2010,gp_ward,10 STD,0,recognized qualification,2
2010,gp_ward,10 STD FAILED,NA,unclassified,2
2010,gp_ward,10 TH,0,recognized qualification,4
2010,gp_ward,10 TH CLASS,0,recognized qualification,3
2010,gp_ward,10 TH FAILED,NA,unclassified,1
2010,gp_ward,10 TH PASS,0,recognized qualification,8
2010,gp_ward,10 TH STANDARAD,NA,unclassified,1
2010,gp_ward,10 TH STANDARD,0,recognized qualification,3
2010,gp_ward,10 TH STANDARED,NA,unclassified,1
2010,gp_ward,10 TH STANDARED FAILED,NA,unclassified,1
2010,gp_ward,10 TH STANDARED PASSED,NA,unclassified,1
2010,gp_ward,10 TH STD,0,recognized qualification,3
2010,gp_ward,"10, ITC",0,recognized qualification,1
2010,gp_ward,10TH,0,recognized qualification,13
2010,gp_ward,10TH FAILED,NA,unclassified,6
2010,gp_ward,10TH PASS,0,recognized qualification,3
2010,gp_ward,"10TH PASS, DIPLOMA",0,recognized qualification,1
2010,gp_ward,10TH STANDARD,0,recognized qualification,6
2010,gp_ward,10TH STD,0,recognized qualification,7
2010,gp_ward,10TH STD. (FAILED),NA,unclassified,1
2010,gp_ward,10\\\\\\\\\\\\\\\'TH STANDARED,NA,unclassified,1
2010,gp_ward,11,0,recognized qualification,1
2010,gp_ward,12,0,recognized qualification,1
2010,gp_ward,2 CLASS,0,recognized qualification,1
2010,gp_ward,2 ND STANDERD,NA,unclassified,1
2010,gp_ward,2 STANDRED,NA,unclassified,1
2010,gp_ward,2ND STANDARD,0,recognized qualification,1
2010,gp_ward,2ND STD,0,recognized qualification,4
2010,gp_ward,3,0,recognized qualification,3
2010,gp_ward,3 RD STANDARD,0,recognized qualification,2
2010,gp_ward,3 STD,0,recognized qualification,1
2010,gp_ward,3 TH STD,0,recognized qualification,1
2010,gp_ward,3RD,0,recognized qualification,1
2010,gp_ward,3RD STANDARD,0,recognized qualification,4
2010,gp_ward,3RD STD,0,recognized qualification,3
2010,gp_ward,4,0,recognized qualification,10
2010,gp_ward,4 CLASS,0,recognized qualification,2
2010,gp_ward,4 STANDADRD,NA,unclassified,1
2010,gp_ward,4 STANDARD,0,recognized qualification,1
2010,gp_ward,4 STD,0,recognized qualification,2
2010,gp_ward,4 TH,0,recognized qualification,5
2010,gp_ward,4 TH CLASS,0,recognized qualification,5
2010,gp_ward,4 TH PASSED,NA,unclassified,1
2010,gp_ward,4 TH STANDARD,0,recognized qualification,5
2010,gp_ward,4 TH STANDERED,NA,unclassified,1
2010,gp_ward,4 TH STD,0,recognized qualification,15
2010,gp_ward,4 TH STD.,0,recognized qualification,2
2010,gp_ward,4-STANDARD,0,recognized qualification,1
2010,gp_ward,4-STANDARED,NA,unclassified,1
2010,gp_ward,4TH,0,recognized qualification,8
2010,gp_ward,4TH CLASS,0,recognized qualification,3
2010,gp_ward,4TH STANDARD,0,recognized qualification,6
2010,gp_ward,4TH STANDERD,NA,unclassified,1
2010,gp_ward,4TH STANDERED,NA,unclassified,1
2010,gp_ward,4TH STD,0,recognized qualification,11
2010,gp_ward,4TH STD PASS,NA,unclassified,1
2010,gp_ward,4TH STD.,0,recognized qualification,1
2010,gp_ward,5,0,recognized qualification,19
2010,gp_ward,5 CLASS,0,recognized qualification,3
2010,gp_ward,5 CLASS PASSED,NA,unclassified,1
2010,gp_ward,5 STD,0,recognized qualification,5
2010,gp_ward,5 TH,0,recognized qualification,4
2010,gp_ward,5 TH CLASS,0,recognized qualification,1
2010,gp_ward,5 TH PASSED,NA,unclassified,1
2010,gp_ward,5 TH STANDARD,0,recognized qualification,7
2010,gp_ward,5 TH STD,0,recognized qualification,12
2010,gp_ward,5 TH STD.,0,recognized qualification,2
2010,gp_ward,5TH,0,recognized qualification,11
2010,gp_ward,5TH CLASS,0,recognized qualification,5
2010,gp_ward,5TH STANDARD,0,recognized qualification,21
2010,gp_ward,5TH STANDERD,NA,unclassified,2
2010,gp_ward,5TH STANDERED,NA,unclassified,3
2010,gp_ward,5TH STD,0,recognized qualification,21
2010,gp_ward,5TH STD.,0,recognized qualification,1
2010,gp_ward,5TH- STD,0,recognized qualification,1
2010,gp_ward,6,0,recognized qualification,15
2010,gp_ward,6 CLASS,0,recognized qualification,2
2010,gp_ward,6 PASS,0,recognized qualification,1
2010,gp_ward,6 STANDARD,0,recognized qualification,1
2010,gp_ward,6 STANDRED,NA,unclassified,1
2010,gp_ward,6 STD,0,recognized qualification,2
2010,gp_ward,6 TH,0,recognized qualification,5
2010,gp_ward,6 TH CLASS,0,recognized qualification,3
2010,gp_ward,6 TH STANDARD,0,recognized qualification,6
2010,gp_ward,6 TH STANDERED,NA,unclassified,2
2010,gp_ward,6 TH STD,0,recognized qualification,8
2010,gp_ward,6-STANDARED,NA,unclassified,1
2010,gp_ward,6TH,0,recognized qualification,5
2010,gp_ward,6TH CLASS,0,recognized qualification,4
2010,gp_ward,6TH STANDARD,0,recognized qualification,17
2010,gp_ward,6TH STANDARED,NA,unclassified,1
2010,gp_ward,6TH STANDERED,NA,unclassified,1
2010,gp_ward,6TH STD,0,recognized qualification,15
2010,gp_ward,6TH STD.,0,recognized qualification,1
2010,gp_ward,6\'TH STANDERD,NA,unclassified,1
2010,gp_ward,7,0,recognized qualification,54
2010,gp_ward,7 - CLASS PASSED,NA,unclassified,1
2010,gp_ward,7 CLASS,0,recognized qualification,3
2010,gp_ward,7 NTH STANDERD,NA,unclassified,1
2010,gp_ward,7 STANDARD,0,recognized qualification,3
2010,gp_ward,7 STANDRED,NA,unclassified,2
2010,gp_ward,7 STD,0,recognized qualification,11
2010,gp_ward,7 TH,0,recognized qualification,24
2010,gp_ward,7 TH CLASS,0,recognized qualification,11
2010,gp_ward,7 TH PASS,0,recognized qualification,1
2010,gp_ward,7 TH STANDARD,0,recognized qualification,15
2010,gp_ward,7 TH STANDERD,NA,unclassified,1
2010,gp_ward,7 TH STANDERED,NA,unclassified,1
2010,gp_ward,7 TH STD,0,recognized qualification,20
2010,gp_ward,7 TH STD.,0,recognized qualification,5
2010,gp_ward,7-,0,recognized qualification,1
2010,gp_ward,7- TH STD,0,recognized qualification,1
2010,gp_ward,7-CLASS,0,recognized qualification,1
2010,gp_ward,7-STANDARED,NA,unclassified,1
2010,gp_ward,7-TH,0,recognized qualification,1
2010,gp_ward,7.STD,NA,unclassified,1
2010,gp_ward,7NTH STD,NA,unclassified,1
2010,gp_ward,7TH,0,recognized qualification,26
2010,gp_ward,7TH CLASS,0,recognized qualification,26
2010,gp_ward,7TH PASS,0,recognized qualification,3
2010,gp_ward,7TH PASSED,NA,unclassified,3
2010,gp_ward,7TH STANDANDARED,NA,unclassified,1
2010,gp_ward,7TH STANDARD,0,recognized qualification,74
2010,gp_ward,7TH STANDARED,NA,unclassified,2
2010,gp_ward,7TH STANDERD,NA,unclassified,6
2010,gp_ward,7TH STANDERED,NA,unclassified,1
2010,gp_ward,7TH STANDRAD,NA,unclassified,2
2010,gp_ward,7TH STD,0,recognized qualification,63
2010,gp_ward,7TH STD PASSED,NA,unclassified,1
2010,gp_ward,7TH STD.,0,recognized qualification,7
2010,gp_ward,7THE STANDARD,NA,unclassified,1
2010,gp_ward,7THSTANDARD,NA,unclassified,1
2010,gp_ward,7THSTD,NA,unclassified,2
2010,gp_ward,7TT,NA,unclassified,2
2010,gp_ward,8,0,recognized qualification,41
2010,gp_ward,8 CLASS,0,recognized qualification,2
2010,gp_ward,8 STANDARD,0,recognized qualification,4
2010,gp_ward,8 STANDERED,NA,unclassified,1
2010,gp_ward,8 STD,0,recognized qualification,7
2010,gp_ward,8 TH,0,recognized qualification,17
2010,gp_ward,8 TH CLASS,0,recognized qualification,4
2010,gp_ward,8 TH STANDARD,0,recognized qualification,17
2010,gp_ward,8 TH STANDERD,NA,unclassified,2
2010,gp_ward,8 TH STANDERED,NA,unclassified,2
2010,gp_ward,8 TH STD,0,recognized qualification,25
2010,gp_ward,8-,0,recognized qualification,1
2010,gp_ward,8- STD,0,recognized qualification,1
2010,gp_ward,8-STANDARD,0,recognized qualification,1
2010,gp_ward,8-STD,0,recognized qualification,1
2010,gp_ward,8-TH STANDERD,NA,unclassified,1
2010,gp_ward,8TH,0,recognized qualification,16
2010,gp_ward,8TH -CLASS,0,recognized qualification,1
2010,gp_ward,8TH CLASS,0,recognized qualification,9
2010,gp_ward,8TH FAILED,NA,unclassified,2
2010,gp_ward,8TH PASS,0,recognized qualification,1
2010,gp_ward,8TH PASSED,NA,unclassified,1
2010,gp_ward,8TH STANDANDARED PASSED,NA,unclassified,1
2010,gp_ward,8TH STANDARD,0,recognized qualification,49
2010,gp_ward,8TH STANDARD PASS,NA,unclassified,1
2010,gp_ward,8TH STANDARED,NA,unclassified,8
2010,gp_ward,8TH STANDERD,NA,unclassified,5
2010,gp_ward,8TH STANDERD PASS,NA,unclassified,1
2010,gp_ward,8TH STANDERED,NA,unclassified,6
2010,gp_ward,8TH STANTARD,NA,unclassified,1
2010,gp_ward,8TH STD,0,recognized qualification,31
2010,gp_ward,9,0,recognized qualification,51
2010,gp_ward,9 CLASS,0,recognized qualification,4
2010,gp_ward,9 NTH STD,NA,unclassified,1
2010,gp_ward,9 STANDARD,0,recognized qualification,4
2010,gp_ward,9 STANDERED,NA,unclassified,1
2010,gp_ward,9 STANDRED,NA,unclassified,4
2010,gp_ward,9 STD,0,recognized qualification,7
2010,gp_ward,9 TH,0,recognized qualification,22
2010,gp_ward,9 TH CL ASS,NA,unclassified,2
2010,gp_ward,9 TH CLASS,0,recognized qualification,8
2010,gp_ward,9 TH STANDARD,0,recognized qualification,27
2010,gp_ward,9 TH STANDERD,NA,unclassified,5
2010,gp_ward,9 TH STANDERED,NA,unclassified,3
2010,gp_ward,9 TH STD,0,recognized qualification,23
2010,gp_ward,9 TH STD.,0,recognized qualification,5
2010,gp_ward,9- STD,0,recognized qualification,1
2010,gp_ward,9-STANDARED,NA,unclassified,3
2010,gp_ward,9-STANDERED,NA,unclassified,1
2010,gp_ward,9NTH,NA,unclassified,1
2010,gp_ward,9TH,0,recognized qualification,34
2010,gp_ward,9TH CLASS,0,recognized qualification,17
2010,gp_ward,9TH CLASS PASSED,NA,unclassified,1
2010,gp_ward,9TH PASS,0,recognized qualification,3
2010,gp_ward,9TH PASSED,NA,unclassified,4
2010,gp_ward,9TH STANDARD,0,recognized qualification,48
2010,gp_ward,9TH STANDARD.,0,recognized qualification,1
2010,gp_ward,9TH STANDARED,NA,unclassified,2
2010,gp_ward,9TH STANDERD,NA,unclassified,2
2010,gp_ward,9TH STANDERED,NA,unclassified,5
2010,gp_ward,9TH STANTERD,NA,unclassified,1
2010,gp_ward,9TH STD,0,recognized qualification,44
2010,gp_ward,9TH STD PASSED,NA,unclassified,1
2010,gp_ward,9TH STD.,0,recognized qualification,10
2010,gp_ward,9\'TH STD,NA,unclassified,1
2010,gp_ward,ADVANCED DIPLOMA IN COMPUTER APPLICATION,0,recognized qualification,1
2010,gp_ward,ADVOCATE,NA,unclassified,1
2010,gp_ward,AFSAL UL ULAMA,NA,unclassified,1
2010,gp_ward,AFSAL UL ULMA,NA,unclassified,1
2010,gp_ward,AFSAL ULUMA,NA,unclassified,1
2010,gp_ward,AFSAL-UL-ULAMA FINAL,NA,unclassified,1
2010,gp_ward,AFSAL-UL-ULAMA PRELIMINARY,NA,unclassified,1
2010,gp_ward,AFSALUL ULAMA PRELIMINARY,NA,unclassified,1
2010,gp_ward,AFZAL AL ULUMA,NA,unclassified,1
2010,gp_ward,AFZAL-UL-ULAMA,NA,unclassified,1
2010,gp_ward,AFZUL ULAMA,NA,unclassified,1
2010,gp_ward,ARABIC (B.A),1,recognized qualification,1
2010,gp_ward,ARMY,NA,unclassified,1
2010,gp_ward,AUTOMOBILE ENGINEERING,NA,unclassified,1
2010,gp_ward,B -COM,1,recognized qualification,1
2010,gp_ward,B .A,1,recognized qualification,1
2010,gp_ward,B .PED,NA,unclassified,1
2010,gp_ward,B A,1,recognized qualification,114
2010,gp_ward,B A (ECONOMICS),1,recognized qualification,2
2010,gp_ward,B A (LITERATURE),1,recognized qualification,1
2010,gp_ward,B A (MALAYALAM),1,recognized qualification,1
2010,gp_ward,B A (URDU),1,recognized qualification,1
2010,gp_ward,"B A ,ARABIC",1,recognized qualification,1
2010,gp_ward,"B A ,COMPUTER",1,recognized qualification,1
2010,gp_ward,"B A ,H D C",1,recognized qualification,1
2010,gp_ward,"B A ,L L B",1,recognized qualification,2
2010,gp_ward,B A .L L B,1,recognized qualification,1
2010,gp_ward,B A B-ED,1,recognized qualification,1
2010,gp_ward,B A BED,1,recognized qualification,2
2010,gp_ward,B A COMPLETED,1,recognized qualification,2
2010,gp_ward,B A COURSE COMPLETED,NA,unclassified,1
2010,gp_ward,B A DEGREE,1,recognized qualification,1
2010,gp_ward,B A DEGREE COMPLECTED,1,recognized qualification,1
2010,gp_ward,B A DIPLOMA IN JOURNALIMS & MASS COMMUNICATION,1,recognized qualification,1
2010,gp_ward,B A ECONOMICS,1,recognized qualification,14
2010,gp_ward,B A ENGLISH,1,recognized qualification,1
2010,gp_ward,B A FIRST YEAR COMPLETED,NA,unclassified,1
2010,gp_ward,B A HISTORY,1,recognized qualification,5
2010,gp_ward,B A III YEAR,1,recognized qualification,1
2010,gp_ward,B A J.D.C,1,recognized qualification,1
2010,gp_ward,"B A L , LLB",1,recognized qualification,1
2010,gp_ward,"B A L,LLB",1,recognized qualification,1
2010,gp_ward,B A L. L.L.B,1,recognized qualification,1
2010,gp_ward,B A LITRATURE,1,recognized qualification,1
2010,gp_ward,"B A LLB, DOING LLM",1,recognized qualification,1
2010,gp_ward,B A M,1,recognized qualification,1
2010,gp_ward,B A MALAYALAM,1,recognized qualification,3
2010,gp_ward,B A PASSED,1,recognized qualification,2
2010,gp_ward,B A TTC,1,recognized qualification,1
2010,gp_ward,B A(FAILED),NA,unclassified,1
2010,gp_ward,"B A, B ED",1,recognized qualification,1
2010,gp_ward,"B A, B.ED",1,recognized qualification,2
2010,gp_ward,"B A, H D C&BM",1,recognized qualification,1
2010,gp_ward,"B A, HINDI BHOOSHAN",1,recognized qualification,1
2010,gp_ward,"B A, L L B",1,recognized qualification,3
2010,gp_ward,"B A,BED",1,recognized qualification,1
2010,gp_ward,"B A,BED,MS OFFICE",1,recognized qualification,1
2010,gp_ward,"B A,DIPLOMA IN HINDI TEACHING,S I COURSE,RASHTRA BHASHA PRAVEEN,M.S.OFFICE",1,recognized qualification,1
2010,gp_ward,"B A,I A T A DIPLOMA",1,recognized qualification,1
2010,gp_ward,"B A,L L B",1,recognized qualification,1
2010,gp_ward,"B A,LLB",1,recognized qualification,2
2010,gp_ward,B B M,NA,unclassified,1
2010,gp_ward,B COM,1,recognized qualification,59
2010,gp_ward,B COM CO OPERATION AND INCOME TAX,1,recognized qualification,1
2010,gp_ward,B COM CO-OPERATION,1,recognized qualification,1
2010,gp_ward,B COM DEGREE,1,recognized qualification,1
2010,gp_ward,B COM LLB,1,recognized qualification,1
2010,gp_ward,B COM PASSED,1,recognized qualification,2
2010,gp_ward,B COM WITH CO-OPR,1,recognized qualification,1
2010,gp_ward,B COM(COMPLETED),1,recognized qualification,1
2010,gp_ward,"B COM, H D C",1,recognized qualification,1
2010,gp_ward,"B COM, HDC",1,recognized qualification,2
2010,gp_ward,"B COM, JHI DIPLOMA",1,recognized qualification,1
2010,gp_ward,"B COM, PGDCA",1,recognized qualification,1
2010,gp_ward,B ED,1,recognized qualification,1
2010,gp_ward,B ED SOCIAL SCIENCE,1,recognized qualification,1
2010,gp_ward,B H M S,NA,unclassified,1
2010,gp_ward,B PHARM,1,recognized qualification,1
2010,gp_ward,B S C,NA,unclassified,6
2010,gp_ward,"B S C , B.ED",1,recognized qualification,2
2010,gp_ward,B S C /B ED,1,recognized qualification,1
2010,gp_ward,B SC,1,recognized qualification,11
2010,gp_ward,"B SC ,BED",1,recognized qualification,1
2010,gp_ward,"B SC ,H D C",1,recognized qualification,1
2010,gp_ward,B SC CHEMISTRY,1,recognized qualification,1
2010,gp_ward,B SC LLB,1,recognized qualification,1
2010,gp_ward,B SC M L T,1,recognized qualification,1
2010,gp_ward,B SC MA B ED,1,recognized qualification,1
2010,gp_ward,B SC(FAILED),NA,unclassified,1
2010,gp_ward,"B SC, B ED",1,recognized qualification,2
2010,gp_ward,"B SC, TTC",1,recognized qualification,1
2010,gp_ward,"B SC,LLB",1,recognized qualification,1
2010,gp_ward,B SC.,1,recognized qualification,1
2010,gp_ward,B TECH COMPUTER SCIENCE,1,recognized qualification,1
2010,gp_ward,B-COM,1,recognized qualification,4
2010,gp_ward,B-COM FAILED,NA,unclassified,1
2010,gp_ward,"B-COM, COMPUTER TTC",1,recognized qualification,1
2010,gp_ward,B. A,1,recognized qualification,10
2010,gp_ward,B. A DEGREE,1,recognized qualification,1
2010,gp_ward,B. A ECONOMICS,1,recognized qualification,1
2010,gp_ward,"B. A, P.G.D.C.A",1,recognized qualification,1
2010,gp_ward,B. A.,1,recognized qualification,2
2010,gp_ward,"B. A. , B,ED",1,recognized qualification,1
2010,gp_ward,B. A. B.ED.,1,recognized qualification,1
2010,gp_ward,B. A. ECONOMICS,1,recognized qualification,1
2010,gp_ward,B. A. H D C,1,recognized qualification,1
2010,gp_ward,B. A. LLB,1,recognized qualification,1
2010,gp_ward,B. COM,1,recognized qualification,9
2010,gp_ward,"B. COM , COMPUTER",1,recognized qualification,1
2010,gp_ward,B. COM . LLB,1,recognized qualification,1
2010,gp_ward,B. COM COMPLETED,1,recognized qualification,1
2010,gp_ward,B. COM PASSED,1,recognized qualification,1
2010,gp_ward,B. ED,1,recognized qualification,1
2010,gp_ward,"B. SC, B.ED",1,recognized qualification,1
2010,gp_ward,"B. SC., B.ED.",1,recognized qualification,1
2010,gp_ward,B.A,1,recognized qualification,224
2010,gp_ward,B.A (ARTS),1,recognized qualification,1
2010,gp_ward,B.A (COURSE COMPLETED),NA,unclassified,1
2010,gp_ward,B.A (DEGREE),1,recognized qualification,1
2010,gp_ward,B.A (ECONOMICS),1,recognized qualification,3
2010,gp_ward,B.A (HINDI),1,recognized qualification,1
2010,gp_ward,B.A (L) LLB,1,recognized qualification,1
2010,gp_ward,B.A (POLITICS),1,recognized qualification,1
2010,gp_ward,"B.A (SANSKRIT),LIBRARY & INFORMATION DEGREE",1,recognized qualification,1
2010,gp_ward,"B.A (SOCIAL SCIENCE ),B ED",1,recognized qualification,1
2010,gp_ward,"B.A , B.ED",1,recognized qualification,1
2010,gp_ward,"B.A , BED",1,recognized qualification,1
2010,gp_ward,"B.A , H.D.C",1,recognized qualification,1
2010,gp_ward,"B.A , T.T.C",1,recognized qualification,1
2010,gp_ward,"B.A ,B -ED",1,recognized qualification,1
2010,gp_ward,"B.A ,B.ED",1,recognized qualification,1
2010,gp_ward,"B.A ,ECONOMICS",1,recognized qualification,1
2010,gp_ward,"B.A ,L.L.B",1,recognized qualification,1
2010,gp_ward,"B.A ,T.T.C.",1,recognized qualification,1
2010,gp_ward,B.A -TTC,1,recognized qualification,1
2010,gp_ward,B.A B.ED,1,recognized qualification,3
2010,gp_ward,B.A BED,1,recognized qualification,2
2010,gp_ward,B.A COMPLETE,1,recognized qualification,1
2010,gp_ward,B.A COMPLETED,1,recognized qualification,3
2010,gp_ward,B.A COURSE COMPLETED,NA,unclassified,2
2010,gp_ward,B.A DEGREE,1,recognized qualification,7
2010,gp_ward,B.A DEGREE COURSE COMPLETED,NA,unclassified,1
2010,gp_ward,B.A DIGREE,1,recognized qualification,1
2010,gp_ward,B.A ECONAMICS,1,recognized qualification,1
2010,gp_ward,B.A ECONOMICS,1,recognized qualification,8
2010,gp_ward,"B.A ECONOMICS, D.C.A",1,recognized qualification,1
2010,gp_ward,B.A ENGLISH,1,recognized qualification,4
2010,gp_ward,B.A FINAL YEAR CONTINUED,NA,unclassified,1
2010,gp_ward,B.A H.D.C,1,recognized qualification,1
2010,gp_ward,B.A HINDHI VIDWAN TRAINEE,1,recognized qualification,1
2010,gp_ward,B.A HISTORY,1,recognized qualification,4
2010,gp_ward,"B.A HISTORY, HINDI PRAVEEN TEACHER",1,recognized qualification,1
2010,gp_ward,B.A L .L.L.B(COURSE COMPLETED),NA,unclassified,1
2010,gp_ward,B.A L.L.B,1,recognized qualification,1
2010,gp_ward,B.A LLB,1,recognized qualification,2
2010,gp_ward,B.A NOT COMPLETED,NA,unclassified,1
2010,gp_ward,B.A POLITICS,1,recognized qualification,1
2010,gp_ward,B.A SOCIOLOGY,1,recognized qualification,1
2010,gp_ward,"B.A(ENGLISH),DIPLOMA IN GEN.NURSING",1,recognized qualification,1
2010,gp_ward,B.A(LITERATURE),1,recognized qualification,1
2010,gp_ward,B.A(SANSKRIT),1,recognized qualification,1
2010,gp_ward,"B.A,",1,recognized qualification,1
2010,gp_ward,"B.A, , BED",1,recognized qualification,1
2010,gp_ward,"B.A, ,L. L. B",1,recognized qualification,1
2010,gp_ward,"B.A, B.A.L, LL.B",1,recognized qualification,1
2010,gp_ward,"B.A, B.E.D",1,recognized qualification,1
2010,gp_ward,"B.A, B.ED",1,recognized qualification,11
2010,gp_ward,"B.A, BED",1,recognized qualification,2
2010,gp_ward,"B.A, BED.",1,recognized qualification,1
2010,gp_ward,"B.A, BLIS",1,recognized qualification,1
2010,gp_ward,"B.A, H.D.C",1,recognized qualification,2
2010,gp_ward,"B.A, H.D.C, L.L.B",1,recognized qualification,1
2010,gp_ward,"B.A, HDC",1,recognized qualification,1
2010,gp_ward,"B.A, JDC",1,recognized qualification,1
2010,gp_ward,"B.A, L.L.B",1,recognized qualification,5
2010,gp_ward,"B.A, L.LB",1,recognized qualification,1
2010,gp_ward,"B.A, LL.B",1,recognized qualification,1
2010,gp_ward,"B.A, LLB",1,recognized qualification,4
2010,gp_ward,"B.A, MBA",1,recognized qualification,1
2010,gp_ward,"B.A, N.T.T.C",1,recognized qualification,1
2010,gp_ward,"B.A, P.G.D.C.A",1,recognized qualification,1
2010,gp_ward,"B.A, P.P.T.T.C",1,recognized qualification,1
2010,gp_ward,"B.A, PGDCA",1,recognized qualification,2
2010,gp_ward,"B.A, PPTTC",1,recognized qualification,2
2010,gp_ward,"B.A, T.T.C",1,recognized qualification,1
2010,gp_ward,"B.A, TTC",1,recognized qualification,1
2010,gp_ward,"B.A,B ED",1,recognized qualification,1
2010,gp_ward,"B.A,B.ED",1,recognized qualification,4
2010,gp_ward,"B.A,B.ED.",1,recognized qualification,1
2010,gp_ward,"B.A,B.L.I.S",1,recognized qualification,1
2010,gp_ward,"B.A,BED",1,recognized qualification,4
2010,gp_ward,"B.A,H.D.C",1,recognized qualification,2
2010,gp_ward,"B.A,L.L.B",1,recognized qualification,3
2010,gp_ward,"B.A,L.L.B,MSW",1,recognized qualification,1
2010,gp_ward,"B.A,LL.B",1,recognized qualification,1
2010,gp_ward,"B.A,LLB",1,recognized qualification,1
2010,gp_ward,"B.A,M.A",1,recognized qualification,1
2010,gp_ward,"B.A,MS.OFFICE,DCA",1,recognized qualification,1
2010,gp_ward,"B.A,NCVT(COMPUTER)",1,recognized qualification,1
2010,gp_ward,"B.A,T.T.C",1,recognized qualification,1
2010,gp_ward,B.A.,1,recognized qualification,44
2010,gp_ward,B.A. (ECONOMICS),1,recognized qualification,2
2010,gp_ward,B.A. BED,1,recognized qualification,4
2010,gp_ward,B.A. COMPLETED,1,recognized qualification,3
2010,gp_ward,B.A. COMPUTER,1,recognized qualification,1
2010,gp_ward,B.A. COURSE COMPLETED,NA,unclassified,1
2010,gp_ward,B.A. ECONOMICS,1,recognized qualification,3
2010,gp_ward,"B.A. ECONOMICS, NTTC",1,recognized qualification,1
2010,gp_ward,B.A. ENGLISH.,1,recognized qualification,1
2010,gp_ward,B.A. HINDI,1,recognized qualification,1
2010,gp_ward,B.A. HISTORY,1,recognized qualification,1
2010,gp_ward,B.A. L.L.B,1,recognized qualification,2
2010,gp_ward,B.A. LITERATURE,1,recognized qualification,1
2010,gp_ward,B.A. LLB,1,recognized qualification,1
2010,gp_ward,B.A. MALAYALAM,1,recognized qualification,1
2010,gp_ward,B.A.(ECONOMICS),1,recognized qualification,3
2010,gp_ward,"B.A., B ED",1,recognized qualification,1
2010,gp_ward,"B.A., B.ED",1,recognized qualification,1
2010,gp_ward,"B.A., B.ED.",1,recognized qualification,2
2010,gp_ward,"B.A., B.P.ED",1,recognized qualification,1
2010,gp_ward,"B.A., COMPUTER",1,recognized qualification,1
2010,gp_ward,"B.A., I.T.I",1,recognized qualification,1
2010,gp_ward,"B.A., JDC",1,recognized qualification,1
2010,gp_ward,"B.A., L.L.B",1,recognized qualification,1
2010,gp_ward,"B.A., LLB",1,recognized qualification,1
2010,gp_ward,"B.A.,BED",1,recognized qualification,1
2010,gp_ward,"B.A.,CLISC",1,recognized qualification,1
2010,gp_ward,"B.A.,HDC",1,recognized qualification,1
2010,gp_ward,"B.A.,L.L.B",1,recognized qualification,3
2010,gp_ward,"B.A.,LLB",1,recognized qualification,1
2010,gp_ward,B.A.B.L,NA,unclassified,1
2010,gp_ward,B.A.BED,NA,unclassified,1
2010,gp_ward,B.A.COMPLETED,NA,unclassified,1
2010,gp_ward,B.A.COURSE COMPLETED,NA,unclassified,1
2010,gp_ward,B.A.DEGREE,NA,unclassified,8
2010,gp_ward,B.A.ECCONOMICS,NA,unclassified,1
2010,gp_ward,B.A.ECONOMICS,NA,unclassified,10
2010,gp_ward,"B.A.ECONOMICS,P.G.D.C.A",NA,unclassified,1
2010,gp_ward,B.A.ENGLISH,NA,unclassified,1
2010,gp_ward,B.A.HISTORY,NA,unclassified,2
2010,gp_ward,B.A.L,NA,unclassified,1
2010,gp_ward,B.A.L.L.B,NA,unclassified,1
2010,gp_ward,B.A.L/LLB,1,recognized qualification,1
2010,gp_ward,B.A.LITURATURE,NA,unclassified,1
2010,gp_ward,B.A.LLB,NA,unclassified,2
2010,gp_ward,B.A.MALAYALAM,NA,unclassified,1
2010,gp_ward,B.COM,1,recognized qualification,206
2010,gp_ward,B.COM & HDC & BM,1,recognized qualification,1
2010,gp_ward,B.COM (CO-OPERATION),1,recognized qualification,2
2010,gp_ward,B.COM (COURSE COMPLETED),NA,unclassified,1
2010,gp_ward,B.COM (NOT COMPLETED),NA,unclassified,1
2010,gp_ward,"B.COM ,D.C.A",1,recognized qualification,1
2010,gp_ward,B.COM CO-OPERATION,1,recognized qualification,1
2010,gp_ward,B.COM COMPLETED,1,recognized qualification,6
2010,gp_ward,B.COM COURSE COMPLETED,NA,unclassified,4
2010,gp_ward,B.COM DEGREE,1,recognized qualification,4
2010,gp_ward,B.COM NOT COMPLETED,NA,unclassified,1
2010,gp_ward,B.COM WITH CO OPERATION,1,recognized qualification,1
2010,gp_ward,B.COM WITH CO-OPERATION,1,recognized qualification,3
2010,gp_ward,"B.COM WITH CO-OPERATION,TYPEWRITTING,COMPUTER",1,recognized qualification,1
2010,gp_ward,"B.COM WITH COSTING,B.COM WITH CO-OPERATION",1,recognized qualification,1
2010,gp_ward,B.COM(CO-OPERATION),1,recognized qualification,1
2010,gp_ward,"B.COM, ADVANCED DIPLOMA IN COMPUTER APPLICATION",1,recognized qualification,1
2010,gp_ward,"B.COM, COMPUTER TYPEWRITING(E) HIGHER",1,recognized qualification,1
2010,gp_ward,"B.COM, DCA",1,recognized qualification,2
2010,gp_ward,"B.COM, HDC",1,recognized qualification,2
2010,gp_ward,"B.COM, L.L.B",1,recognized qualification,3
2010,gp_ward,"B.COM, LL.B",1,recognized qualification,1
2010,gp_ward,"B.COM, LLB",1,recognized qualification,4
2010,gp_ward,"B.COM, MBA DOING",1,recognized qualification,1
2010,gp_ward,"B.COM, P.G.D.C.A",1,recognized qualification,1
2010,gp_ward,"B.COM, STENOGRAPHY",1,recognized qualification,1
2010,gp_ward,"B.COM, TALLY",1,recognized qualification,1
2010,gp_ward,"B.COM, TYPEWRITING,MS.OFFICE",1,recognized qualification,1
2010,gp_ward,"B.COM,B ED",1,recognized qualification,1
2010,gp_ward,"B.COM,CIVIL",1,recognized qualification,1
2010,gp_ward,"B.COM,DIPLOMA IN COMPUTER APPLICATION,TYPEWRITING LOWER",1,recognized qualification,1
2010,gp_ward,"B.COM,HDC,P.G.D.C.A",1,recognized qualification,1
2010,gp_ward,"B.COM,HINDI (K.H.P.S)",1,recognized qualification,1
2010,gp_ward,"B.COM,L.L.B",1,recognized qualification,1
2010,gp_ward,"B.COM,LLB",1,recognized qualification,2
2010,gp_ward,"B.COM,LLB,MHRM",1,recognized qualification,1
2010,gp_ward,"B.COM,MANAGEMENT DIPLOMA",1,recognized qualification,1
2010,gp_ward,"B.COM,N.T.T.C",1,recognized qualification,1
2010,gp_ward,"B.COM,T.T.C",1,recognized qualification,1
2010,gp_ward,"B.COM,TTC",1,recognized qualification,1
2010,gp_ward,B.COM.,1,recognized qualification,7
2010,gp_ward,"B.COM., G.D.C.",1,recognized qualification,1
2010,gp_ward,"B.COM., H.D.C",1,recognized qualification,1
2010,gp_ward,B.COM.L.L.B,NA,unclassified,1
2010,gp_ward,B.COM.LLB,NA,unclassified,2
2010,gp_ward,B.ED,1,recognized qualification,7
2010,gp_ward,B.ED.,1,recognized qualification,1
2010,gp_ward,B.H.M.S,1,recognized qualification,1
2010,gp_ward,B.S.C,1,recognized qualification,5
2010,gp_ward,B.S.C (MATHS),1,recognized qualification,1
2010,gp_ward,"B.S.C ,BED",1,recognized qualification,1
2010,gp_ward,B.S.C .B.ED,1,recognized qualification,1
2010,gp_ward,B.S.C BED,1,recognized qualification,1
2010,gp_ward,B.S.C PHYSICS,1,recognized qualification,1
2010,gp_ward,B.S.C ZOOLOGY,1,recognized qualification,1
2010,gp_ward,"B.S.C,L.L.B",1,recognized qualification,1
2010,gp_ward,"B.S.C,M.A APPEARING",1,recognized qualification,1
2010,gp_ward,B.S.C. MATHS (COURSE COMPLETED),NA,unclassified,1
2010,gp_ward,"B.S.C., L.L.B",1,recognized qualification,1
2010,gp_ward,B.SC,1,recognized qualification,42
2010,gp_ward,"B.SC , NURSING DIPLOMA",1,recognized qualification,1
2010,gp_ward,"B.SC ,B-ED",1,recognized qualification,1
2010,gp_ward,B.SC B ED,1,recognized qualification,1
2010,gp_ward,B.SC BED,1,recognized qualification,1
2010,gp_ward,B.SC CHEMISTRY,1,recognized qualification,1
2010,gp_ward,B.SC COMPUTER SCIENCE,1,recognized qualification,1
2010,gp_ward,B.SC FAILED,NA,unclassified,1
2010,gp_ward,B.SC L L B,1,recognized qualification,1
2010,gp_ward,B.SC MATHAMATICS,1,recognized qualification,1
2010,gp_ward,B.SC MATHEMATICS,1,recognized qualification,1
2010,gp_ward,B.SC MATHS,1,recognized qualification,1
2010,gp_ward,B.SC(ENGG),1,recognized qualification,1
2010,gp_ward,B.SC(PGDCA),1,recognized qualification,1
2010,gp_ward,"B.SC, B ED",1,recognized qualification,2
2010,gp_ward,"B.SC, B.ED",1,recognized qualification,5
2010,gp_ward,"B.SC, B.ED, PGDCA,",1,recognized qualification,1
2010,gp_ward,"B.SC, B.ED.",1,recognized qualification,1
2010,gp_ward,"B.SC, BED",1,recognized qualification,5
2010,gp_ward,"B.SC, BED.",1,recognized qualification,1
2010,gp_ward,"B.SC, H.D.C",1,recognized qualification,1
2010,gp_ward,"B.SC, LLB",1,recognized qualification,1
2010,gp_ward,"B.SC, MBA",1,recognized qualification,1
2010,gp_ward,"B.SC, T.T.C",1,recognized qualification,1
2010,gp_ward,"B.SC,B-ED",1,recognized qualification,1
2010,gp_ward,"B.SC,B.ED",1,recognized qualification,4
2010,gp_ward,"B.SC,B.ED, H.D.C",1,recognized qualification,1
2010,gp_ward,"B.SC,BED",1,recognized qualification,2
2010,gp_ward,"B.SC,LL.B",1,recognized qualification,1
2010,gp_ward,"B.SC,LLB",1,recognized qualification,1
2010,gp_ward,"B.SC,M.A",1,recognized qualification,1
2010,gp_ward,"B.SC,MATHAMATICS",1,recognized qualification,1
2010,gp_ward,B.SC.,1,recognized qualification,3
2010,gp_ward,B.SC. B. ED,1,recognized qualification,1
2010,gp_ward,B.SC. B.ED.,1,recognized qualification,1
2010,gp_ward,B.SC. BED,1,recognized qualification,1
2010,gp_ward,B.SC. BOTANY,1,recognized qualification,1
2010,gp_ward,B.SC. PHYSICS- COURSE COMPLETED,NA,unclassified,1
2010,gp_ward,"B.SC., B.ED.",1,recognized qualification,1
2010,gp_ward,"B.SC., CHEMISTRY",1,recognized qualification,1
2010,gp_ward,"B.SC., LLB",1,recognized qualification,2
2010,gp_ward,B.SC./ LLB,1,recognized qualification,1
2010,gp_ward,B.SC.B.ED.,NA,unclassified,1
2010,gp_ward,B.SC.DEGREE,NA,unclassified,1
2010,gp_ward,"B.SC.DEGREE, P.G.D.C.A.",NA,unclassified,1
2010,gp_ward,B.SC.L LB,NA,unclassified,1
2010,gp_ward,B.SC.LLB,NA,unclassified,2
2010,gp_ward,B.TECH,1,recognized qualification,1
2010,gp_ward,BA,1,recognized qualification,182
2010,gp_ward,BA (COMPLETED),1,recognized qualification,1
2010,gp_ward,"BA (COMPLETED),STENOGRAPHY(ENG)",1,recognized qualification,1
2010,gp_ward,BA (ECONOMICS),1,recognized qualification,1
2010,gp_ward,BA (ENGLISH / HISTORY),1,recognized qualification,1
2010,gp_ward,"BA (HINDI),BED",1,recognized qualification,1
2010,gp_ward,BA (HISTORY),1,recognized qualification,3
2010,gp_ward,BA (NOT COMPLETED),NA,unclassified,1
2010,gp_ward,BA (POLITICAL SCIENCE),1,recognized qualification,1
2010,gp_ward,"BA , B.ED",1,recognized qualification,1
2010,gp_ward,"BA , BED",1,recognized qualification,1
2010,gp_ward,"BA , H.I",1,recognized qualification,1
2010,gp_ward,"BA , HISTORY",1,recognized qualification,1
2010,gp_ward,"BA , L L B",1,recognized qualification,1
2010,gp_ward,"BA , LLB",1,recognized qualification,3
2010,gp_ward,"BA ,BED,CPED",1,recognized qualification,1
2010,gp_ward,"BA ,L..L.B",1,recognized qualification,1
2010,gp_ward,BA -DEGREE,1,recognized qualification,1
2010,gp_ward,BA .BED,1,recognized qualification,1
2010,gp_ward,BA .POLITICS,1,recognized qualification,1
2010,gp_ward,BA ARABIC,1,recognized qualification,3
2010,gp_ward,BA B ED,1,recognized qualification,1
2010,gp_ward,BA B.ED,1,recognized qualification,1
2010,gp_ward,BA BED,1,recognized qualification,12
2010,gp_ward,"BA BED, CP ED",1,recognized qualification,1
2010,gp_ward,BA COMPLETED,1,recognized qualification,1
2010,gp_ward,BA COURSE COMPLETED,NA,unclassified,1
2010,gp_ward,BA DEGREE,1,recognized qualification,9
2010,gp_ward,BA ECONOMICS,1,recognized qualification,16
2010,gp_ward,BA ECONOMICS (FAILED),NA,unclassified,1
2010,gp_ward,BA ECONOMICS BED,1,recognized qualification,1
2010,gp_ward,BA ENGLISH,1,recognized qualification,1
2010,gp_ward,BA FAILD,NA,unclassified,1
2010,gp_ward,BA FAILED,NA,unclassified,2
2010,gp_ward,BA HDC,1,recognized qualification,1
2010,gp_ward,BA HINDI,1,recognized qualification,1
2010,gp_ward,BA HISTORY,1,recognized qualification,4
2010,gp_ward,BA L L B,1,recognized qualification,1
2010,gp_ward,BA LLB,1,recognized qualification,7
2010,gp_ward,BA MALAYALAM,1,recognized qualification,2
2010,gp_ward,BA POLITICS,1,recognized qualification,3
2010,gp_ward,BA T T C,1,recognized qualification,1
2010,gp_ward,BA T.T.C,1,recognized qualification,1
2010,gp_ward,BA TTC,1,recognized qualification,1
2010,gp_ward,BA WITH JDC,1,recognized qualification,1
2010,gp_ward,BA(COMPLETED),1,recognized qualification,1
2010,gp_ward,BA(FAILED),NA,unclassified,2
2010,gp_ward,BA+HDC,1,recognized qualification,1
2010,gp_ward,"BA, B ED",1,recognized qualification,1
2010,gp_ward,"BA, B ED.",1,recognized qualification,1
2010,gp_ward,"BA, B,ED",1,recognized qualification,1
2010,gp_ward,"BA, BED",1,recognized qualification,20
2010,gp_ward,"BA, BED.",1,recognized qualification,1
2010,gp_ward,"BA, CLISC",1,recognized qualification,1
2010,gp_ward,"BA, HDC &TTC",1,recognized qualification,1
2010,gp_ward,"BA, JDC",1,recognized qualification,2
2010,gp_ward,"BA, L.L.B",1,recognized qualification,1
2010,gp_ward,"BA, LLB",1,recognized qualification,3
2010,gp_ward,"BA, LLB DOING",1,recognized qualification,1
2010,gp_ward,"BA, PGDCA",1,recognized qualification,2
2010,gp_ward,"BA, POLITICS",1,recognized qualification,1
2010,gp_ward,"BA, T T C",1,recognized qualification,1
2010,gp_ward,"BA, TTC",1,recognized qualification,2
2010,gp_ward,"BA, TYPEWRITING ENGLISH",1,recognized qualification,1
2010,gp_ward,"BA,B ED",1,recognized qualification,1
2010,gp_ward,"BA,B ED.",1,recognized qualification,1
2010,gp_ward,"BA,B.ED",1,recognized qualification,5
2010,gp_ward,"BA,B.ED,LLB",1,recognized qualification,1
2010,gp_ward,"BA,BED",1,recognized qualification,6
2010,gp_ward,"BA,BL",1,recognized qualification,1
2010,gp_ward,"BA,COUNSELLING",1,recognized qualification,1
2010,gp_ward,"BA,HDC",1,recognized qualification,2
2010,gp_ward,"BA,INTERIOR DECORATION, VASTHUVIDHYA",1,recognized qualification,1
2010,gp_ward,"BA,L.L.B",1,recognized qualification,1
2010,gp_ward,"BA,LLB",1,recognized qualification,2
2010,gp_ward,"BA,LLB,DLL",1,recognized qualification,1
2010,gp_ward,"BA,LLB,JOURNALISM",1,recognized qualification,1
2010,gp_ward,"BA,MA COURSE COMPLETED",NA,unclassified,1
2010,gp_ward,"BA,MA,B ED",1,recognized qualification,1
2010,gp_ward,"BA,P.G.D.C.A",1,recognized qualification,1
2010,gp_ward,"BA,POLY DIPLOMA",1,recognized qualification,1
2010,gp_ward,"BA- BED, HDC& BM",1,recognized qualification,1
2010,gp_ward,BA. B.ED,1,recognized qualification,1
2010,gp_ward,BA. BED,1,recognized qualification,1
2010,gp_ward,BA. HDC,1,recognized qualification,1
2010,gp_ward,BA. LL.B,1,recognized qualification,1
2010,gp_ward,BA. PPTTC,1,recognized qualification,1
2010,gp_ward,BA.B.ED,NA,unclassified,1
2010,gp_ward,BA.BED,NA,unclassified,4
2010,gp_ward,BA.ECONOMICS,NA,unclassified,1
2010,gp_ward,BA.L.L.B,NA,unclassified,1
2010,gp_ward,BA.LLB,NA,unclassified,2
2010,gp_ward,BA.LTT,NA,unclassified,1
2010,gp_ward,BA.MALAYALAM,NA,unclassified,1
2010,gp_ward,BACHELOR OF ACADAMIC LAW,NA,unclassified,1
2010,gp_ward,BACHELOR OF FINE ARTS,NA,unclassified,1
2010,gp_ward,BACHELOR OF PHYSIOTHERAPY,NA,unclassified,1
2010,gp_ward,"BAL , L L B",1,recognized qualification,1
2010,gp_ward,BAM,NA,unclassified,1
2010,gp_ward,BBA,1,recognized qualification,3
2010,gp_ward,"BBA, LLB",1,recognized qualification,1
2010,gp_ward,BBM,NA,unclassified,1
2010,gp_ward,BCA,1,recognized qualification,2
2010,gp_ward,BCOM,1,recognized qualification,43
2010,gp_ward,BCOM (COURSE COMPLETED),NA,unclassified,1
2010,gp_ward,BCOM (TYPEWRITING LOWER),1,recognized qualification,1
2010,gp_ward,"BCOM ,TTC",1,recognized qualification,1
2010,gp_ward,BCOM APPEARING,1,recognized qualification,1
2010,gp_ward,BCOM CO-OPERATION,1,recognized qualification,2
2010,gp_ward,BCOM COMPLETED,1,recognized qualification,2
2010,gp_ward,BCOM HDC,1,recognized qualification,1
2010,gp_ward,BCOM LLB,1,recognized qualification,1
2010,gp_ward,BCOM WITH CO-OPERATION,1,recognized qualification,1
2010,gp_ward,BCOM WITH COMPUTER TTC,1,recognized qualification,1
2010,gp_ward,"BCOM, JDC",1,recognized qualification,1
2010,gp_ward,"BCOM, LLB",1,recognized qualification,3
2010,gp_ward,"BCOM, PGDCA",1,recognized qualification,1
2010,gp_ward,"BCOM, PGDCA, HDC &BM",1,recognized qualification,1
2010,gp_ward,"BCOM, TYPE WRITING ENGLISH & MALAYALAM HIGHER COMPUTER WORD PROCESSING",1,recognized qualification,1
2010,gp_ward,"BCOM,PGDCA",1,recognized qualification,1
2010,gp_ward,BCOM.,1,recognized qualification,2
2010,gp_ward,"BCOM., HDC,HINDI DIPLOMA, SALE TAX CONSULTANT",1,recognized qualification,1
2010,gp_ward,BCOM.H.D.C,NA,unclassified,1
2010,gp_ward,BCOM.L.L.B,NA,unclassified,1
2010,gp_ward,BED,1,recognized qualification,1
2010,gp_ward,BED(HINDI PRAVEEN),1,recognized qualification,1
2010,gp_ward,BSC,1,recognized qualification,59
2010,gp_ward,BSC (MATHS),1,recognized qualification,1
2010,gp_ward,"BSC , BED",1,recognized qualification,1
2010,gp_ward,"BSC ,B.ED",1,recognized qualification,1
2010,gp_ward,"BSC ,BED",1,recognized qualification,1
2010,gp_ward,"BSC ,H.D.C",1,recognized qualification,1
2010,gp_ward,BSC - B.ED,1,recognized qualification,1
2010,gp_ward,BSC - PHYSICS,1,recognized qualification,1
2010,gp_ward,BSC B ED,1,recognized qualification,1
2010,gp_ward,BSC BED,1,recognized qualification,8
2010,gp_ward,BSC BOTANY,1,recognized qualification,2
2010,gp_ward,BSC BOTONY,1,recognized qualification,1
2010,gp_ward,BSC CHEMISTRY,1,recognized qualification,2
2010,gp_ward,"BSC CHEMISTRY, BED",1,recognized qualification,1
2010,gp_ward,BSC COMPUTER SCIENCE,1,recognized qualification,1
2010,gp_ward,BSC COSTUME AND FASHIONDESIGN,1,recognized qualification,1
2010,gp_ward,BSC DEGREE,1,recognized qualification,1
2010,gp_ward,BSC DEGREE COMPLETED,1,recognized qualification,1
2010,gp_ward,BSC GEOLOGY,1,recognized qualification,1
2010,gp_ward,BSC HOSPITALITY,1,recognized qualification,1
2010,gp_ward,BSC JDC,1,recognized qualification,1
2010,gp_ward,BSC L.L.B,1,recognized qualification,1
2010,gp_ward,BSC LLB,1,recognized qualification,2
2010,gp_ward,BSC MATHEMATICS,1,recognized qualification,1
2010,gp_ward,BSC MATHS,1,recognized qualification,1
2010,gp_ward,BSC PHYSICS,1,recognized qualification,2
2010,gp_ward,BSC STATISTICS COMPLETED,1,recognized qualification,1
2010,gp_ward,BSC YOGA,1,recognized qualification,1
2010,gp_ward,BSC ZOOLOGY,1,recognized qualification,2
2010,gp_ward,"BSC(ENGG.),MIE",1,recognized qualification,1
2010,gp_ward,BSC(MATHS),1,recognized qualification,1
2010,gp_ward,BSC(PHYSICS),1,recognized qualification,1
2010,gp_ward,"BSC, B ED",1,recognized qualification,2
2010,gp_ward,"BSC, B.ED",1,recognized qualification,3
2010,gp_ward,"BSC, BED",1,recognized qualification,5
2010,gp_ward,"BSC, BED.",1,recognized qualification,1
2010,gp_ward,"BSC, D.PHARM",1,recognized qualification,1
2010,gp_ward,"BSC, H.D.C",1,recognized qualification,1
2010,gp_ward,"BSC, HDC",1,recognized qualification,1
2010,gp_ward,"BSC, HDC, TYPEWRITTING",1,recognized qualification,1
2010,gp_ward,"BSC, JDC",1,recognized qualification,1
2010,gp_ward,"BSC, L L B",1,recognized qualification,3
2010,gp_ward,"BSC, L L B, L L M",1,recognized qualification,1
2010,gp_ward,"BSC, LLB",1,recognized qualification,2
2010,gp_ward,"BSC, LLB, DSS",1,recognized qualification,1
2010,gp_ward,"BSC, POLYTECHNIC MECHANICAL",1,recognized qualification,1
2010,gp_ward,"BSC,B.ED",1,recognized qualification,2
2010,gp_ward,"BSC,B.ED.",1,recognized qualification,1
2010,gp_ward,"BSC,BED",1,recognized qualification,14
2010,gp_ward,"BSC,HDC",1,recognized qualification,2
2010,gp_ward,"BSC,HDC,PGDCA",1,recognized qualification,1
2010,gp_ward,"BSC,J.D.S",1,recognized qualification,1
2010,gp_ward,"BSC,LL.B",1,recognized qualification,1
2010,gp_ward,"BSC,LLB",1,recognized qualification,2
2010,gp_ward,"BSC,M.ED",1,recognized qualification,1
2010,gp_ward,"BSC,P.G.D.C.A",1,recognized qualification,1
2010,gp_ward,"BSC,PGDCJ",1,recognized qualification,1
2010,gp_ward,"BSC,ZOOLOGY",1,recognized qualification,1
2010,gp_ward,BSC-BED,1,recognized qualification,1
2010,gp_ward,"BSC-BED, MATHEMATICS",1,recognized qualification,1
2010,gp_ward,BSC-HDC,1,recognized qualification,1
2010,gp_ward,BSC-PHYSICS,1,recognized qualification,1
2010,gp_ward,BSC.,1,recognized qualification,1
2010,gp_ward,BSC. LLB,1,recognized qualification,1
2010,gp_ward,BSC. MATHS,1,recognized qualification,1
2010,gp_ward,BSC. ZOOLOGY,1,recognized qualification,1
2010,gp_ward,"BSC., B.ED.",1,recognized qualification,1
2010,gp_ward,"BSC.,BED",1,recognized qualification,1
2010,gp_ward,BSC.BED,NA,unclassified,1
2010,gp_ward,BSC.CHEMISTRY&COMPUTER T.T.C,0,recognized qualification,1
2010,gp_ward,BSC.MATHS,NA,unclassified,1
2010,gp_ward,BSC/BED,1,recognized qualification,1
2010,gp_ward,C.P.END,NA,unclassified,1
2010,gp_ward,C.T.T.C,NA,unclassified,1
2010,gp_ward,CERTIFICATE,NA,unclassified,2
2010,gp_ward,CERTIFICATE IN PHYSICAL EDUCATION,NA,unclassified,1
2010,gp_ward,CIVIL (DEGREE),1,recognized qualification,1
2010,gp_ward,CIVIL ENG,NA,unclassified,1
2010,gp_ward,CIVIL ENGG. DIPLOMA,0,recognized qualification,1
2010,gp_ward,CIVIL ENGINEERING,NA,unclassified,2
2010,gp_ward,CIVIL ENGINEERING DIPLOMA,0,recognized qualification,1
2010,gp_ward,CIVIL ENGINEERING DIPLOMA(KGCE),0,recognized qualification,1
2010,gp_ward,CIVIL ENGINEERING( CERTIFICATE COURSE COMPLEATED),NA,unclassified,1
2010,gp_ward,"CIVIL ENGINEERING,KGEC",NA,unclassified,1
2010,gp_ward,CLAS 8,NA,unclassified,1
2010,gp_ward,CLASS 9,NA,unclassified,1
2010,gp_ward,CPED,NA,unclassified,1
2010,gp_ward,D C,NA,unclassified,1
2010,gp_ward,D PHARM,NA,unclassified,1
2010,gp_ward,D-PHARM,NA,unclassified,1
2010,gp_ward,D. PHARM,NA,unclassified,1
2010,gp_ward,"D.C,MSC(DOING)",1,recognized qualification,1
2010,gp_ward,"D.C.A, D-CIVIL",NA,unclassified,1
2010,gp_ward,"D.C.E.,",NA,unclassified,1
2010,gp_ward,"D.E.E., B.E.",1,recognized qualification,1
2010,gp_ward,D.H.M.S,NA,unclassified,3
2010,gp_ward,D.PHARM,NA,unclassified,3
2010,gp_ward,D/CIVIL,NA,unclassified,1
2010,gp_ward,DAM,NA,unclassified,1
2010,gp_ward,DCA,NA,unclassified,1
2010,gp_ward,DEGRE,NA,unclassified,1
2010,gp_ward,DEGREE,1,recognized qualification,178
2010,gp_ward,DEGREE (BCOM),1,recognized qualification,1
2010,gp_ward,"DEGREE (DISCONTINUE), NTTC, DTP",NA,unclassified,1
2010,gp_ward,DEGREE (FAILED),NA,unclassified,1
2010,gp_ward,DEGREE (UNCOMPLETE),1,recognized qualification,1
2010,gp_ward,"DEGREE ,DIPLOMA",1,recognized qualification,1
2010,gp_ward,DEGREE COMPLETED,1,recognized qualification,7
2010,gp_ward,DEGREE COURSE COMPLETED,NA,unclassified,1
2010,gp_ward,DEGREE FAILED,NA,unclassified,2
2010,gp_ward,DEGREE HINDIPRAVEEN,1,recognized qualification,1
2010,gp_ward,DEGREE IN ARABIC,1,recognized qualification,1
2010,gp_ward,DEGREE NOT COMPLETED,NA,unclassified,1
2010,gp_ward,DEGREE PASS,1,recognized qualification,4
2010,gp_ward,"DEGREE PASS, HIDI PRAVEEN",1,recognized qualification,1
2010,gp_ward,DEGREE STUDENT,1,recognized qualification,1
2010,gp_ward,DEGREE WITH B.ED,1,recognized qualification,1
2010,gp_ward,DEGREE WITH D-PHARM,1,recognized qualification,1
2010,gp_ward,"DEGREE(ARABIC),AND PG IN WORLD LANGUAGE",1,recognized qualification,1
2010,gp_ward,DEGREE(B A),1,recognized qualification,1
2010,gp_ward,"DEGREE, B.A",1,recognized qualification,1
2010,gp_ward,"DEGREE, B.ED",1,recognized qualification,1
2010,gp_ward,"DEGREE, BA POLITICS",1,recognized qualification,1
2010,gp_ward,"DEGREE, DCA COMPUTER",1,recognized qualification,1
2010,gp_ward,"DEGREE, HDC, BM",1,recognized qualification,1
2010,gp_ward,"DEGREE, K.G.T.E.(ENGLISH)",1,recognized qualification,1
2010,gp_ward,"DEGREE, PGDCA",1,recognized qualification,2
2010,gp_ward,"DEGREE, T.T.C",1,recognized qualification,2
2010,gp_ward,"DEGREE,D/CIVIL,ITI COURSE",1,recognized qualification,1
2010,gp_ward,"DEGREE,HINDI B.ED",1,recognized qualification,1
2010,gp_ward,"DEGREE,KGTE.(L)",1,recognized qualification,1
2010,gp_ward,"DEGREE,PGDCA",1,recognized qualification,1
2010,gp_ward,DEGREE- BED,1,recognized qualification,1
2010,gp_ward,DEGREE-B.COM,1,recognized qualification,1
2010,gp_ward,DEGREE-BA,1,recognized qualification,1
2010,gp_ward,DEGREE. (BA. ECONOMICS),1,recognized qualification,1
2010,gp_ward,DEGREE.DIPLOMA IN TRAVEL AND TSM,NA,unclassified,1
2010,gp_ward,DEPLOMA (COURSE COMPLETED),NA,unclassified,1
2010,gp_ward,DEPLOMA IN CIVIL ENGINEERING,NA,unclassified,1
2010,gp_ward,DEPLOMA IN E.E,NA,unclassified,1
2010,gp_ward,"DEPLOMA IN ELECTRONICS FAILED,PLUS TWO SCIENCE",0,recognized qualification,1
2010,gp_ward,DHMS,NA,unclassified,2
2010,gp_ward,DIGREE,NA,unclassified,2
2010,gp_ward,DIGREE/COMPUTER,NA,unclassified,1
2010,gp_ward,DIPL.OMA IN PHARMACY,0,recognized qualification,1
2010,gp_ward,DIPLOMA,0,recognized qualification,36
2010,gp_ward,DIPLOMA (CIVIL),0,recognized qualification,1
2010,gp_ward,DIPLOMA (ELECTRONICS),0,recognized qualification,1
2010,gp_ward,DIPLOMA ELECTRICAL,0,recognized qualification,1
2010,gp_ward,DIPLOMA ELECTRICIAN,0,recognized qualification,1
2010,gp_ward,DIPLOMA GENERAL NURSING,0,recognized qualification,1
2010,gp_ward,DIPLOMA IN ARCHITECTURE,0,recognized qualification,1
2010,gp_ward,DIPLOMA IN AUTOMOBILE ENGG,0,recognized qualification,1
2010,gp_ward,DIPLOMA IN AUTOMOBILE ENGINEERING,0,recognized qualification,1
2010,gp_ward,DIPLOMA IN BHARATHANATTYAM,0,recognized qualification,1
2010,gp_ward,DIPLOMA IN CIVIL,0,recognized qualification,3
2010,gp_ward,DIPLOMA IN CIVIL ENG.,0,recognized qualification,1
2010,gp_ward,DIPLOMA IN CIVIL ENGG.,0,recognized qualification,1
2010,gp_ward,DIPLOMA IN CIVIL ENGINEERING,0,recognized qualification,7
2010,gp_ward,DIPLOMA IN COMMERCIAL PRACTICE,0,recognized qualification,1
2010,gp_ward,DIPLOMA IN COMPUTER APPLICATION,0,recognized qualification,1
2010,gp_ward,DIPLOMA IN COMPUTER ENGINEERING,0,recognized qualification,1
2010,gp_ward,DIPLOMA IN ELECRICAL ENGINEERING - J.D.C,0,recognized qualification,1
2010,gp_ward,DIPLOMA IN ELECTICAL ENGINEERING,0,recognized qualification,1
2010,gp_ward,DIPLOMA IN ELECTRICAL ENGINEERING,0,recognized qualification,5
2010,gp_ward,"DIPLOMA IN ELECTRICAL ENGINEERING, POST DIPLOMA IN AIRCONDITIONING AND REFRIGERATION",0,recognized qualification,1
2010,gp_ward,DIPLOMA IN ELECTRICAL ENGINERING,0,recognized qualification,1
2010,gp_ward,DIPLOMA IN ELECTRONIC ENGG,0,recognized qualification,1
2010,gp_ward,DIPLOMA IN ELECTRONIC ENGINEERING,0,recognized qualification,1
2010,gp_ward,DIPLOMA IN ELECTRONICS,0,recognized qualification,1
2010,gp_ward,DIPLOMA IN ELECTRONICS ENGINEERING,0,recognized qualification,2
2010,gp_ward,DIPLOMA IN HOMEOPATHIC MEDICINE AND SURGERY,0,recognized qualification,1
2010,gp_ward,DIPLOMA IN HOTEL MANAGEMENT AND CATERING TECHNOLOGY,0,recognized qualification,1
2010,gp_ward,DIPLOMA IN MECANICAL ENGINEERING,0,recognized qualification,1
2010,gp_ward,DIPLOMA IN MECHANICAL,0,recognized qualification,3
2010,gp_ward,DIPLOMA IN MECHANICAL ENGINEER,0,recognized qualification,1
2010,gp_ward,DIPLOMA IN MECHANICAL ENGINEERING,0,recognized qualification,3
2010,gp_ward,DIPLOMA IN PHARMACY,0,recognized qualification,3
2010,gp_ward,DIPLOMA IN PHYSICAL EDUCATION,0,recognized qualification,1
2010,gp_ward,DIPLOMA IN SANITARY INSPECTOR COURSE,0,recognized qualification,1
2010,gp_ward,"DIPLOMA INCOMP,ENG.",0,recognized qualification,1
2010,gp_ward,DIPLOMA ON PHARMACY,0,recognized qualification,1
2010,gp_ward,"DIPLOMA, SURVEY",0,recognized qualification,1
2010,gp_ward,"DIPLOMA,GRADUATION",1,recognized qualification,1
2010,gp_ward,DME,NA,unclassified,2
2010,gp_ward,DRAFTMAN CIVIL,NA,unclassified,1
2010,gp_ward,DRAFTSMAN CIVIL,NA,unclassified,1
2010,gp_ward,DRAUGHTS MAN CIVIL ENGINEERING,NA,unclassified,1
2010,gp_ward,DTE (DIPLOMA IN TEACHING EDUCATION),0,recognized qualification,1
2010,gp_ward,E.S.S.L.C,NA,unclassified,1
2010,gp_ward,ECONOMICS,NA,unclassified,1
2010,gp_ward,EIGHT,NA,unclassified,4
2010,gp_ward,EIGHT PASS,NA,unclassified,1
2010,gp_ward,EIGHT STANDARD,NA,unclassified,9
2010,gp_ward,EIGHT STANTERD,NA,unclassified,1
2010,gp_ward,EIGHT STD,NA,unclassified,4
2010,gp_ward,EIGHT TH STANDARED,NA,unclassified,1
2010,gp_ward,EIGHT-TH STANDERD,NA,unclassified,1
2010,gp_ward,EIGHTH,0,recognized qualification,8
2010,gp_ward,EIGHTH STANDARD,0,recognized qualification,9
2010,gp_ward,EIGHTH STANDARED,0,recognized qualification,2
2010,gp_ward,EIGHTH STANDERD,0,recognized qualification,2
2010,gp_ward,EIGHTH STD,0,recognized qualification,1
2010,gp_ward,EIGHTTH STANDARD,NA,unclassified,1
2010,gp_ward,EIGHTTH STD,NA,unclassified,2
2010,gp_ward,EIGTH,NA,unclassified,2
2010,gp_ward,EIGTHTH STANDARD,NA,unclassified,1
2010,gp_ward,ELECTRICAL DIPLOMA,0,recognized qualification,1
2010,gp_ward,ELECTRICAL DIPLOMA ENGINEER,0,recognized qualification,1
2010,gp_ward,ELECTRICAL ENGINEERING DIPLOMA,0,recognized qualification,1
2010,gp_ward,ELECTRICAL ENGINEERING(KGCE),NA,unclassified,1
2010,gp_ward,ELECTRONIC ENGINEERING,NA,unclassified,1
2010,gp_ward,ELECTRONICS DIPLOMA,0,recognized qualification,1
2010,gp_ward,ENG.DIPLOMA,NA,unclassified,1
2010,gp_ward,F.D.DIPLOMA,NA,unclassified,1
2010,gp_ward,FIFTH,0,recognized qualification,5
2010,gp_ward,FIFTH CLASS,0,recognized qualification,3
2010,gp_ward,FIFTH GRADE,0,recognized qualification,1
2010,gp_ward,FIFTH STAND,0,recognized qualification,1
2010,gp_ward,FIFTH STANDARD,0,recognized qualification,16
2010,gp_ward,FIFTH STANDARED,0,recognized qualification,2
2010,gp_ward,FIFTH STD,0,recognized qualification,6
2010,gp_ward,FIFTH STD.,0,recognized qualification,4
2010,gp_ward,FIIFTH STANDARD,NA,unclassified,2
2010,gp_ward,FIVE,NA,unclassified,4
2010,gp_ward,FIVE STANDARD,NA,unclassified,1
2010,gp_ward,FIVE STD,NA,unclassified,1
2010,gp_ward,FOUR,NA,unclassified,2
2010,gp_ward,FOURTH,0,recognized qualification,4
2010,gp_ward,FOURTH CLASS PASSED,0,recognized qualification,1
2010,gp_ward,FOURTH STANDARAD,0,recognized qualification,3
2010,gp_ward,FOURTH STANDARD,0,recognized qualification,17
2010,gp_ward,FOURTH STANDERD,0,recognized qualification,2
2010,gp_ward,FOURTH STANTERD,0,recognized qualification,1
2010,gp_ward,FOURTH STD,0,recognized qualification,2
2010,gp_ward,FOURTH STD.,0,recognized qualification,1
2010,gp_ward,"GEN. NURSING , S.S.L.C",0,recognized qualification,1
2010,gp_ward,GRADUATE,1,recognized qualification,9
2010,gp_ward,GRADUATION,1,recognized qualification,17
2010,gp_ward,GRADUATION IN HINDI,1,recognized qualification,1
2010,gp_ward,GRADUCATE,NA,unclassified,1
2010,gp_ward,H.D.C,NA,unclassified,1
2010,gp_ward,H.S.C,0,recognized qualification,2
2010,gp_ward,H.S.S.C,NA,unclassified,1
2010,gp_ward,HAFLA SALAL ULAMA,NA,unclassified,1
2010,gp_ward,HIGH SCHOOL,0,recognized qualification,4
2010,gp_ward,HIGH SCOOL,NA,unclassified,1
2010,gp_ward,HIGHER SECONDARY,0,recognized qualification,2
2010,gp_ward,HINDHI T.T.C,0,recognized qualification,1
2010,gp_ward,"HINDI ,SHIKSHA SNATHAK",NA,unclassified,1
2010,gp_ward,HINDI B ED,1,recognized qualification,1
2010,gp_ward,HINDI BED,1,recognized qualification,1
2010,gp_ward,HINDI BHOOSHAN,NA,unclassified,1
2010,gp_ward,HINDI DIPLOMA,0,recognized qualification,1
2010,gp_ward,HINDI L.T.T,NA,unclassified,1
2010,gp_ward,HINDI LTT,NA,unclassified,1
2010,gp_ward,HINDI PRAVEEN,NA,unclassified,4
2010,gp_ward,HINDI SAHITHYAACHARYA,NA,unclassified,1
2010,gp_ward,HINDI SAHITHYACHARIA,NA,unclassified,1
2010,gp_ward,HINDI SAHITYA ACHARYA,NA,unclassified,1
2010,gp_ward,HINDI T T C,0,recognized qualification,1
2010,gp_ward,HINDI TTC,0,recognized qualification,1
2010,gp_ward,HINDI VIDHWAN,NA,unclassified,1
2010,gp_ward,HINDI VIDVAN,NA,unclassified,1
2010,gp_ward,HINDI VIDWAN,NA,unclassified,1
2010,gp_ward,"HINDI,B.ED",1,recognized qualification,1
2010,gp_ward,"HINDI- B.ED, BA",1,recognized qualification,1
2010,gp_ward,HISTRY,NA,unclassified,2
2010,gp_ward,"HSA, BA",1,recognized qualification,1
2010,gp_ward,I,NA,unclassified,1
2010,gp_ward,I ST STD,NA,unclassified,1
2010,gp_ward,I T C,NA,unclassified,1
2010,gp_ward,I T I,NA,unclassified,7
2010,gp_ward,I. T. C,NA,unclassified,1
2010,gp_ward,I. T. I,NA,unclassified,1
2010,gp_ward,I.T. C,NA,unclassified,1
2010,gp_ward,I.T.I,0,recognized qualification,12
2010,gp_ward,I.T.I ELECTRICIAN,0,recognized qualification,1
2010,gp_ward,"I.T.I., P.D.C.",0,recognized qualification,1
2010,gp_ward,I.T.I.DIPLOMA,NA,unclassified,1
2010,gp_ward,II,NA,unclassified,1
2010,gp_ward,II STD,NA,unclassified,2
2010,gp_ward,III RD STD,NA,unclassified,2
2010,gp_ward,III STD,NA,unclassified,2
2010,gp_ward,IIIRD STANDARD,NA,unclassified,1
2010,gp_ward,IIIRD STD,NA,unclassified,1
2010,gp_ward,IIIRD STD.,NA,unclassified,1
2010,gp_ward,ILLITERATE,0,recognized qualification,1
2010,gp_ward,INTERMEDIATE,NA,unclassified,3
2010,gp_ward,"INTERMEDIATE, DIPLOMA IN COMMERCE",0,recognized qualification,1
2010,gp_ward,ITC,0,recognized qualification,1
2010,gp_ward,"ITC ELECTRICKAL, FIRE AND SAFETY",0,recognized qualification,1
2010,gp_ward,"ITC,B.B.A, D.F.TECH",1,recognized qualification,1
2010,gp_ward,ITI,0,recognized qualification,14
2010,gp_ward,"ITI ,MECHANICKAL DIPLOMA",0,recognized qualification,1
2010,gp_ward,ITI COMPUTER,0,recognized qualification,1
2010,gp_ward,ITI DIPLOMA IN CIVIL,0,recognized qualification,1
2010,gp_ward,ITI. IN CIVIL ENGINEER,0,recognized qualification,1
2010,gp_ward,ITI. PASS,0,recognized qualification,1
2010,gp_ward,IV,0,recognized qualification,13
2010,gp_ward,IV CLASS,0,recognized qualification,1
2010,gp_ward,IV STANDARD,0,recognized qualification,2
2010,gp_ward,IV STD.,0,recognized qualification,1
2010,gp_ward,IV TH STANDADARD,0,recognized qualification,1
2010,gp_ward,IV TH STANDARD,0,recognized qualification,1
2010,gp_ward,IV TH STD,0,recognized qualification,4
2010,gp_ward,IV TH STD.,0,recognized qualification,1
2010,gp_ward,IV-CLASS,0,recognized qualification,1
2010,gp_ward,IVTH,NA,unclassified,2
2010,gp_ward,IVTH STANDARD,NA,unclassified,1
2010,gp_ward,IVTH STD,NA,unclassified,4
2010,gp_ward,IX,0,recognized qualification,42
2010,gp_ward,IX - STD,0,recognized qualification,1
2010,gp_ward,IX CLASS,0,recognized qualification,2
2010,gp_ward,IX PASS,0,recognized qualification,1
2010,gp_ward,IX PASSED,0,recognized qualification,2
2010,gp_ward,IX STANDARD,0,recognized qualification,3
2010,gp_ward,IX STD,0,recognized qualification,7
2010,gp_ward,IX TH,0,recognized qualification,6
2010,gp_ward,IX TH CLASS,0,recognized qualification,1
2010,gp_ward,IX TH STANDARD,0,recognized qualification,4
2010,gp_ward,IX TH STD,0,recognized qualification,12
2010,gp_ward,IX- CLASS,0,recognized qualification,1
2010,gp_ward,IX- STD,0,recognized qualification,3
2010,gp_ward,IX-CLASS,0,recognized qualification,2
2010,gp_ward,IX-STD,0,recognized qualification,1
2010,gp_ward,IXTH,NA,unclassified,1
2010,gp_ward,IXTH STANDARD,NA,unclassified,6
2010,gp_ward,IXTH STD,NA,unclassified,1
2010,gp_ward,IXTH STD.,NA,unclassified,1
2010,gp_ward,J D C,NA,unclassified,2
2010,gp_ward,J D C DIPLOMA,0,recognized qualification,1
2010,gp_ward,J T S L C,NA,unclassified,1
2010,gp_ward,J.D. C,NA,unclassified,1
2010,gp_ward,J.D.C,NA,unclassified,3
2010,gp_ward,"J.D.C,CIVIL DIPLOMA",0,recognized qualification,1
2010,gp_ward,J.T.S.L.C,NA,unclassified,1
2010,gp_ward,J.T.SSLC,NA,unclassified,1
2010,gp_ward,JDC,NA,unclassified,4
2010,gp_ward,JDC(DIPLOMA),0,recognized qualification,1
2010,gp_ward,JOURNALISM,NA,unclassified,1
2010,gp_ward,JTSLC,NA,unclassified,4
2010,gp_ward,JTSLC ITI,0,recognized qualification,1
2010,gp_ward,JUNIOR DIPLOMA IN CO OPERATION,0,recognized qualification,1
2010,gp_ward,K.G.C.E,NA,unclassified,2
2010,gp_ward,K.G.C.E.,NA,unclassified,1
2010,gp_ward,KGTE (DRAWING),NA,unclassified,1
2010,gp_ward,L L B,1,recognized qualification,3
2010,gp_ward,L.L.B,1,recognized qualification,8
2010,gp_ward,L.L.B 1ST SEMESTER,1,recognized qualification,1
2010,gp_ward,L.L.B.,1,recognized qualification,1
2010,gp_ward,L.L.M,1,recognized qualification,2
2010,gp_ward,L.L.M L.L.B,1,recognized qualification,1
2010,gp_ward,LANGAUGE TEACHERS TRAINING,NA,unclassified,1
2010,gp_ward,LITREATE,NA,unclassified,1
2010,gp_ward,LITRECYUNDER SAKSTARATHA MISSION,NA,unclassified,5
2010,gp_ward,LITTERATE,NA,unclassified,1
2010,gp_ward,LLB,1,recognized qualification,7
2010,gp_ward,LLB DOING,1,recognized qualification,1
2010,gp_ward,"LLB,LLM",1,recognized qualification,1
2010,gp_ward,M A,1,recognized qualification,18
2010,gp_ward,"M A , B.ED",1,recognized qualification,3
2010,gp_ward,"M A , BED",1,recognized qualification,1
2010,gp_ward,M A -MALAYALAM,1,recognized qualification,1
2010,gp_ward,M A B.ED,1,recognized qualification,1
2010,gp_ward,M A BED,1,recognized qualification,2
2010,gp_ward,M A COMPLETED,1,recognized qualification,1
2010,gp_ward,M A ECONOMICS,1,recognized qualification,1
2010,gp_ward,M A HISTORY,1,recognized qualification,1
2010,gp_ward,M A MALAYALAM,1,recognized qualification,2
2010,gp_ward,M A(ECONOMICS),1,recognized qualification,1
2010,gp_ward,"M A, B ED",1,recognized qualification,1
2010,gp_ward,"M A, B-ED",1,recognized qualification,1
2010,gp_ward,"M A, L L B",1,recognized qualification,1
2010,gp_ward,M A. ARABIC,1,recognized qualification,1
2010,gp_ward,M A. LLB,1,recognized qualification,1
2010,gp_ward,M B A,1,recognized qualification,1
2010,gp_ward,M COM,1,recognized qualification,4
2010,gp_ward,M COM (FINANCE),1,recognized qualification,1
2010,gp_ward,M COM NOT COMPLETE,NA,unclassified,1
2010,gp_ward,M L T,NA,unclassified,1
2010,gp_ward,"M S W, M PHIL",NA,unclassified,1
2010,gp_ward,M SC,1,recognized qualification,1
2010,gp_ward,M-COM,1,recognized qualification,1
2010,gp_ward,M. A,1,recognized qualification,2
2010,gp_ward,"M. A , B .ED",1,recognized qualification,1
2010,gp_ward,M. A COMPLETED,1,recognized qualification,1
2010,gp_ward,"M. A, L L B",1,recognized qualification,1
2010,gp_ward,M. COM,1,recognized qualification,2
2010,gp_ward,M.A,1,recognized qualification,39
2010,gp_ward,"M.A , BED",1,recognized qualification,1
2010,gp_ward,"M.A ,B ED",1,recognized qualification,1
2010,gp_ward,"M.A ,L.L.B",1,recognized qualification,1
2010,gp_ward,M.A B.ED,1,recognized qualification,1
2010,gp_ward,M.A B.ED.,1,recognized qualification,1
2010,gp_ward,M.A BED,1,recognized qualification,3
2010,gp_ward,M.A BED(ECONOMICS),1,recognized qualification,1
2010,gp_ward,M.A ECNOMICS,1,recognized qualification,1
2010,gp_ward,M.A ECONOMICS,1,recognized qualification,2
2010,gp_ward,"M.A ECONOMICS, P G D C A",1,recognized qualification,1
2010,gp_ward,M.A ENGLISH,1,recognized qualification,1
2010,gp_ward,M.A HISTORY,1,recognized qualification,1
2010,gp_ward,M.A LITERATURE,1,recognized qualification,1
2010,gp_ward,"M.A MALAYALAM, PG DIPLOMA IN JOURNALISM",1,recognized qualification,1
2010,gp_ward,M.A POLITICS,1,recognized qualification,1
2010,gp_ward,M.A SANSCRIT,1,recognized qualification,1
2010,gp_ward,M.A SOCIOLOGY,1,recognized qualification,1
2010,gp_ward,"M.A, B ED",1,recognized qualification,1
2010,gp_ward,"M.A, B. ED",1,recognized qualification,1
2010,gp_ward,"M.A, B.ED",1,recognized qualification,2
2010,gp_ward,"M.A, BED",1,recognized qualification,1
2010,gp_ward,"M.A, COMPUTER KNOWLEDGE",1,recognized qualification,1
2010,gp_ward,"M.A, DNYS",1,recognized qualification,1
2010,gp_ward,"M.A, ITI (ELECTRICIAN)",1,recognized qualification,1
2010,gp_ward,"M.A, LLB",1,recognized qualification,1
2010,gp_ward,"M.A,B.ED",1,recognized qualification,7
2010,gp_ward,"M.A,LL.B",1,recognized qualification,1
2010,gp_ward,"M.A,LLB",1,recognized qualification,1
2010,gp_ward,"M.A,M.E.D",1,recognized qualification,1
2010,gp_ward,"M.A,MED",1,recognized qualification,1
2010,gp_ward,"M.A,MPHIL",1,recognized qualification,2
2010,gp_ward,M.A.,1,recognized qualification,9
2010,gp_ward,M.A. (ECONOMICS),1,recognized qualification,1
2010,gp_ward,M.A. (HINDI),1,recognized qualification,1
2010,gp_ward,M.A. B.ED,1,recognized qualification,3
2010,gp_ward,M.A. ECONOMICS,1,recognized qualification,1
2010,gp_ward,"M.A. ENGLISH, BED",1,recognized qualification,1
2010,gp_ward,M.A. HINDI,1,recognized qualification,1
2010,gp_ward,M.A. HISTORY,1,recognized qualification,1
2010,gp_ward,M.A. M.ED,1,recognized qualification,1
2010,gp_ward,"M.A., H.D.C",1,recognized qualification,1
2010,gp_ward,"M.A., LLB",1,recognized qualification,1
2010,gp_ward,M.A.B.ED.,NA,unclassified,2
2010,gp_ward,M.A.BED,NA,unclassified,1
2010,gp_ward,"M.A.BED,BLIBSC",NA,unclassified,1
2010,gp_ward,M.A.DEGREE/HISTORY,NA,unclassified,1
2010,gp_ward,M.A.ECONOMICS,NA,unclassified,1
2010,gp_ward,M.A.LITERATURE,NA,unclassified,1
2010,gp_ward,M.A.UNCOMPLETED,NA,unclassified,1
2010,gp_ward,M.B.A,1,recognized qualification,1
2010,gp_ward,"M.B.A , PHD",1,recognized qualification,1
2010,gp_ward,"M.B.A, D.P.R.A, D.E.M.M",1,recognized qualification,1
2010,gp_ward,M.C.A,1,recognized qualification,1
2010,gp_ward,M.COM,1,recognized qualification,16
2010,gp_ward,"M.COM , SECRETARIAL COURSE",1,recognized qualification,1
2010,gp_ward,"M.COM ,BED",1,recognized qualification,1
2010,gp_ward,M.COM B. ED,1,recognized qualification,1
2010,gp_ward,M.COM COMPLETED,1,recognized qualification,1
2010,gp_ward,"M.COM COMPLETED, ITI (DPCS)",1,recognized qualification,1
2010,gp_ward,M.COM PGDCA,1,recognized qualification,1
2010,gp_ward,"M.COM, H.D.C",1,recognized qualification,1
2010,gp_ward,"M.COM,LL.B",1,recognized qualification,1
2010,gp_ward,"M.COM,MBA",1,recognized qualification,1
2010,gp_ward,"M.COM,P.G.D.C.A",1,recognized qualification,1
2010,gp_ward,M.COM.,1,recognized qualification,1
2010,gp_ward,M.COM. HDC,1,recognized qualification,1
2010,gp_ward,"M.COM.CO-OPERATION, BLS",NA,unclassified,1
2010,gp_ward,M.P.A - GANAPRAVEEN,NA,unclassified,1
2010,gp_ward,"M.PHIL, B.ED",1,recognized qualification,1
2010,gp_ward,M.S.C,1,recognized qualification,1
2010,gp_ward,M.SC,1,recognized qualification,1
2010,gp_ward,M.SC (NURSING),1,recognized qualification,1
2010,gp_ward,M.SC B. ED,1,recognized qualification,1
2010,gp_ward,M.SC(R.A),1,recognized qualification,1
2010,gp_ward,"M.SC, B.ED",1,recognized qualification,1
2010,gp_ward,"M.SC, ZOOLOGY, B.ED",1,recognized qualification,1
2010,gp_ward,"M.SC,BED",1,recognized qualification,1
2010,gp_ward,"M.SC,LL.B",1,recognized qualification,1
2010,gp_ward,M.SC.B.ED,NA,unclassified,1
2010,gp_ward,MA,1,recognized qualification,31
2010,gp_ward,MA (ECONOMICS),1,recognized qualification,1
2010,gp_ward,MA (ONGOING),NA,unclassified,1
2010,gp_ward,"MA , BED",1,recognized qualification,2
2010,gp_ward,"MA ,BED",1,recognized qualification,1
2010,gp_ward,"MA ,LLB",1,recognized qualification,1
2010,gp_ward,"MA ,MPHILL",1,recognized qualification,1
2010,gp_ward,MA ARABIC,1,recognized qualification,1
2010,gp_ward,MA B ED,1,recognized qualification,1
2010,gp_ward,MA BED,1,recognized qualification,7
2010,gp_ward,MA BED/HDC,1,recognized qualification,1
2010,gp_ward,MA ECONOMICS,1,recognized qualification,1
2010,gp_ward,MA ENGLISH,1,recognized qualification,1
2010,gp_ward,"MA M.ED,",1,recognized qualification,1
2010,gp_ward,"MA(ECO),BED,SET,HDC",1,recognized qualification,1
2010,gp_ward,"MA(ECO),HDC,MBA",1,recognized qualification,1
2010,gp_ward,MA(ECONOMICS),1,recognized qualification,1
2010,gp_ward,"MA, B ED",1,recognized qualification,1
2010,gp_ward,"MA, B.ED",1,recognized qualification,4
2010,gp_ward,"MA, BED",1,recognized qualification,5
2010,gp_ward,"MA, BED , SET",1,recognized qualification,1
2010,gp_ward,"MA, BED., SET, PHD",1,recognized qualification,1
2010,gp_ward,"MA, L.L.B",1,recognized qualification,1
2010,gp_ward,"MA, LLB",1,recognized qualification,4
2010,gp_ward,"MA, MSW, BED",1,recognized qualification,1
2010,gp_ward,"MA, PG DIPLOMA IN JOURNALISM",1,recognized qualification,1
2010,gp_ward,"MA, PGDCA",1,recognized qualification,1
2010,gp_ward,"MA, TTC",1,recognized qualification,1
2010,gp_ward,"MA,B ED",1,recognized qualification,2
2010,gp_ward,"MA,B.ED",1,recognized qualification,2
2010,gp_ward,"MA,BED",1,recognized qualification,2
2010,gp_ward,"MA,BED,M.PHIL",1,recognized qualification,1
2010,gp_ward,"MA,BED,SET",1,recognized qualification,2
2010,gp_ward,"MA,BSC BED",1,recognized qualification,1
2010,gp_ward,"MA,LLB.B.ED",1,recognized qualification,1
2010,gp_ward,"MA,M.ED,M.PHIL",1,recognized qualification,1
2010,gp_ward,"MA,M.PHIL",1,recognized qualification,1
2010,gp_ward,"MA,MED",1,recognized qualification,1
2010,gp_ward,MA-BED,1,recognized qualification,1
2010,gp_ward,MA-MALAYALAM,1,recognized qualification,1
2010,gp_ward,MA-PUBLIC ADMINISTRATION,1,recognized qualification,1
2010,gp_ward,MA. (ECONOMICS),1,recognized qualification,1
2010,gp_ward,MA. BED,1,recognized qualification,1
2010,gp_ward,MA.BED,NA,unclassified,1
2010,gp_ward,MALAYALAM,NA,unclassified,1
2010,gp_ward,MALAYALAM VIDUVAN,NA,unclassified,1
2010,gp_ward,MALAYALAM VIDWAN,NA,unclassified,1
2010,gp_ward,MALAYALAM VIDWAN AND LANGUAGE TEACHERS TRAINING,NA,unclassified,1
2010,gp_ward,MARINE ENGINEERING,NA,unclassified,1
2010,gp_ward,MASTER OF ARTS,NA,unclassified,1
2010,gp_ward,MASTER OF SOCIAL WORK,NA,unclassified,1
2010,gp_ward,MBA,1,recognized qualification,3
2010,gp_ward,MBA(FINANCE),1,recognized qualification,1
2010,gp_ward,MCOM,1,recognized qualification,2
2010,gp_ward,"MCOM(NOT COMPLETED),HDC",NA,unclassified,1
2010,gp_ward,"MCOM, BED",1,recognized qualification,1
2010,gp_ward,"MCOM, MBA",1,recognized qualification,1
2010,gp_ward,"MCOM,BED,SET",1,recognized qualification,1
2010,gp_ward,MECHANICAL ENGINEER,NA,unclassified,1
2010,gp_ward,MSC,1,recognized qualification,3
2010,gp_ward,MSC BED,1,recognized qualification,1
2010,gp_ward,MSC BOTANY,1,recognized qualification,1
2010,gp_ward,MSC COMPLETED,1,recognized qualification,1
2010,gp_ward,MSC COMPUTER SCIENCE,1,recognized qualification,1
2010,gp_ward,"MSC MATHEMATICS , B,ED",1,recognized qualification,1
2010,gp_ward,MSC STATISTICS,1,recognized qualification,1
2010,gp_ward,MSC STUDENT,1,recognized qualification,1
2010,gp_ward,"MSC, B ED",1,recognized qualification,1
2010,gp_ward,"MSC, BED, SET",1,recognized qualification,1
2010,gp_ward,"MSC, L.L.B",1,recognized qualification,1
2010,gp_ward,"MSC,BED",1,recognized qualification,1
2010,gp_ward,"MSC,BED.",1,recognized qualification,1
2010,gp_ward,MSC. M.PHIL,1,recognized qualification,1
2010,gp_ward,MSC.BED,NA,unclassified,3
2010,gp_ward,N.T.T.C,NA,unclassified,1
2010,gp_ward,NAINTH,NA,unclassified,1
2010,gp_ward,NIL,NA,missing or unspecified,5
2010,gp_ward,NILL,NA,unclassified,1
2010,gp_ward,NINE,NA,unclassified,9
2010,gp_ward,NINE STANDARD,NA,unclassified,4
2010,gp_ward,NINE TH,NA,unclassified,1
2010,gp_ward,NINE TH STD,NA,unclassified,1
2010,gp_ward,NINENTH,NA,unclassified,2
2010,gp_ward,NINENTH STANDARD,NA,unclassified,5
2010,gp_ward,NINENTH STD,NA,unclassified,1
2010,gp_ward,NINETH,0,recognized qualification,9
2010,gp_ward,NINETH .,0,recognized qualification,1
2010,gp_ward,NINETH CLASS,0,recognized qualification,2
2010,gp_ward,NINETH PASS,0,recognized qualification,1
2010,gp_ward,NINETH STANDARD,0,recognized qualification,15
2010,gp_ward,NINETH STANDERD,0,recognized qualification,1
2010,gp_ward,NINETH STATANDARD,0,recognized qualification,1
2010,gp_ward,NINETH STD,0,recognized qualification,10
2010,gp_ward,NINETH STD.,0,recognized qualification,3
2010,gp_ward,NINTH,0,recognized qualification,4
2010,gp_ward,NINTH PASSED,0,recognized qualification,2
2010,gp_ward,NINTH STANDARD,0,recognized qualification,6
2010,gp_ward,NINTH STANDERED,0,recognized qualification,1
2010,gp_ward,NINTH STD,0,recognized qualification,3
2010,gp_ward,NOT STUDIED,NA,unclassified,2
2010,gp_ward,NURSING,NA,unclassified,1
2010,gp_ward,P . D. C,0,recognized qualification,7
2010,gp_ward,P .D .C,0,recognized qualification,1
2010,gp_ward,P D C,0,recognized qualification,242
2010,gp_ward,"P D C , COMPUTER DIPLOMA",0,recognized qualification,1
2010,gp_ward,"P D C , D - SH& TW",0,recognized qualification,1
2010,gp_ward,"P D C , DIPLOMA IN ELECTRONICS",0,recognized qualification,1
2010,gp_ward,"P D C , I T I (FITTER)",0,recognized qualification,1
2010,gp_ward,"P D C , STENOGRAPHY",0,recognized qualification,1
2010,gp_ward,"P D C ,D C H",0,recognized qualification,1
2010,gp_ward,"P D C ,DHMS",0,recognized qualification,1
2010,gp_ward,"P D C ,I.T.I",0,recognized qualification,1
2010,gp_ward,"P D C ,T T C",0,recognized qualification,1
2010,gp_ward,P D C .N.T.T.C,0,recognized qualification,1
2010,gp_ward,"P D C COMPLETED, HINDI BHOOSHAN, COMPUTER OFFICE CLERK",0,recognized qualification,1
2010,gp_ward,P D C FAILED,0,recognized qualification,3
2010,gp_ward,"P D C I T C, DRAUGHTSMAN CIVIL",0,recognized qualification,1
2010,gp_ward,P D C PASS,0,recognized qualification,2
2010,gp_ward,P D C PASSED,0,recognized qualification,3
2010,gp_ward,P D C WITH J D C,0,recognized qualification,1
2010,gp_ward,"P D C,",0,recognized qualification,1
2010,gp_ward,"P D C, CHAIN SURVEY",0,recognized qualification,1
2010,gp_ward,"P D C, HEALTH INSPECTOR DIPLOMA",0,recognized qualification,1
2010,gp_ward,"P D C, HINDI",0,recognized qualification,1
2010,gp_ward,"P D C, I T A",0,recognized qualification,1
2010,gp_ward,"P D C, I T C MECHANIC GENERAL, ELECTRONICS",0,recognized qualification,1
2010,gp_ward,"P D C, ITI",0,recognized qualification,1
2010,gp_ward,"P D C, J D C",0,recognized qualification,1
2010,gp_ward,"P D C, K G C(E T C)",0,recognized qualification,1
2010,gp_ward,"P D C, K G T (T E N) COURSE LOWER AND HIGHER PASSED, P P T T C PASSED",0,recognized qualification,1
2010,gp_ward,"P D C, L T T",0,recognized qualification,1
2010,gp_ward,"P D C, P P T T C",0,recognized qualification,1
2010,gp_ward,"P D C, P T T C",0,recognized qualification,1
2010,gp_ward,"P D C, T T C PASSED",0,recognized qualification,1
2010,gp_ward,"P D C,DIPLOMA IN HOTEL MANAGEMENT",0,recognized qualification,1
2010,gp_ward,"P D C,I T I",0,recognized qualification,1
2010,gp_ward,"P D C,J D C",0,recognized qualification,1
2010,gp_ward,"P D C,J.D.C",0,recognized qualification,1
2010,gp_ward,P D.C,NA,unclassified,1
2010,gp_ward,P DC,NA,unclassified,3
2010,gp_ward,P U C,NA,unclassified,4
2010,gp_ward,P. D. C,0,recognized qualification,10
2010,gp_ward,"P. D. C , P. P. T. C",0,recognized qualification,1
2010,gp_ward,"P. D. C, DIPLOMA",0,recognized qualification,1
2010,gp_ward,"P. D. C, T.T.C",0,recognized qualification,1
2010,gp_ward,P. D. C.,0,recognized qualification,3
2010,gp_ward,"P.D C,K.G.T CRAFT",NA,unclassified,1
2010,gp_ward,P.D.C,0,recognized qualification,432
2010,gp_ward,P.D.C & DIPLOMA IN MARINE ENGINEERING,0,recognized qualification,1
2010,gp_ward,P.D.C (FAILED),0,recognized qualification,1
2010,gp_ward,"P.D.C , M.T.T.C",0,recognized qualification,1
2010,gp_ward,"P.D.C , P.P.T.T.C",0,recognized qualification,1
2010,gp_ward,"P.D.C , T.T.C",0,recognized qualification,1
2010,gp_ward,"P.D.C ,I.T.C",0,recognized qualification,1
2010,gp_ward,"P.D.C ,I.T.I",0,recognized qualification,1
2010,gp_ward,"P.D.C ,PRINTING TECHNOLOGY",0,recognized qualification,1
2010,gp_ward,P.D.C APPEARING,0,recognized qualification,1
2010,gp_ward,P.D.C COMPLETED,0,recognized qualification,3
2010,gp_ward,P.D.C DMLT,0,recognized qualification,1
2010,gp_ward,P.D.C FAILED,0,recognized qualification,2
2010,gp_ward,P.D.C PASS,0,recognized qualification,1
2010,gp_ward,P.D.C$C T T C$P D T T C,0,recognized qualification,1
2010,gp_ward,"P.D.C, B.A",1,recognized qualification,1
2010,gp_ward,"P.D.C, BA(FAIL)",NA,unclassified,1
2010,gp_ward,"P.D.C, BCOM",1,recognized qualification,1
2010,gp_ward,"P.D.C, CIVIL DRAUGHT\'S MAN, COMPUTER AUTOCAD",0,recognized qualification,1
2010,gp_ward,"P.D.C, D COM",0,recognized qualification,1
2010,gp_ward,"P.D.C, D.T.P",0,recognized qualification,1
2010,gp_ward,"P.D.C, DIPLOMA",0,recognized qualification,1
2010,gp_ward,"P.D.C, DIPLOMA IN FIRE AND SAFETY ENGINEERING",0,recognized qualification,1
2010,gp_ward,"P.D.C, DMLT",0,recognized qualification,1
2010,gp_ward,"P.D.C, HINDI DEGREE",1,recognized qualification,1
2010,gp_ward,"P.D.C, I.T.C",0,recognized qualification,2
2010,gp_ward,"P.D.C, ITC",0,recognized qualification,3
2010,gp_ward,"P.D.C, J.D.C",0,recognized qualification,2
2010,gp_ward,"P.D.C, N.C.V.T. I.T.I, DIPLOMA IN ELECTRONICS",0,recognized qualification,1
2010,gp_ward,"P.D.C, NURSING",0,recognized qualification,2
2010,gp_ward,"P.D.C, PRE-TTC",0,recognized qualification,1
2010,gp_ward,"P.D.C, T T C",0,recognized qualification,1
2010,gp_ward,"P.D.C, T.T.C",0,recognized qualification,1
2010,gp_ward,"P.D.C, TTC",0,recognized qualification,1
2010,gp_ward,"P.D.C,B.SC INCOMPLETE",NA,unclassified,1
2010,gp_ward,"P.D.C,COMPUTER TTC",0,recognized qualification,1
2010,gp_ward,"P.D.C,D.C.A",0,recognized qualification,1
2010,gp_ward,"P.D.C,D.C.P",0,recognized qualification,1
2010,gp_ward,"P.D.C,D.PHARM",0,recognized qualification,1
2010,gp_ward,"P.D.C,DIPLOMA IN ELECTRONICS",0,recognized qualification,1
2010,gp_ward,"P.D.C,ELECTRONIC DIPLOMA",0,recognized qualification,1
2010,gp_ward,"P.D.C,I.T.C.",0,recognized qualification,1
2010,gp_ward,"P.D.C,I.T.I",0,recognized qualification,2
2010,gp_ward,"P.D.C,I.T.I TELECOMMUNICATION",0,recognized qualification,1
2010,gp_ward,"P.D.C,J.D.C",0,recognized qualification,3
2010,gp_ward,"P.D.C,M.L.T",0,recognized qualification,1
2010,gp_ward,"P.D.C,N.T.T.C.",0,recognized qualification,1
2010,gp_ward,"P.D.C,T T C",0,recognized qualification,1
2010,gp_ward,P.D.C.,0,recognized qualification,89
2010,gp_ward,"P.D.C. , JDC",0,recognized qualification,1
2010,gp_ward,"P.D.C. ,I T.I",0,recognized qualification,1
2010,gp_ward,P.D.C. D.M.L.T,0,recognized qualification,1
2010,gp_ward,P.D.C. DIPLOMA IN HOTEL MANAGEMENT,0,recognized qualification,1
2010,gp_ward,P.D.C. FAIL,0,recognized qualification,1
2010,gp_ward,P.D.C. PASS.,0,recognized qualification,1
2010,gp_ward,P.D.C. PASSED,0,recognized qualification,1
2010,gp_ward,"P.D.C., HINDI T.T.C",0,recognized qualification,1
2010,gp_ward,"P.D.C., I.T.C.",0,recognized qualification,1
2010,gp_ward,"P.D.C., ITI",0,recognized qualification,1
2010,gp_ward,"P.D.C., ITI, DIPLOMA",0,recognized qualification,1
2010,gp_ward,"P.D.C., J.D.C.",0,recognized qualification,1
2010,gp_ward,"P.D.C., KGCE",0,recognized qualification,1
2010,gp_ward,"P.D.C., L.I.TRAINING COURSE",0,recognized qualification,1
2010,gp_ward,"P.D.C., T.T.C.",0,recognized qualification,1
2010,gp_ward,"P.D.C.,I.T.I",0,recognized qualification,1
2010,gp_ward,"P.D.C.,ITI STENOGRAPHY(E)",0,recognized qualification,1
2010,gp_ward,P.DC,0,recognized qualification,5
2010,gp_ward,"P.DC,NURSERY TEACHER\'S TRAINING COURSE",0,recognized qualification,1
2010,gp_ward,P.G,NA,unclassified,4
2010,gp_ward,"P.G, BED",1,recognized qualification,1
2010,gp_ward,"P.G, P.H.D",1,recognized qualification,1
2010,gp_ward,"P.G.D.C.A., B.SC MATHS",1,recognized qualification,1
2010,gp_ward,P.P.T.T.C,NA,unclassified,1
2010,gp_ward,P.U.C,0,recognized qualification,4
2010,gp_ward,P.U.C.,0,recognized qualification,6
2010,gp_ward,P.U.C. DIPLOMA IN LIBRARY SCIENCE,0,recognized qualification,1
2010,gp_ward,PASSED PRE - DEGREE,0,recognized qualification,1
2010,gp_ward,PASSED STANDARD 8,NA,unclassified,1
2010,gp_ward,PDC,0,recognized qualification,562
2010,gp_ward,PDC & COMPUTER,0,recognized qualification,1
2010,gp_ward,PDC & TTC,0,recognized qualification,1
2010,gp_ward,"PDC , I T C",0,recognized qualification,1
2010,gp_ward,"PDC , ITI",0,recognized qualification,1
2010,gp_ward,"PDC , ITI PASSED",0,recognized qualification,1
2010,gp_ward,"PDC , TTC",0,recognized qualification,1
2010,gp_ward,"PDC ,BTECH COURSE COMPLETED",NA,unclassified,1
2010,gp_ward,"PDC ,COMPUTER",0,recognized qualification,1
2010,gp_ward,"PDC ,NTTC",0,recognized qualification,1
2010,gp_ward,PDC -JDC,0,recognized qualification,1
2010,gp_ward,PDC AND C.T.T.C,0,recognized qualification,1
2010,gp_ward,PDC COMMERCE,0,recognized qualification,1
2010,gp_ward,PDC COMPLETED,0,recognized qualification,1
2010,gp_ward,"PDC COMPLETED, JDC",0,recognized qualification,1
2010,gp_ward,PDC FAIL,0,recognized qualification,2
2010,gp_ward,PDC FAILED,0,recognized qualification,6
2010,gp_ward,PDC NOT COMPLETED,0,recognized qualification,1
2010,gp_ward,PDC PASS,0,recognized qualification,2
2010,gp_ward,PDC PASSED,0,recognized qualification,6
2010,gp_ward,PDC PRILIMINARY,0,recognized qualification,1
2010,gp_ward,PDC TCW,0,recognized qualification,1
2010,gp_ward,PDC TTC,0,recognized qualification,1
2010,gp_ward,PDC(B.A COURSE COMPLETED),NA,unclassified,1
2010,gp_ward,PDC(COMPUTER),0,recognized qualification,1
2010,gp_ward,"PDC,",0,recognized qualification,3
2010,gp_ward,"PDC, CIVIL ENG. DIPLOMA",0,recognized qualification,1
2010,gp_ward,"PDC, CIVIL ENGINEERING",0,recognized qualification,1
2010,gp_ward,"PDC, CPED",0,recognized qualification,2
2010,gp_ward,"PDC, DIPLOMA",0,recognized qualification,1
2010,gp_ward,"PDC, DMLT",0,recognized qualification,1
2010,gp_ward,"PDC, HINDI (VISHARAD)",0,recognized qualification,1
2010,gp_ward,"PDC, HINDI BHOOSHAN",0,recognized qualification,1
2010,gp_ward,"PDC, ITC DIPLOMA",0,recognized qualification,1
2010,gp_ward,"PDC, ITI",0,recognized qualification,2
2010,gp_ward,"PDC, J.D.C",0,recognized qualification,3
2010,gp_ward,"PDC, JDC",0,recognized qualification,2
2010,gp_ward,"PDC, JDC PASSED",0,recognized qualification,1
2010,gp_ward,"PDC, KGTE DIPLOMA AGRICULTURE",0,recognized qualification,1
2010,gp_ward,"PDC, MS OFFICE",0,recognized qualification,1
2010,gp_ward,"PDC, NTTC",0,recognized qualification,1
2010,gp_ward,"PDC, NTTTC",0,recognized qualification,1
2010,gp_ward,"PDC, P.P.T.T.C",0,recognized qualification,1
2010,gp_ward,"PDC, TEACHERS TRAINING",0,recognized qualification,1
2010,gp_ward,"PDC, TTC",0,recognized qualification,5
2010,gp_ward,"PDC, TYPEWRITING",0,recognized qualification,1
2010,gp_ward,"PDC,AGRI-DIPLOMA",0,recognized qualification,1
2010,gp_ward,"PDC,CIVIL DIPLOMA",0,recognized qualification,1
2010,gp_ward,"PDC,COMPUTER",0,recognized qualification,1
2010,gp_ward,"PDC,D PHAM",0,recognized qualification,1
2010,gp_ward,"PDC,DCP",0,recognized qualification,1
2010,gp_ward,"PDC,DIPLOMA",0,recognized qualification,1
2010,gp_ward,"PDC,DIPLOMA IN AUTOMOBILE",0,recognized qualification,1
2010,gp_ward,"PDC,DIPLOMA IN OFFICE MANAGEMENT",0,recognized qualification,1
2010,gp_ward,"PDC,DIPLOMA IN PAINTING",0,recognized qualification,1
2010,gp_ward,"PDC,GNM",0,recognized qualification,1
2010,gp_ward,"PDC,HINDI BHOOSHAN",0,recognized qualification,1
2010,gp_ward,"PDC,ITC",0,recognized qualification,3
2010,gp_ward,"PDC,ITC, D/CIVIL ENG.",0,recognized qualification,1
2010,gp_ward,"PDC,ITI",0,recognized qualification,3
2010,gp_ward,"PDC,J.D.C.",0,recognized qualification,1
2010,gp_ward,"PDC,JDC",0,recognized qualification,2
2010,gp_ward,"PDC,NTTC",0,recognized qualification,1
2010,gp_ward,"PDC,NURSING",0,recognized qualification,1
2010,gp_ward,"PDC,PHY.EDU:DPED,ITI (ELECTRONICS)",0,recognized qualification,1
2010,gp_ward,"PDC,T.T.C",0,recognized qualification,1
2010,gp_ward,"PDC,TTC",0,recognized qualification,4
2010,gp_ward,PDC- LAB TECHNICIAN,0,recognized qualification,1
2010,gp_ward,PDC-TTC,0,recognized qualification,1
2010,gp_ward,PER DEGREE,1,recognized qualification,3
2010,gp_ward,PERSUING LLB,1,recognized qualification,1
2010,gp_ward,PG,NA,unclassified,2
2010,gp_ward,PG IN HISTORY,NA,unclassified,1
2010,gp_ward,PGDCA,NA,unclassified,1
2010,gp_ward,PH.D,1,recognized qualification,1
2010,gp_ward,PHARMACY & NURSING,NA,unclassified,1
2010,gp_ward,PIUS TWO,NA,unclassified,1
2010,gp_ward,PLUS - TWO,0,recognized qualification,1
2010,gp_ward,PLUS -TWO,0,recognized qualification,1
2010,gp_ward,PLUS 2,0,recognized qualification,6
2010,gp_ward,PLUS 2 T .T. C,0,recognized qualification,1
2010,gp_ward,PLUS ONE,0,recognized qualification,3
2010,gp_ward,PLUS TWO,0,recognized qualification,108
2010,gp_ward,PLUS TWO (VHSE),0,recognized qualification,1
2010,gp_ward,"PLUS TWO , T T C",0,recognized qualification,1
2010,gp_ward,PLUS TWO PASS,0,recognized qualification,2
2010,gp_ward,PLUS TWO PPTTC,0,recognized qualification,1
2010,gp_ward,"PLUS TWO, D-PHARM",0,recognized qualification,1
2010,gp_ward,"PLUS TWO, D.PHARM",0,recognized qualification,1
2010,gp_ward,"PLUS TWO, DIPLOMA",0,recognized qualification,1
2010,gp_ward,"PLUS TWO, NTTC",0,recognized qualification,1
2010,gp_ward,"PLUS TWO, T.T.C",0,recognized qualification,2
2010,gp_ward,"PLUS TWO, TTC",0,recognized qualification,3
2010,gp_ward,"PLUS TWO,DIPLOMA IN MECHANICAL ENGINIERING",0,recognized qualification,1
2010,gp_ward,"PLUS TWO,I T C",0,recognized qualification,1
2010,gp_ward,"PLUS TWO,ITI",0,recognized qualification,1
2010,gp_ward,"PLUS TWO,N T T C",0,recognized qualification,1
2010,gp_ward,"PLUS-1, NTTC",NA,unclassified,1
2010,gp_ward,PLUS-TWO,0,recognized qualification,3
2010,gp_ward,PLUS1,NA,unclassified,1
2010,gp_ward,POLITICS,NA,unclassified,1
2010,gp_ward,POLY TECHNIC,NA,unclassified,1
2010,gp_ward,POST GRADUATE,1,recognized qualification,2
2010,gp_ward,POST GRADUATION,1,recognized qualification,9
2010,gp_ward,POST.GRADUATION,NA,unclassified,1
2010,gp_ward,PRE - DEGREE,0,recognized qualification,19
2010,gp_ward,"PRE - DEGREE, D-PHARM",0,recognized qualification,1
2010,gp_ward,PRE - UNIVERSITY,NA,unclassified,1
2010,gp_ward,PRE -DEGREE,0,recognized qualification,7
2010,gp_ward,PRE DEGRE,NA,unclassified,2
2010,gp_ward,PRE DEGREE,0,recognized qualification,252
2010,gp_ward,PRE DEGREE (T.T.C),0,recognized qualification,1
2010,gp_ward,PRE DEGREE COURSE,0,recognized qualification,2
2010,gp_ward,PRE DEGREE PASS,0,recognized qualification,1
2010,gp_ward,PRE DEGREE PASSED,0,recognized qualification,1
2010,gp_ward,"PRE DEGREE, B A COMPLETED",0,recognized qualification,1
2010,gp_ward,"PRE DEGREE, DCA",0,recognized qualification,1
2010,gp_ward,"PRE DEGREE, DIP. IETE COMPLETED",0,recognized qualification,1
2010,gp_ward,"PRE DEGREE, DIPLOMA",0,recognized qualification,2
2010,gp_ward,"PRE DEGREE, DIPLOMA IN GENERAL NURSING",0,recognized qualification,1
2010,gp_ward,"PRE DEGREE, DRAFTSMAN CIVIL",0,recognized qualification,1
2010,gp_ward,"PRE DEGREE, I T I",0,recognized qualification,1
2010,gp_ward,"PRE DEGREE, JDC",0,recognized qualification,1
2010,gp_ward,"PRE DEGREE, JPHN",0,recognized qualification,1
2010,gp_ward,"PRE DEGREE, SURVEY",0,recognized qualification,1
2010,gp_ward,"PRE DEGREE, TTC",0,recognized qualification,1
2010,gp_ward,"PRE DEGREE,BA POLITICS COMPLETED",0,recognized qualification,1
2010,gp_ward,"PRE DEGREE,I.T.C",0,recognized qualification,1
2010,gp_ward,"PRE DEGREE,I.T.I",0,recognized qualification,1
2010,gp_ward,"PRE DEGREE,ITI",0,recognized qualification,1
2010,gp_ward,"PRE DEGREE,JDC,ITI",0,recognized qualification,1
2010,gp_ward,"PRE DEGREE,LABORATORY TECHNICIAN",0,recognized qualification,1
2010,gp_ward,"PRE DEGREE,TTC",0,recognized qualification,1
2010,gp_ward,"PRE DEGREE,TYPE WRITING,ONE YEAR COMPUTER SCIENCE,PGDCA",0,recognized qualification,1
2010,gp_ward,PRE DERGEE,NA,unclassified,1
2010,gp_ward,PRE DGREE,NA,unclassified,1
2010,gp_ward,PRE DIGREE,0,recognized qualification,6
2010,gp_ward,PRE GEGREE,NA,unclassified,4
2010,gp_ward,PRE UNIVERSITY,NA,unclassified,1
2010,gp_ward,PRE- DEGREE,0,recognized qualification,25
2010,gp_ward,PRE- DEGREE (FAILD),0,recognized qualification,1
2010,gp_ward,"PRE- DEGREE, K G C E IN CIVIL ENGINEERING",0,recognized qualification,1
2010,gp_ward,PRE- GEGREE,NA,unclassified,1
2010,gp_ward,PRE-DEGRE,NA,unclassified,3
2010,gp_ward,PRE-DEGREE,0,recognized qualification,358
2010,gp_ward,PRE-DEGREE (NOT COMPLETED),0,recognized qualification,1
2010,gp_ward,PRE-DEGREE (PASSED),0,recognized qualification,1
2010,gp_ward,"PRE-DEGREE ,T.T.C",0,recognized qualification,1
2010,gp_ward,PRE-DEGREE FAILED,0,recognized qualification,4
2010,gp_ward,PRE-DEGREE PASS,0,recognized qualification,2
2010,gp_ward,PRE-DEGREE(FAILED),0,recognized qualification,1
2010,gp_ward,"PRE-DEGREE, AGRICULTURE",0,recognized qualification,1
2010,gp_ward,"PRE-DEGREE, COMPUTER, STENOGRAPHY",0,recognized qualification,1
2010,gp_ward,"PRE-DEGREE, D-PHARM",0,recognized qualification,1
2010,gp_ward,"PRE-DEGREE, DIPLOMA IN PHARMACY",0,recognized qualification,1
2010,gp_ward,"PRE-DEGREE, HINDI PRAVEEN",0,recognized qualification,1
2010,gp_ward,"PRE-DEGREE, HINDI VIDWAN",0,recognized qualification,1
2010,gp_ward,"PRE-DEGREE, HOTEL MANAGEMENT",0,recognized qualification,1
2010,gp_ward,"PRE-DEGREE, I.T.C",0,recognized qualification,1
2010,gp_ward,"PRE-DEGREE, I.T.I",0,recognized qualification,4
2010,gp_ward,"PRE-DEGREE, ITI",0,recognized qualification,1
2010,gp_ward,"PRE-DEGREE, P P T T",0,recognized qualification,1
2010,gp_ward,"PRE-DEGREE, T T C",0,recognized qualification,1
2010,gp_ward,"PRE-DEGREE, T.T.C.",0,recognized qualification,1
2010,gp_ward,"PRE-DEGREE,A LEVEL,DOE ACC",0,recognized qualification,1
2010,gp_ward,"PRE-DEGREE,D.C.A, C.T.T.C",0,recognized qualification,1
2010,gp_ward,"PRE-DEGREE,DIPLOMA",0,recognized qualification,1
2010,gp_ward,"PRE-DEGREE,DIPLOMA COMMERCIAL PRACTICE(COMPLETED)",0,recognized qualification,1
2010,gp_ward,"PRE-DEGREE,I.T.C",0,recognized qualification,1
2010,gp_ward,"PRE-DEGREE,ITC",0,recognized qualification,2
2010,gp_ward,"PRE-DEGREE,JDC",0,recognized qualification,1
2010,gp_ward,"PRE-DEGREE,MLT,TYPEWRITING",0,recognized qualification,1
2010,gp_ward,"PRE-DEGREE,NTTC,DTP,MS-OFFICE",0,recognized qualification,1
2010,gp_ward,"PRE-DEGREE,T.T.C",0,recognized qualification,1
2010,gp_ward,"PRE-DEGREE,TYPE WRITING",0,recognized qualification,1
2010,gp_ward,PRE-DGREE,NA,unclassified,3
2010,gp_ward,PRE-DGREEE,NA,unclassified,1
2010,gp_ward,PRE-DIGREE,0,recognized qualification,1
2010,gp_ward,"PRE-DIGREE,HINDI PRAVEEN",0,recognized qualification,1
2010,gp_ward,PRE-GEGREE,NA,unclassified,1
2010,gp_ward,"PRE-PRIMARY , TTC",0,recognized qualification,1
2010,gp_ward,PRE.DEGREE,0,recognized qualification,7
2010,gp_ward,"PRE.DEGREE, J D C",0,recognized qualification,1
2010,gp_ward,PREDEGREE,0,recognized qualification,25
2010,gp_ward,"PREDEGREE , ITI",0,recognized qualification,1
2010,gp_ward,"PREDEGREE , KGTE",0,recognized qualification,1
2010,gp_ward,PREDEGREE PASS,0,recognized qualification,1
2010,gp_ward,"PREDEGREE, AGRICULTURE",0,recognized qualification,1
2010,gp_ward,"PREDEGREE, TTC",0,recognized qualification,1
2010,gp_ward,"PREDEGREE,ITI ELECTRONICS",0,recognized qualification,1
2010,gp_ward,PREE - DEGREE,0,recognized qualification,2
2010,gp_ward,PREE -DEGREE,0,recognized qualification,1
2010,gp_ward,PREE DE GREE,NA,unclassified,3
2010,gp_ward,PREE DEGREE,0,recognized qualification,155
2010,gp_ward,PREE DEGREE ( FAILED),0,recognized qualification,1
2010,gp_ward,"PREE DEGREE , JDC (JUNIOR DIPLOMA CO OPERATION)",0,recognized qualification,1
2010,gp_ward,"PREE DEGREE ,COMPUTER",0,recognized qualification,1
2010,gp_ward,PREE DEGREE COURSE,0,recognized qualification,1
2010,gp_ward,PREE DEGREE FAILED,0,recognized qualification,1
2010,gp_ward,PREE DEGREE PASS,0,recognized qualification,4
2010,gp_ward,PREE DEGREE TTC,0,recognized qualification,1
2010,gp_ward,"PREE DEGREE, ELECTRICLAL ENGINEERING",0,recognized qualification,1
2010,gp_ward,"PREE DEGREE, HINDI PRAVEEN",0,recognized qualification,2
2010,gp_ward,"PREE DEGREE, IT",0,recognized qualification,3
2010,gp_ward,"PREE DEGREE, P.G.D.C.A",0,recognized qualification,1
2010,gp_ward,"PREE DEGREE,JPHN,DCA",0,recognized qualification,1
2010,gp_ward,PREE DIGREE,0,recognized qualification,4
2010,gp_ward,PREE- DEGREE,0,recognized qualification,4
2010,gp_ward,"PREE- DEGREE, ITI",0,recognized qualification,1
2010,gp_ward,PREE-DEGREE,0,recognized qualification,58
2010,gp_ward,"PREE-DEGREE, JDC",0,recognized qualification,1
2010,gp_ward,"PREE-DEGREE,A.N.M",0,recognized qualification,1
2010,gp_ward,"PREE-DEGREE,I.T.I",0,recognized qualification,1
2010,gp_ward,"PREE-DEGREE,KGTE(HIGHER)",0,recognized qualification,1
2010,gp_ward,"PREE-DEGREE,TTC",0,recognized qualification,1
2010,gp_ward,PREE-DIGREE,0,recognized qualification,1
2010,gp_ward,PREE.DEGREE,0,recognized qualification,2
2010,gp_ward,PREEDEGREE,0,recognized qualification,11
2010,gp_ward,PREEDEGREE PASSED,0,recognized qualification,1
2010,gp_ward,"PREEDEGREE,ITC",0,recognized qualification,1
2010,gp_ward,"PREEDEGREE,ITI",0,recognized qualification,1
2010,gp_ward,"PREEDEGREE,KGTE ENGLISH & MALAYALAM HIGHER",0,recognized qualification,1
2010,gp_ward,"PREEE DEGREE, T T C",1,recognized qualification,1
2010,gp_ward,PRIMARY,0,recognized qualification,15
2010,gp_ward,PRIMARY - 9TH STD,0,recognized qualification,1
2010,gp_ward,PRIMARY EDUCATION,0,recognized qualification,1
2010,gp_ward,PUC,0,recognized qualification,10
2010,gp_ward,"PUC,MSC NURSING",1,recognized qualification,1
2010,gp_ward,"PUC,NCVT, TECHNICAL TEACHER TRAINING",0,recognized qualification,1
2010,gp_ward,"PUC,S S L C",0,recognized qualification,1
2010,gp_ward,S,NA,unclassified,1
2010,gp_ward,S .S. L .C,0,recognized qualification,5
2010,gp_ward,S S C,NA,unclassified,6
2010,gp_ward,"S S C,TYPEWRITING",NA,unclassified,1
2010,gp_ward,S S L C,0,recognized qualification,1407
2010,gp_ward,S S L C & ELECTRONICS,0,recognized qualification,1
2010,gp_ward,S S L C & JDC,0,recognized qualification,1
2010,gp_ward,S S L C (F),0,recognized qualification,1
2010,gp_ward,S S L C (FAILED),0,recognized qualification,5
2010,gp_ward,S S L C (PRE DEGREE FAILED),0,recognized qualification,1
2010,gp_ward,"S S L C , AGRI. SCIENCE , JDC",0,recognized qualification,1
2010,gp_ward,"S S L C , I T I NCTVT",0,recognized qualification,1
2010,gp_ward,"S S L C , ITC",0,recognized qualification,2
2010,gp_ward,"S S L C , P D C",0,recognized qualification,1
2010,gp_ward,"S S L C , T T C",0,recognized qualification,2
2010,gp_ward,"S S L C ,J D C",0,recognized qualification,2
2010,gp_ward,"S S L C ,NAC",0,recognized qualification,1
2010,gp_ward,"S S L C ,NTTC",0,recognized qualification,1
2010,gp_ward,"S S L C ,P.D.C, T.T.C",0,recognized qualification,1
2010,gp_ward,"S S L C ,PLUS TWO",0,recognized qualification,1
2010,gp_ward,"S S L C ,T T C",0,recognized qualification,1
2010,gp_ward,S S L C - ARMY SPECIAL,0,recognized qualification,1
2010,gp_ward,S S L C COMPLETED,0,recognized qualification,1
2010,gp_ward,S S L C FAIL,0,recognized qualification,2
2010,gp_ward,S S L C FAILD,0,recognized qualification,2
2010,gp_ward,S S L C FAILED,0,recognized qualification,13
2010,gp_ward,S S L C I T C,0,recognized qualification,1
2010,gp_ward,S S L C MECHANICAL DRAFTMAN,0,recognized qualification,1
2010,gp_ward,S S L C MGTE,0,recognized qualification,1
2010,gp_ward,S S L C PASS,0,recognized qualification,5
2010,gp_ward,S S L C PASSED,0,recognized qualification,5
2010,gp_ward,S S L C PDC,0,recognized qualification,1
2010,gp_ward,S S L C TYPEWRITING ENGLISH HINDI MALAYALAM PASSED,0,recognized qualification,1
2010,gp_ward,S S L C WITH AGRI DIPLOMA,0,recognized qualification,1
2010,gp_ward,S S L C& N.T.T.C,0,recognized qualification,1
2010,gp_ward,S S L C( ITI ELECTRONICS),0,recognized qualification,1
2010,gp_ward,S S L C(FAILED),0,recognized qualification,2
2010,gp_ward,"S S L C,",0,recognized qualification,8
2010,gp_ward,"S S L C, AFSAL-ULAMA ENTRANCE",0,recognized qualification,1
2010,gp_ward,"S S L C, AIR CONDITION DIPLOMA",0,recognized qualification,1
2010,gp_ward,"S S L C, ANM",0,recognized qualification,1
2010,gp_ward,"S S L C, B.SC, T T C",1,recognized qualification,1
2010,gp_ward,"S S L C, C T T C",0,recognized qualification,1
2010,gp_ward,"S S L C, CERTIFICATE COURSE IN STENOGRAPHY",0,recognized qualification,1
2010,gp_ward,"S S L C, CIVIL ENGINEERING",0,recognized qualification,1
2010,gp_ward,"S S L C, DEGREE",1,recognized qualification,1
2010,gp_ward,"S S L C, DIPLOMA",0,recognized qualification,1
2010,gp_ward,"S S L C, DRAFTSMAN CIVIL",0,recognized qualification,1
2010,gp_ward,"S S L C, HIGHER SURVEY",0,recognized qualification,1
2010,gp_ward,"S S L C, I T C",0,recognized qualification,2
2010,gp_ward,"S S L C, I T C (CIVIL, D MAN)",0,recognized qualification,1
2010,gp_ward,"S S L C, I T I",0,recognized qualification,7
2010,gp_ward,"S S L C, ITI",0,recognized qualification,3
2010,gp_ward,"S S L C, ITI PASSED",0,recognized qualification,1
2010,gp_ward,"S S L C, J D C",0,recognized qualification,4
2010,gp_ward,"S S L C, J D C, K G C E",0,recognized qualification,1
2010,gp_ward,"S S L C, J.D.C",0,recognized qualification,1
2010,gp_ward,"S S L C, JDC",0,recognized qualification,2
2010,gp_ward,"S S L C, JUNIOR DIPLOMA IN CO-OPERATION",0,recognized qualification,1
2010,gp_ward,"S S L C, L T T C",0,recognized qualification,1
2010,gp_ward,"S S L C, N T T C",0,recognized qualification,1
2010,gp_ward,"S S L C, NURSING (ANM)",0,recognized qualification,1
2010,gp_ward,"S S L C, P D C",0,recognized qualification,3
2010,gp_ward,"S S L C, P P T T C",0,recognized qualification,1
2010,gp_ward,"S S L C, P U C",0,recognized qualification,1
2010,gp_ward,"S S L C, PLUS TWO, T T C",0,recognized qualification,1
2010,gp_ward,"S S L C, PRE-DEGREE(FAILED)",0,recognized qualification,1
2010,gp_ward,"S S L C, STENOGRAPHY",0,recognized qualification,1
2010,gp_ward,"S S L C, T T C",0,recognized qualification,4
2010,gp_ward,"S S L C, T.T.C",0,recognized qualification,1
2010,gp_ward,"S S L C, TELECOMMUNICATION",0,recognized qualification,1
2010,gp_ward,"S S L C, TTC",0,recognized qualification,3
2010,gp_ward,"S S L C, ഝതഹേ ഊൈദ",0,recognized qualification,1
2010,gp_ward,"S S L C,ADIB-I-FAZIL",0,recognized qualification,1
2010,gp_ward,"S S L C,AFSAL UL ULAMA PRELEMINARY",0,recognized qualification,1
2010,gp_ward,"S S L C,AFZAUL ULAMA ENTRANCE-CALICUT UNIVERSITY",0,recognized qualification,1
2010,gp_ward,"S S L C,DIPLOMA IN AUTOMOBILE ENGINEERING",0,recognized qualification,1
2010,gp_ward,"S S L C,DIPLOMA IN GENERAL NURSING & MIDWIFERY COURSE",0,recognized qualification,1
2010,gp_ward,"S S L C,HINDI TTC",0,recognized qualification,1
2010,gp_ward,"S S L C,I T C",0,recognized qualification,1
2010,gp_ward,"S S L C,I T I",0,recognized qualification,1
2010,gp_ward,"S S L C,I T I,LIBRARY SCIENCE",0,recognized qualification,1
2010,gp_ward,"S S L C,I T T",0,recognized qualification,1
2010,gp_ward,"S S L C,ITI",0,recognized qualification,1
2010,gp_ward,"S S L C,J D C",0,recognized qualification,1
2010,gp_ward,"S S L C,NUSING",0,recognized qualification,1
2010,gp_ward,"S S L C,P D C",0,recognized qualification,2
2010,gp_ward,"S S L C,P.D.C,N T T C,TYPEWRITTING HIGHER,LOWER(E)",0,recognized qualification,1
2010,gp_ward,"S S L C,PDC",0,recognized qualification,4
2010,gp_ward,"S S L C,PDC, M.S.OFFICE",0,recognized qualification,1
2010,gp_ward,"S S L C,PLUS 2,COMPUTER MS OFFICE",0,recognized qualification,1
2010,gp_ward,"S S L C,PRE-DEGREE",0,recognized qualification,1
2010,gp_ward,"S S L C,T C H",0,recognized qualification,1
2010,gp_ward,"S S L C,T T C",0,recognized qualification,3
2010,gp_ward,"S S L C,TTC",0,recognized qualification,1
2010,gp_ward,S S L C/ T T C,0,recognized qualification,1
2010,gp_ward,S S LC,0,recognized qualification,52
2010,gp_ward,S S LC FAILED,0,recognized qualification,1
2010,gp_ward,S S LC PASS,0,recognized qualification,2
2010,gp_ward,S S LC PASSED,0,recognized qualification,5
2010,gp_ward,"S S LC PASSED, PDC",0,recognized qualification,1
2010,gp_ward,S S LS C,NA,unclassified,2
2010,gp_ward,S S SL C,0,recognized qualification,1
2010,gp_ward,S SL C,0,recognized qualification,10
2010,gp_ward,"S SL C , MLT",0,recognized qualification,1
2010,gp_ward,"S SL C , NTTC",0,recognized qualification,1
2010,gp_ward,S. S. L. C,0,recognized qualification,29
2010,gp_ward,"S. S. L. C, & J. D. C",0,recognized qualification,1
2010,gp_ward,"S. S. L. C, JDC",0,recognized qualification,1
2010,gp_ward,S. S. L. C.,0,recognized qualification,15
2010,gp_ward,S. S. L. C. PASSED,0,recognized qualification,3
2010,gp_ward,S. S. L.C,0,recognized qualification,4
2010,gp_ward,"S. S. L.C, ATC",0,recognized qualification,1
2010,gp_ward,S..S.L.C,0,recognized qualification,1
2010,gp_ward,S.S .L.C,0,recognized qualification,1
2010,gp_ward,S.S L.C,0,recognized qualification,1
2010,gp_ward,"S.S,L,C",NA,unclassified,1
2010,gp_ward,S.S.,NA,unclassified,1
2010,gp_ward,S.S. L. C,NA,unclassified,2
2010,gp_ward,S.S. L.C,0,recognized qualification,5
2010,gp_ward,"S.S. L.C, I.T.I",0,recognized qualification,1
2010,gp_ward,S.S..C,0,recognized qualification,1
2010,gp_ward,S.S..C. I.T.I.,0,recognized qualification,1
2010,gp_ward,S.S..L.C,0,recognized qualification,1
2010,gp_ward,S.S..L.C.,0,recognized qualification,2
2010,gp_ward,"S.S..L.C., PRE DEGREE",0,recognized qualification,1
2010,gp_ward,"S.S..L.C., URDU DEGREE",1,recognized qualification,1
2010,gp_ward,S.S.C,0,recognized qualification,7
2010,gp_ward,"S.S.C, A/ULMA, P.G ARABIC",0,recognized qualification,1
2010,gp_ward,S.S.C.,0,recognized qualification,1
2010,gp_ward,"S.S.C., PPTTC",0,recognized qualification,1
2010,gp_ward,S.S.L..C,0,recognized qualification,2
2010,gp_ward,S.S.L.C,0,recognized qualification,2866
2010,gp_ward,S.S.L.C & I.T.I,0,recognized qualification,2
2010,gp_ward,S.S.L.C & J.D.C,0,recognized qualification,1
2010,gp_ward,S.S.L.C & KGTE,0,recognized qualification,1
2010,gp_ward,S.S.L.C & T.T.C,0,recognized qualification,2
2010,gp_ward,S.S.L.C (F),0,recognized qualification,1
2010,gp_ward,S.S.L.C (FAIL),0,recognized qualification,1
2010,gp_ward,S.S.L.C (FAILED),0,recognized qualification,20
2010,gp_ward,S.S.L.C + I.T.I,0,recognized qualification,1
2010,gp_ward,"S.S.L.C , D/CIVIL",0,recognized qualification,1
2010,gp_ward,"S.S.L.C , I.T.I",0,recognized qualification,1
2010,gp_ward,"S.S.L.C , ITC",0,recognized qualification,1
2010,gp_ward,"S.S.L.C , JDC",0,recognized qualification,1
2010,gp_ward,"S.S.L.C , P.D.C",0,recognized qualification,1
2010,gp_ward,"S.S.L.C , T.T.C",0,recognized qualification,4
2010,gp_ward,"S.S.L.C , T.T.C(SANSKRIT)",0,recognized qualification,1
2010,gp_ward,"S.S.L.C ,ITI",0,recognized qualification,1
2010,gp_ward,"S.S.L.C ,MALAYALAM VIDWAN L.T.T",0,recognized qualification,1
2010,gp_ward,"S.S.L.C ,MALAYALAM VIDWAN L.T.T.C",0,recognized qualification,1
2010,gp_ward,"S.S.L.C ,PPTTC",0,recognized qualification,1
2010,gp_ward,"S.S.L.C ,TTC",0,recognized qualification,1
2010,gp_ward,S.S.L.C -FAILED,0,recognized qualification,2
2010,gp_ward,S.S.L.C AND TTC,0,recognized qualification,1
2010,gp_ward,S.S.L.C D.E.M,0,recognized qualification,1
2010,gp_ward,S.S.L.C FAIL,0,recognized qualification,3
2010,gp_ward,S.S.L.C FAILED,0,recognized qualification,21
2010,gp_ward,S.S.L.C I.T.I,0,recognized qualification,1
2010,gp_ward,"S.S.L.C MALAYALAM VIDWAN, LTTC",0,recognized qualification,1
2010,gp_ward,S.S.L.C PASS,0,recognized qualification,2
2010,gp_ward,S.S.L.C PASSED,0,recognized qualification,11
2010,gp_ward,"S.S.L.C PASSED, TYPEWRITTING ENGLISH & MALAYALAM HIGHER",0,recognized qualification,1
2010,gp_ward,S.S.L.C STEC,0,recognized qualification,1
2010,gp_ward,S.S.L.C T .T.C,0,recognized qualification,1
2010,gp_ward,S.S.L.C WITH JDC,0,recognized qualification,1
2010,gp_ward,S.S.L.C& ITC,0,recognized qualification,1
2010,gp_ward,S.S.L.C&T .T.C,0,recognized qualification,1
2010,gp_ward,S.S.L.C(FAILD),0,recognized qualification,1
2010,gp_ward,S.S.L.C(FAILED),0,recognized qualification,2
2010,gp_ward,"S.S.L.C,",0,recognized qualification,5
2010,gp_ward,"S.S.L.C, AFSAL UL ULAMA ENTRANCE",0,recognized qualification,1
2010,gp_ward,"S.S.L.C, AFSAL-UL-ULAMA, MS-OFFICE",0,recognized qualification,1
2010,gp_ward,"S.S.L.C, CIVIL ENGINEER(IETES)",0,recognized qualification,1
2010,gp_ward,"S.S.L.C, DIPLOMA IN ELECTRICAL",0,recognized qualification,1
2010,gp_ward,"S.S.L.C, DIPLOMA IN FASHION DESIGNING",0,recognized qualification,1
2010,gp_ward,"S.S.L.C, ELECTRONICS",0,recognized qualification,1
2010,gp_ward,"S.S.L.C, HINDHI VIDHUVAN",0,recognized qualification,1
2010,gp_ward,"S.S.L.C, HINDI PRAVEEN",0,recognized qualification,1
2010,gp_ward,"S.S.L.C, HINDI VIDWAN",0,recognized qualification,1
2010,gp_ward,"S.S.L.C, HINDI VISHARAT",0,recognized qualification,1
2010,gp_ward,"S.S.L.C, I T I",0,recognized qualification,2
2010,gp_ward,"S.S.L.C, I.T.C",0,recognized qualification,2
2010,gp_ward,"S.S.L.C, I.T.I",0,recognized qualification,17
2010,gp_ward,"S.S.L.C, ITC",0,recognized qualification,1
2010,gp_ward,"S.S.L.C, ITC(D/CIVIL)",0,recognized qualification,1
2010,gp_ward,"S.S.L.C, ITI",0,recognized qualification,7
2010,gp_ward,"S.S.L.C, J.D.C",0,recognized qualification,4
2010,gp_ward,"S.S.L.C, JDC",0,recognized qualification,3
2010,gp_ward,"S.S.L.C, LAB TECH",0,recognized qualification,1
2010,gp_ward,"S.S.L.C, N.C.V.T",0,recognized qualification,1
2010,gp_ward,"S.S.L.C, N.D.F.A",0,recognized qualification,1
2010,gp_ward,"S.S.L.C, N.T.T.C",0,recognized qualification,1
2010,gp_ward,"S.S.L.C, NTC, CTI",0,recognized qualification,1
2010,gp_ward,"S.S.L.C, P.D.C",0,recognized qualification,4
2010,gp_ward,"S.S.L.C, P.D.C, I.T.C-CIVIL",0,recognized qualification,1
2010,gp_ward,"S.S.L.C, P.D.C, I.T.I",0,recognized qualification,1
2010,gp_ward,"S.S.L.C, P.D.C, N.T.C",0,recognized qualification,1
2010,gp_ward,"S.S.L.C, PASSED",0,recognized qualification,1
2010,gp_ward,"S.S.L.C, PDC",0,recognized qualification,1
2010,gp_ward,"S.S.L.C, PRE.DEGREE, GENERAL NURSING, OFFICE SECRETARYSHIP, STENOGRAPHY, PGDCA",0,recognized qualification,1
2010,gp_ward,"S.S.L.C, R.B.V HINDI PRAVEEN",0,recognized qualification,1
2010,gp_ward,"S.S.L.C, SURVEY PASSED",0,recognized qualification,1
2010,gp_ward,"S.S.L.C, T .T. C",0,recognized qualification,1
2010,gp_ward,"S.S.L.C, T T C",0,recognized qualification,2
2010,gp_ward,"S.S.L.C, T.T.C",0,recognized qualification,9
2010,gp_ward,"S.S.L.C, T.T.C, HINDIVIDWAN",0,recognized qualification,1
2010,gp_ward,"S.S.L.C, TELICOMMUNICATION, P.G.D.C.A",0,recognized qualification,1
2010,gp_ward,"S.S.L.C, TTC",0,recognized qualification,1
2010,gp_ward,"S.S.L.C, TYPE WRITING",0,recognized qualification,1
2010,gp_ward,"S.S.L.C, TYPE WRITING ,SHORT HAND",0,recognized qualification,1
2010,gp_ward,"S.S.L.C, URUDU HIGHER",0,recognized qualification,1
2010,gp_ward,"S.S.L.C, V. H. S. E",0,recognized qualification,1
2010,gp_ward,"S.S.L.C, V.H.S.C",0,recognized qualification,1
2010,gp_ward,"S.S.L.C, V.H.S.S.C,I.T.I",0,recognized qualification,1
2010,gp_ward,"S.S.L.C, VHSE",0,recognized qualification,1
2010,gp_ward,"S.S.L.C, VHSE, ITI",0,recognized qualification,1
2010,gp_ward,"S.S.L.C,+2,TTC,BA",1,recognized qualification,1
2010,gp_ward,"S.S.L.C,.I T.C",0,recognized qualification,1
2010,gp_ward,"S.S.L.C,AFDALULAMA",0,recognized qualification,1
2010,gp_ward,"S.S.L.C,CERTIFICATE OF PHISYCAL EDUCATION",0,recognized qualification,1
2010,gp_ward,"S.S.L.C,COMPUTER(ADCOM)",0,recognized qualification,1
2010,gp_ward,"S.S.L.C,D.PHARM",0,recognized qualification,2
2010,gp_ward,"S.S.L.C,DHMS",0,recognized qualification,1
2010,gp_ward,"S.S.L.C,DIPLOMA IN DRAWING&PAINTING",0,recognized qualification,1
2010,gp_ward,"S.S.L.C,DIPLOMA(HINDI)",0,recognized qualification,1
2010,gp_ward,"S.S.L.C,HINDI VIDWAN",0,recognized qualification,1
2010,gp_ward,"S.S.L.C,I T C",0,recognized qualification,1
2010,gp_ward,"S.S.L.C,I T I",0,recognized qualification,1
2010,gp_ward,"S.S.L.C,I. T. I",0,recognized qualification,1
2010,gp_ward,"S.S.L.C,I.T.C",0,recognized qualification,4
2010,gp_ward,"S.S.L.C,I.T.I",0,recognized qualification,5
2010,gp_ward,"S.S.L.C,ITC",0,recognized qualification,1
2010,gp_ward,"S.S.L.C,ITC,POLYTECHNIC",0,recognized qualification,1
2010,gp_ward,"S.S.L.C,ITI",0,recognized qualification,7
2010,gp_ward,"S.S.L.C,ITI(ELECTRICAL)",0,recognized qualification,1
2010,gp_ward,"S.S.L.C,J D C",0,recognized qualification,1
2010,gp_ward,"S.S.L.C,J.D.C",0,recognized qualification,5
2010,gp_ward,"S.S.L.C,J.D.C,HINDI SAHITHYACHARYA",0,recognized qualification,1
2010,gp_ward,"S.S.L.C,JDC",0,recognized qualification,1
2010,gp_ward,"S.S.L.C,K.G.T.E",0,recognized qualification,1
2010,gp_ward,"S.S.L.C,L.T.T.C(URDU)",0,recognized qualification,1
2010,gp_ward,"S.S.L.C,P.D.C",0,recognized qualification,3
2010,gp_ward,"S.S.L.C,P.D.C, T.T.C",0,recognized qualification,1
2010,gp_ward,"S.S.L.C,P.D.C. FAILED",0,recognized qualification,1
2010,gp_ward,"S.S.L.C,PDC",0,recognized qualification,1
2010,gp_ward,"S.S.L.C,PDC COMPLETED",0,recognized qualification,2
2010,gp_ward,"S.S.L.C,PRE-DEGREE",0,recognized qualification,1
2010,gp_ward,"S.S.L.C,T T C",0,recognized qualification,1
2010,gp_ward,"S.S.L.C,T.T.C",0,recognized qualification,7
2010,gp_ward,"S.S.L.C,T.T.C,B.COM",1,recognized qualification,1
2010,gp_ward,"S.S.L.C,T.TC",0,recognized qualification,1
2010,gp_ward,"S.S.L.C,TYPEWRITING ENG & MAL(LOWER)",0,recognized qualification,1
2010,gp_ward,"S.S.L.C,TYPEWRITTING MALAYALAM",0,recognized qualification,1
2010,gp_ward,"S.S.L.C,V.H.S.C,T.T.C",0,recognized qualification,1
2010,gp_ward,S.S.L.C-HINDI PRAVEEN,0,recognized qualification,1
2010,gp_ward,S.S.L.C-JDC,0,recognized qualification,1
2010,gp_ward,S.S.L.C.,0,recognized qualification,311
2010,gp_ward,S.S.L.C. FAILED,0,recognized qualification,9
2010,gp_ward,S.S.L.C. FAILED(CERTIFICATE),0,recognized qualification,1
2010,gp_ward,S.S.L.C. ITI,0,recognized qualification,1
2010,gp_ward,S.S.L.C. J DC,0,recognized qualification,1
2010,gp_ward,S.S.L.C. NURSING TRAINING,0,recognized qualification,1
2010,gp_ward,S.S.L.C. PASS,0,recognized qualification,3
2010,gp_ward,S.S.L.C. PASSED,0,recognized qualification,14
2010,gp_ward,S.S.L.C. PASSED P.D.C. FAILED,0,recognized qualification,2
2010,gp_ward,S.S.L.C. PASSED(CERTIFICATE),0,recognized qualification,1
2010,gp_ward,S.S.L.C. T.T.C,0,recognized qualification,1
2010,gp_ward,"S.S.L.C., DIPLOMA",0,recognized qualification,1
2010,gp_ward,"S.S.L.C., HINDI BHOOSHAN",0,recognized qualification,1
2010,gp_ward,"S.S.L.C., HINDI VIDVAN, T.T.C.",0,recognized qualification,1
2010,gp_ward,"S.S.L.C., I T I",0,recognized qualification,1
2010,gp_ward,"S.S.L.C., I.T.I.",0,recognized qualification,1
2010,gp_ward,"S.S.L.C., ITI",0,recognized qualification,1
2010,gp_ward,"S.S.L.C., NURSING",0,recognized qualification,1
2010,gp_ward,"S.S.L.C., P.D.C., K.G.C.E CIVIL",0,recognized qualification,1
2010,gp_ward,"S.S.L.C., P.D.C., NURSING, TYPEWRITING",0,recognized qualification,1
2010,gp_ward,"S.S.L.C., P.U.C.",0,recognized qualification,1
2010,gp_ward,"S.S.L.C., PDC",0,recognized qualification,2
2010,gp_ward,"S.S.L.C., PLUS 2",0,recognized qualification,1
2010,gp_ward,"S.S.L.C., PRE-DEGREE, ITI",0,recognized qualification,1
2010,gp_ward,"S.S.L.C., T.T.C.",0,recognized qualification,1
2010,gp_ward,"S.S.L.C.,DC.MECH",0,recognized qualification,1
2010,gp_ward,"S.S.L.C.,DIPLOMA IN SHORT HAND AND TYPEWRITING",0,recognized qualification,1
2010,gp_ward,"S.S.L.C.,HINDI VIDWAN",0,recognized qualification,1
2010,gp_ward,"S.S.L.C.,I.T.I.",0,recognized qualification,1
2010,gp_ward,"S.S.L.C.,I.T.I.ELECTRONICS",0,recognized qualification,1
2010,gp_ward,"S.S.L.C.,ITI",0,recognized qualification,2
2010,gp_ward,"S.S.L.C.,P.D.C.",0,recognized qualification,1
2010,gp_ward,"S.S.L.C.,P.D.C.D’MAN CIVIL",0,recognized qualification,1
2010,gp_ward,"S.S.L.C.,PD.C.FAILED",0,recognized qualification,1
2010,gp_ward,"S.S.L.C.,PDC FAILED",0,recognized qualification,1
2010,gp_ward,"S.S.L.C.,RASHTRA BHASHA PRAVEENA",0,recognized qualification,1
2010,gp_ward,"S.S.L.C.,TYPE WRITING(HIGHER)",0,recognized qualification,1
2010,gp_ward,S.S.L.C.-,0,recognized qualification,2
2010,gp_ward,S.S.L.C.- APPEARED,0,recognized qualification,2
2010,gp_ward,S.S.L.C.FAILED,NA,unclassified,4
2010,gp_ward,S.S.L.C.ITI,NA,unclassified,1
2010,gp_ward,S.S.L.C.PASSED,NA,unclassified,8
2010,gp_ward,S.S.L.C/T.T.C,0,recognized qualification,1
2010,gp_ward,S.S.LC,0,recognized qualification,21
2010,gp_ward,S.S.LC PASS,0,recognized qualification,2
2010,gp_ward,S.S.LC(FAILED),0,recognized qualification,1
2010,gp_ward,"S.S.LC, P.D.C,ITI",0,recognized qualification,1
2010,gp_ward,"S.S.LC,T.T.C",0,recognized qualification,1
2010,gp_ward,S.S.LC.,0,recognized qualification,19
2010,gp_ward,"S.S.LC., I.T.I",0,recognized qualification,2
2010,gp_ward,"S.S.LC.,DIPLOMA IN CO -OPERATION",0,recognized qualification,1
2010,gp_ward,S.S.S.L.C. FAILED,NA,unclassified,1
2010,gp_ward,S.S.S.LC,NA,unclassified,6
2010,gp_ward,S.SL.C,0,recognized qualification,4
2010,gp_ward,S.SL.C (FAILED),0,recognized qualification,1
2010,gp_ward,"S.SL.C,BCOM",1,recognized qualification,1
2010,gp_ward,S.SLC.,0,recognized qualification,1
2010,gp_ward,SECONDARY EDUCATION,NA,unclassified,2
2010,gp_ward,SECONDARY SCHOOL,NA,unclassified,1
2010,gp_ward,SENENTH STANDARD,NA,unclassified,1
2010,gp_ward,SERICULTURE DIPLOMA,0,recognized qualification,1
2010,gp_ward,SEVEN,NA,unclassified,4
2010,gp_ward,SEVEN CLASS,NA,unclassified,1
2010,gp_ward,SEVEN STD,NA,unclassified,1
2010,gp_ward,SEVENTH,0,recognized qualification,18
2010,gp_ward,SEVENTH CLASS,0,recognized qualification,4
2010,gp_ward,SEVENTH CLASS PASS,0,recognized qualification,1
2010,gp_ward,SEVENTH PASS,0,recognized qualification,1
2010,gp_ward,SEVENTH STANDARD,0,recognized qualification,25
2010,gp_ward,SEVENTH STANDARED,0,recognized qualification,1
2010,gp_ward,SEVENTH STANDERD,0,recognized qualification,2
2010,gp_ward,SEVENTH STD,0,recognized qualification,10
2010,gp_ward,SEVENTH STD.,0,recognized qualification,3
2010,gp_ward,"SIROMANI, SIKSHA SASTRI",NA,unclassified,1
2010,gp_ward,SIX,NA,unclassified,2
2010,gp_ward,SIX CLASS PASSED,NA,unclassified,1
2010,gp_ward,SIX GRADE,NA,unclassified,1
2010,gp_ward,SIXTH,0,recognized qualification,1
2010,gp_ward,SIXTH STANDARD,0,recognized qualification,9
2010,gp_ward,SIXTH STANDERD,0,recognized qualification,1
2010,gp_ward,SIXTH STD,0,recognized qualification,1
2010,gp_ward,SIXTH STD.,0,recognized qualification,1
2010,gp_ward,SSC,0,recognized qualification,7
2010,gp_ward,SSLC,0,recognized qualification,2146
2010,gp_ward,SSLC & ITC,0,recognized qualification,1
2010,gp_ward,SSLC & JDC,0,recognized qualification,1
2010,gp_ward,SSLC & TYPE WRITING,0,recognized qualification,1
2010,gp_ward,SSLC &SANSKRIT TEACHER EXAMINATION,0,recognized qualification,1
2010,gp_ward,"SSLC (AFZAL - UL - ULAMA, PRELIMINARY ARABIC)",0,recognized qualification,1
2010,gp_ward,SSLC (FAIL),0,recognized qualification,1
2010,gp_ward,SSLC (FAILED),0,recognized qualification,3
2010,gp_ward,SSLC (ITI),0,recognized qualification,1
2010,gp_ward,SSLC (PASSED),0,recognized qualification,2
2010,gp_ward,"SSLC , I T I",0,recognized qualification,2
2010,gp_ward,"SSLC , ITI",0,recognized qualification,1
2010,gp_ward,"SSLC , P.T.T.C",0,recognized qualification,1
2010,gp_ward,"SSLC ,DIPLOMA IN AUTO MOBILE",0,recognized qualification,1
2010,gp_ward,"SSLC ,ITI,JDC",0,recognized qualification,1
2010,gp_ward,"SSLC ,JDC",0,recognized qualification,1
2010,gp_ward,"SSLC ,PUC FAILED",0,recognized qualification,1
2010,gp_ward,SSLC .TTC,0,recognized qualification,1
2010,gp_ward,SSLC ;TTC,0,recognized qualification,1
2010,gp_ward,SSLC COMPLETED,0,recognized qualification,3
2010,gp_ward,SSLC CRAFT MANSHIP,0,recognized qualification,1
2010,gp_ward,SSLC DIPLOMA,0,recognized qualification,1
2010,gp_ward,SSLC FAILD,0,recognized qualification,2
2010,gp_ward,SSLC FAILED,0,recognized qualification,23
2010,gp_ward,SSLC ITI,0,recognized qualification,1
2010,gp_ward,SSLC JDC,0,recognized qualification,1
2010,gp_ward,SSLC NURSING(ANM),0,recognized qualification,1
2010,gp_ward,SSLC PASS,0,recognized qualification,13
2010,gp_ward,SSLC PASS.,0,recognized qualification,4
2010,gp_ward,SSLC PASSED,0,recognized qualification,5
2010,gp_ward,SSLC URDU,0,recognized qualification,1
2010,gp_ward,SSLC&TTC,0,recognized qualification,1
2010,gp_ward,SSLC(BA ARABIC),1,recognized qualification,1
2010,gp_ward,SSLC(FAIL),0,recognized qualification,8
2010,gp_ward,SSLC(FAILED),0,recognized qualification,3
2010,gp_ward,SSLC(VHSE FAILED),0,recognized qualification,1
2010,gp_ward,"SSLC, A/U FINAL",0,recognized qualification,1
2010,gp_ward,"SSLC, AFSAL UL ULAMA",0,recognized qualification,2
2010,gp_ward,"SSLC, AFSAL-UL-ULAMA",0,recognized qualification,1
2010,gp_ward,"SSLC, AFZEL UL ULAMA",0,recognized qualification,1
2010,gp_ward,"SSLC, AGRICULTURE HIGHER",0,recognized qualification,1
2010,gp_ward,"SSLC, ARABIC TEACHERS EXAMINATION",0,recognized qualification,1
2010,gp_ward,"SSLC, CIVIL(NCVT)",0,recognized qualification,1
2010,gp_ward,"SSLC, D/CIVIL/N.C.V.T",0,recognized qualification,1
2010,gp_ward,"SSLC, DIP. MECH. ENGG",0,recognized qualification,1
2010,gp_ward,"SSLC, DIPLOMA IN CIVIL ENGG",0,recognized qualification,1
2010,gp_ward,"SSLC, DMLT",0,recognized qualification,1
2010,gp_ward,"SSLC, DRAUGHTS MAN, CIVIL",0,recognized qualification,1
2010,gp_ward,"SSLC, FAILED",0,recognized qualification,1
2010,gp_ward,"SSLC, HINDI PRAVEEN",0,recognized qualification,1
2010,gp_ward,"SSLC, HINDIVIDWAN",0,recognized qualification,1
2010,gp_ward,"SSLC, I T I",0,recognized qualification,1
2010,gp_ward,"SSLC, ITC",0,recognized qualification,6
2010,gp_ward,"SSLC, ITI",0,recognized qualification,11
2010,gp_ward,"SSLC, ITI DRAFTMAN CIVIL",0,recognized qualification,1
2010,gp_ward,"SSLC, ITI, JDC",0,recognized qualification,1
2010,gp_ward,"SSLC, ITI,COMPUTER",0,recognized qualification,1
2010,gp_ward,"SSLC, J.D.C",0,recognized qualification,1
2010,gp_ward,"SSLC, JDC",0,recognized qualification,6
2010,gp_ward,"SSLC, JDC,",0,recognized qualification,1
2010,gp_ward,"SSLC, MLT",0,recognized qualification,1
2010,gp_ward,"SSLC, NTTC",0,recognized qualification,1
2010,gp_ward,"SSLC, P.P.T.T.C",0,recognized qualification,2
2010,gp_ward,"SSLC, PDC",0,recognized qualification,6
2010,gp_ward,"SSLC, PDC, DIPLOMA",0,recognized qualification,1
2010,gp_ward,"SSLC, PG MULTIMEDIA ,AUDIO VISUAL ENGINEERING",0,recognized qualification,1
2010,gp_ward,"SSLC, PLUS TWO",0,recognized qualification,1
2010,gp_ward,"SSLC, PLUS TWO ,TTC",0,recognized qualification,1
2010,gp_ward,"SSLC, PRE-DEGREE (NOT COMPLETED)",0,recognized qualification,1
2010,gp_ward,"SSLC, SURVEY",0,recognized qualification,1
2010,gp_ward,"SSLC, T.T.C",0,recognized qualification,1
2010,gp_ward,"SSLC, T.T.C, DIPLOMA IN MECHANICL ENGINEERING",0,recognized qualification,1
2010,gp_ward,"SSLC, TTC",0,recognized qualification,5
2010,gp_ward,"SSLC, V H S C",0,recognized qualification,1
2010,gp_ward,"SSLC,+2",0,recognized qualification,1
2010,gp_ward,"SSLC,AFSAL UL ULAMA",0,recognized qualification,1
2010,gp_ward,"SSLC,AFSAL ULAMA",0,recognized qualification,1
2010,gp_ward,"SSLC,AFSAL-UL ULAMA LTTC",0,recognized qualification,1
2010,gp_ward,"SSLC,AFSAL.UL.ULMA",0,recognized qualification,1
2010,gp_ward,"SSLC,AFSALUL ULAMA(ARABIC)",0,recognized qualification,1
2010,gp_ward,"SSLC,ARABIC TEACHERS EXAM",0,recognized qualification,1
2010,gp_ward,"SSLC,GNN",0,recognized qualification,1
2010,gp_ward,"SSLC,HINDI BHOOSHAN",0,recognized qualification,1
2010,gp_ward,"SSLC,HINDI PRAVEEN",0,recognized qualification,1
2010,gp_ward,"SSLC,HINDI VIDUVAN,LTT",0,recognized qualification,1
2010,gp_ward,"SSLC,HINDI VIDWAN",0,recognized qualification,1
2010,gp_ward,"SSLC,I.T.I",0,recognized qualification,1
2010,gp_ward,"SSLC,ITC",0,recognized qualification,1
2010,gp_ward,"SSLC,ITI",0,recognized qualification,7
2010,gp_ward,"SSLC,J D C.",0,recognized qualification,1
2010,gp_ward,"SSLC,JDC",0,recognized qualification,5
2010,gp_ward,"SSLC,K.G.T",0,recognized qualification,1
2010,gp_ward,"SSLC,KGCE",0,recognized qualification,1
2010,gp_ward,"SSLC,KGTE",0,recognized qualification,1
2010,gp_ward,"SSLC,MLT",0,recognized qualification,1
2010,gp_ward,"SSLC,P.P.T.T.C",0,recognized qualification,1
2010,gp_ward,"SSLC,PDC",0,recognized qualification,1
2010,gp_ward,"SSLC,PDC,JDC",0,recognized qualification,1
2010,gp_ward,"SSLC,PDC,PRAVEEN(HINDI)",0,recognized qualification,1
2010,gp_ward,"SSLC,PDC,STTC",0,recognized qualification,1
2010,gp_ward,"SSLC,PDC,TTC",0,recognized qualification,1
2010,gp_ward,"SSLC,PLUS TWO,HINDI BHOOSHAN",0,recognized qualification,1
2010,gp_ward,"SSLC,PUC",0,recognized qualification,1
2010,gp_ward,"SSLC,SURVEYOR (ITI)",0,recognized qualification,1
2010,gp_ward,"SSLC,T.T.C",0,recognized qualification,3
2010,gp_ward,"SSLC,TCH",0,recognized qualification,1
2010,gp_ward,"SSLC,TTC",0,recognized qualification,6
2010,gp_ward,"SSLC,TYPE WRITING",0,recognized qualification,1
2010,gp_ward,"SSLC,TYPE WRITTING HIGHER",0,recognized qualification,1
2010,gp_ward,"SSLC,URDU HIEGHER",0,recognized qualification,1
2010,gp_ward,"SSLC,URDU HIGHER EXAM",0,recognized qualification,1
2010,gp_ward,SSLC- FAILED,0,recognized qualification,1
2010,gp_ward,SSLC- JDC,0,recognized qualification,1
2010,gp_ward,SSLC.,0,recognized qualification,12
2010,gp_ward,SSLC. PASSED,0,recognized qualification,1
2010,gp_ward,SSLC.DIPLOMA IN AUTOMOB.ENGG,NA,unclassified,1
2010,gp_ward,SSLC.HINDI SAHITHYACHARYA,NA,unclassified,1
2010,gp_ward,SSLC.JDC,NA,unclassified,1
2010,gp_ward,"SSLC.PDC,AFSAL UL ULUMA",NA,unclassified,1
2010,gp_ward,SSLC/HINDI PRAVEEN,0,recognized qualification,1
2010,gp_ward,SSSLC,NA,unclassified,5
2010,gp_ward,"SSSLC, TTC",0,recognized qualification,1
2010,gp_ward,STANDARD 5,NA,unclassified,1
2010,gp_ward,STANDARD VII,0,recognized qualification,1
2010,gp_ward,STANDARD- IX,0,recognized qualification,1
2010,gp_ward,STD 4,NA,unclassified,2
2010,gp_ward,STD 5,NA,unclassified,1
2010,gp_ward,STD 6,NA,unclassified,1
2010,gp_ward,STD 7,NA,unclassified,2
2010,gp_ward,STD 8,NA,unclassified,2
2010,gp_ward,STD 9,NA,unclassified,6
2010,gp_ward,STD IX,0,recognized qualification,2
2010,gp_ward,STD VI,0,recognized qualification,1
2010,gp_ward,STD VII,0,recognized qualification,2
2010,gp_ward,STD-VII,0,recognized qualification,1
2010,gp_ward,STD. 7,NA,unclassified,1
2010,gp_ward,STD. 9,NA,unclassified,1
2010,gp_ward,STD. VIII,0,recognized qualification,1
2010,gp_ward,STD. VIII PASS,0,recognized qualification,1
2010,gp_ward,STD.VI,NA,unclassified,1
2010,gp_ward,STD.VII,NA,unclassified,2
2010,gp_ward,STD: IX,0,recognized qualification,1
2010,gp_ward,T C H,NA,unclassified,1
2010,gp_ward,T T C,0,recognized qualification,11
2010,gp_ward,"T T C, SSLC",0,recognized qualification,1
2010,gp_ward,T.H. S.L.C DIPLOMA,0,recognized qualification,1
2010,gp_ward,T.H.S.,NA,unclassified,1
2010,gp_ward,T.T.C,0,recognized qualification,13
2010,gp_ward,"T.T.C, HINDI VIDVAN",0,recognized qualification,1
2010,gp_ward,T.T.C.,0,recognized qualification,2
2010,gp_ward,TECHNICAL EDUCATION,NA,unclassified,1
2010,gp_ward,TECHNICIAN,NA,unclassified,1
2010,gp_ward,TENTH STANDARD,0,recognized qualification,7
2010,gp_ward,"TENTH STANDARD,N.T.T.C",0,recognized qualification,1
2010,gp_ward,THIRD,NA,unclassified,1
2010,gp_ward,THIRD CLASS,NA,unclassified,3
2010,gp_ward,THIRD STANDERD,NA,unclassified,1
2010,gp_ward,THIRD STD,NA,unclassified,1
2010,gp_ward,THSLC,NA,unclassified,1
2010,gp_ward,TTC,0,recognized qualification,17
2010,gp_ward,"TTC (SANSCRIT),TTC (GENERAL)",0,recognized qualification,1
2010,gp_ward,"TTC, SSLC",0,recognized qualification,1
2010,gp_ward,"TYPEWRITTING,AGRICULTURE",NA,unclassified,1
2010,gp_ward,U.P.STANDARD,NA,unclassified,1
2010,gp_ward,UNDER GRADUATE,NA,unclassified,1
2010,gp_ward,V,0,recognized qualification,24
2010,gp_ward,V - CLASS,0,recognized qualification,1
2010,gp_ward,V - STD,0,recognized qualification,1
2010,gp_ward,V H S C,0,recognized qualification,2
2010,gp_ward,"V H S C, TTC",0,recognized qualification,1
2010,gp_ward,V H S E,0,recognized qualification,7
2010,gp_ward,"V H S E,ITC",0,recognized qualification,1
2010,gp_ward,V STANDARD,0,recognized qualification,2
2010,gp_ward,V STANDERD,0,recognized qualification,1
2010,gp_ward,V STD,0,recognized qualification,1
2010,gp_ward,V STD.,0,recognized qualification,1
2010,gp_ward,V TH CLASS,0,recognized qualification,1
2010,gp_ward,V TH STANDARD,0,recognized qualification,3
2010,gp_ward,V TH STD,0,recognized qualification,9
2010,gp_ward,V- CLASS,0,recognized qualification,1
2010,gp_ward,V-CLASS,0,recognized qualification,1
2010,gp_ward,V.H.C,NA,unclassified,1
2010,gp_ward,V.H.S.C,0,recognized qualification,5
2010,gp_ward,V.H.S.C DIPLOMA NURSING,0,recognized qualification,1
2010,gp_ward,V.H.S.E,0,recognized qualification,8
2010,gp_ward,VHC,NA,unclassified,1
2010,gp_ward,VHSC,0,recognized qualification,8
2010,gp_ward,VHSC DIPLOMA,0,recognized qualification,1
2010,gp_ward,VHSC MLT,0,recognized qualification,1
2010,gp_ward,VHSE,0,recognized qualification,8
2010,gp_ward,"VHSE,ITI",0,recognized qualification,1
2010,gp_ward,VI,0,recognized qualification,20
2010,gp_ward,VI STANDARD,0,recognized qualification,1
2010,gp_ward,VI STD,0,recognized qualification,3
2010,gp_ward,VI TH CLASS,0,recognized qualification,1
2010,gp_ward,VI TH STANDARD,0,recognized qualification,6
2010,gp_ward,VI TH STD,0,recognized qualification,1
2010,gp_ward,VI- CLASS,0,recognized qualification,1
2010,gp_ward,VII,0,recognized qualification,63
2010,gp_ward,VII - STD,0,recognized qualification,1
2010,gp_ward,VII CLASS,0,recognized qualification,10
2010,gp_ward,VII STD,0,recognized qualification,11
2010,gp_ward,VII TH,0,recognized qualification,1
2010,gp_ward,VII TH CLASS,0,recognized qualification,1
2010,gp_ward,VII TH STANDARD,0,recognized qualification,5
2010,gp_ward,VII TH STD,0,recognized qualification,16
2010,gp_ward,VII- CLASS,0,recognized qualification,2
2010,gp_ward,VII-STD,0,recognized qualification,3
2010,gp_ward,VIII,0,recognized qualification,48
2010,gp_ward,VIII - STANDARD,0,recognized qualification,1
2010,gp_ward,VIII CLASS,0,recognized qualification,4
2010,gp_ward,VIII PASS,0,recognized qualification,2
2010,gp_ward,VIII PASSED,0,recognized qualification,1
2010,gp_ward,VIII STANDARD,0,recognized qualification,4
2010,gp_ward,VIII STD,0,recognized qualification,9
2010,gp_ward,VIII STD.,0,recognized qualification,2
2010,gp_ward,VIII TH,0,recognized qualification,2
2010,gp_ward,VIII TH STANDARD,0,recognized qualification,6
2010,gp_ward,VIII TH STD,0,recognized qualification,3
2010,gp_ward,VIII- CLASS,0,recognized qualification,1
2010,gp_ward,VIII- STD,0,recognized qualification,1
2010,gp_ward,VIII-CLASS,0,recognized qualification,1
2010,gp_ward,VIII-STANDARD,0,recognized qualification,1
2010,gp_ward,VIII.STD.,NA,unclassified,1
2010,gp_ward,VIIITH CLASS,NA,unclassified,1
2010,gp_ward,VIIITH STANDARD,NA,unclassified,1
2010,gp_ward,VIIITH STD,NA,unclassified,2
2010,gp_ward,VIIITH STD.,NA,unclassified,1
2010,gp_ward,VIITH STD,NA,unclassified,1
2010,gp_ward,VIITH STD.,NA,unclassified,1
2010,gp_ward,VITH STANDARD,NA,unclassified,1
2010,gp_ward,VITH STD,NA,unclassified,1
2010,gp_ward,VLLL,NA,unclassified,1
2010,gp_ward,VOCATIONAL HOGHER SECONDARY SCHOOL,NA,unclassified,1
2010,gp_ward,VTH,NA,unclassified,1
2010,gp_ward,VTH STANDARD,NA,unclassified,3
2010,gp_ward,VTH STD,NA,unclassified,8
2010,gp_ward,X,0,recognized qualification,3
2010,gp_ward,X STANDARD,0,recognized qualification,1
2010,gp_ward,X STD,0,recognized qualification,1
2010,gp_ward,X TH STANDARD,0,recognized qualification,5
2010,gp_ward,XI CLASS,NA,unclassified,4
2010,gp_ward,XI PASSED,NA,unclassified,1
2010,gp_ward,XII,NA,unclassified,3
2010,gp_ward,XTH STANDARD,NA,unclassified,3
2010,gp_ward,എസ്.എസ്.എല്‍.സി,NA,unclassified,2
2010,gp_ward,എസ്എസ്എല്‍സി,NA,unclassified,1
2010,gp_ward,ടി.ടി.സി,NA,unclassified,1
2010,gp_ward,പ്രിഡിഗ്രി,NA,unclassified,2
2010,gp_ward,ബി എ,NA,unclassified,1
2010,gp_ward,‍P.D.C,0,recognized qualification,1
2010,gp_ward,‍PRE DEGREE,0,recognized qualification,1
2010,gp_ward,NA,NA,missing or unspecified,915
2010,zp_member,7TH STD,0,recognized qualification,1
2010,zp_member,8TH STD,0,recognized qualification,1
2010,zp_member,9- STD,0,recognized qualification,1
2010,zp_member,9TH STD.,0,recognized qualification,1
2010,zp_member,AFSAL ULAMA PRILIMINARY,NA,unclassified,1
2010,zp_member,AFZUL AL ULAMA,NA,unclassified,1
2010,zp_member,AFZUL-UL-ULAMA,NA,unclassified,1
2010,zp_member,B A,1,recognized qualification,10
2010,zp_member,B A DEGREE,1,recognized qualification,1
2010,zp_member,B A ECONOMICS,1,recognized qualification,1
2010,zp_member,B A ENGLISH,1,recognized qualification,1
2010,zp_member,B A(KANNADA),1,recognized qualification,1
2010,zp_member,"B A, LLB",1,recognized qualification,1
2010,zp_member,B S C,NA,unclassified,1
2010,zp_member,B-COM,1,recognized qualification,1
2010,zp_member,B. A.,1,recognized qualification,1
2010,zp_member,B.A,1,recognized qualification,7
2010,zp_member,B.A . ECONOMICS,1,recognized qualification,1
2010,zp_member,B.A ECONOMICS,1,recognized qualification,1
2010,zp_member,B.A MALAYALAM,1,recognized qualification,1
2010,zp_member,B.A T.T.C,1,recognized qualification,1
2010,zp_member,"B.A, AGRICULTURAL DIPLOMA",1,recognized qualification,1
2010,zp_member,"B.A, L.L.B",1,recognized qualification,1
2010,zp_member,"B.A,L L B",1,recognized qualification,2
2010,zp_member,B.A.,1,recognized qualification,1
2010,zp_member,B.A. B.ED.,1,recognized qualification,1
2010,zp_member,B.A. COMPLETED,1,recognized qualification,3
2010,zp_member,"B.A., B.ED.",1,recognized qualification,1
2010,zp_member,"B.A., CERTIFICATE IN LIBRARY SCIENCE",1,recognized qualification,1
2010,zp_member,"B.A., L.L.B",1,recognized qualification,1
2010,zp_member,"B.A., L.L.B.",1,recognized qualification,1
2010,zp_member,B.A.COMPLETED,NA,unclassified,1
2010,zp_member,B.B.A,1,recognized qualification,1
2010,zp_member,B.COM,1,recognized qualification,4
2010,zp_member,B.COM CO.OPERATION,1,recognized qualification,1
2010,zp_member,B.COM.,1,recognized qualification,3
2010,zp_member,B.COM. (COURSE COMPLETED ONLY),NA,unclassified,1
2010,zp_member,"B.COM., LLB",1,recognized qualification,1
2010,zp_member,B.SC,1,recognized qualification,1
2010,zp_member,B.SC MATHEMATICS,1,recognized qualification,1
2010,zp_member,"B.SC MATHEMATICS, B.ED",1,recognized qualification,1
2010,zp_member,B.SC.,1,recognized qualification,2
2010,zp_member,B.SC. COMPLETED,1,recognized qualification,1
2010,zp_member,"B.SC., B.ED., LLB",1,recognized qualification,1
2010,zp_member,B.TECH COMPLETED,1,recognized qualification,1
2010,zp_member,BA,1,recognized qualification,6
2010,zp_member,"BA , LLB",1,recognized qualification,2
2010,zp_member,BA ECONOMICS,1,recognized qualification,1
2010,zp_member,"BA ECONOMICS, BED",1,recognized qualification,1
2010,zp_member,BA HISTORY,1,recognized qualification,2
2010,zp_member,"BA, B.ED.",1,recognized qualification,1
2010,zp_member,"BA, BED",1,recognized qualification,4
2010,zp_member,"BA,BED",1,recognized qualification,1
2010,zp_member,"BA,LLB",1,recognized qualification,5
2010,zp_member,BA. B.E.D,1,recognized qualification,1
2010,zp_member,"BAL,LLB",1,recognized qualification,2
2010,zp_member,"BBA, MBA",1,recognized qualification,1
2010,zp_member,BCA,1,recognized qualification,1
2010,zp_member,BCOM,1,recognized qualification,1
2010,zp_member,"BCOM, L.L.B.",1,recognized qualification,1
2010,zp_member,BSC,1,recognized qualification,5
2010,zp_member,"BSC , BED",1,recognized qualification,1
2010,zp_member,BSC BED,1,recognized qualification,1
2010,zp_member,"BSC MATHS, MSC DOING",1,recognized qualification,1
2010,zp_member,BSC PHYSICS,1,recognized qualification,1
2010,zp_member,BSC ZOOLOGY,1,recognized qualification,2
2010,zp_member,"BSC,BED (MATHS)",1,recognized qualification,1
2010,zp_member,"BSC,LLB",1,recognized qualification,1
2010,zp_member,BSC.,1,recognized qualification,1
2010,zp_member,BSC. COMPLETED,1,recognized qualification,1
2010,zp_member,"BSC., LLB",1,recognized qualification,2
2010,zp_member,CLASS-9,NA,unclassified,1
2010,zp_member,DEGREE,1,recognized qualification,8
2010,zp_member,DEGREE POLITICAL SCIENCE,1,recognized qualification,1
2010,zp_member,"DEGREE,J.D.C",1,recognized qualification,1
2010,zp_member,"DIPLOMA (CIVIL), BA",1,recognized qualification,1
2010,zp_member,DIPLOMA IN TEXTILE TECHNOLOGY,0,recognized qualification,1
2010,zp_member,DOING LLB,1,recognized qualification,1
2010,zp_member,GRADUATION,1,recognized qualification,1
2010,zp_member,I.T.I,0,recognized qualification,1
2010,zp_member,II PUC,0,recognized qualification,2
2010,zp_member,L L M,1,recognized qualification,1
2010,zp_member,LLB,1,recognized qualification,1
2010,zp_member,M A,1,recognized qualification,1
2010,zp_member,M A ENGLISH,1,recognized qualification,1
2010,zp_member,"M A, B ED",1,recognized qualification,1
2010,zp_member,"M A,B ED,P.HD",1,recognized qualification,1
2010,zp_member,"M A,L L B",1,recognized qualification,1
2010,zp_member,M COM,1,recognized qualification,1
2010,zp_member,"M COM, L L B",1,recognized qualification,1
2010,zp_member,"M SC, M PHIL, PH.D",1,recognized qualification,1
2010,zp_member,"M. A., L.L.B.",1,recognized qualification,1
2010,zp_member,M. COM.,1,recognized qualification,1
2010,zp_member,M.A,1,recognized qualification,2
2010,zp_member,M.A(NOT COMPLEATED),1,recognized qualification,1
2010,zp_member,"M.A,LLB COURSE COMPLETED",NA,unclassified,1
2010,zp_member,"M.A. B.ED, PH.D",1,recognized qualification,1
2010,zp_member,M.A. BED,1,recognized qualification,1
2010,zp_member,M.A.(ENG.LIT),1,recognized qualification,1
2010,zp_member,"M.A., BED",1,recognized qualification,2
2010,zp_member,"M.A., BED.",1,recognized qualification,2
2010,zp_member,"M.A., LLB",1,recognized qualification,1
2010,zp_member,M.A.COURSE COMPLETED,NA,unclassified,1
2010,zp_member,M.A.ECONOMICS,NA,unclassified,1
2010,zp_member,M.COM,1,recognized qualification,3
2010,zp_member,M.F.F.ARABIC,NA,unclassified,1
2010,zp_member,"M.SC., LLB",1,recognized qualification,1
2010,zp_member,MA,1,recognized qualification,1
2010,zp_member,"MA , LLB",1,recognized qualification,2
2010,zp_member,MA BED,1,recognized qualification,1
2010,zp_member,MA LLB,1,recognized qualification,1
2010,zp_member,"MA, LLB",1,recognized qualification,1
2010,zp_member,MBA,1,recognized qualification,1
2010,zp_member,"MSC, BED",1,recognized qualification,1
2010,zp_member,"MSC, MED",1,recognized qualification,1
2010,zp_member,P D C,0,recognized qualification,5
2010,zp_member,P.D.C,0,recognized qualification,8
2010,zp_member,"P.D.C, J.D.C",0,recognized qualification,1
2010,zp_member,"P.D.C, T.T.C",0,recognized qualification,1
2010,zp_member,P.D.C.,0,recognized qualification,1
2010,zp_member,P.G,NA,unclassified,1
2010,zp_member,"P.U.C, I.T.I (GENERAL ELECTRONICS)",0,recognized qualification,1
2010,zp_member,PDC,0,recognized qualification,12
2010,zp_member,"PDC , DIPLOMA",0,recognized qualification,1
2010,zp_member,"PDC, DIPLOMA",0,recognized qualification,1
2010,zp_member,"PDC, J.D.C",0,recognized qualification,1
2010,zp_member,PDC-TTC,0,recognized qualification,1
2010,zp_member,PLUS TWO,0,recognized qualification,1
2010,zp_member,PRE DEGREE,0,recognized qualification,2
2010,zp_member,"PRE DEGREE,T.T.C",0,recognized qualification,1
2010,zp_member,PRE-DEGREE,0,recognized qualification,11
2010,zp_member,PRE-DEGREE COMPLETED,0,recognized qualification,1
2010,zp_member,"PRE-DEGREE, MGTE",0,recognized qualification,1
2010,zp_member,PRE-UNIVERSITY,NA,unclassified,1
2010,zp_member,PREDEGREE,0,recognized qualification,3
2010,zp_member,"PREDEGREE, DOING LLB",0,recognized qualification,1
2010,zp_member,S S C,NA,unclassified,1
2010,zp_member,S S L C,0,recognized qualification,15
2010,zp_member,S.S.L.C,0,recognized qualification,37
2010,zp_member,"S.S.L.C , AFSAL ULAMA",0,recognized qualification,1
2010,zp_member,"S.S.L.C,",0,recognized qualification,1
2010,zp_member,"S.S.L.C, AFZAL-UL-ULUMA,PRILIMINARY",0,recognized qualification,1
2010,zp_member,"S.S.L.C, I.T.C",0,recognized qualification,1
2010,zp_member,"S.S.L.C, T.T.C",0,recognized qualification,1
2010,zp_member,S.S.L.C.,0,recognized qualification,7
2010,zp_member,"S.S.L.C., ARABIC T.T.C",0,recognized qualification,1
2010,zp_member,S.S.L.C/T.T.C,0,recognized qualification,1
2010,zp_member,SSLC,0,recognized qualification,12
2010,zp_member,"SSLC, ITI",0,recognized qualification,1
2010,zp_member,"SSLC, PDC, JDC",0,recognized qualification,1
2010,zp_member,"SSLC, T.G.M.T.C",0,recognized qualification,1
2010,zp_member,"SSLC, TTC, MALAYALAM VIDUAN, LTT",0,recognized qualification,1
2010,zp_member,T.T.C,0,recognized qualification,1
2010,zp_member,VIII,0,recognized qualification,1
2010,zp_member,VIII STD,0,recognized qualification,1
2010,zp_member,VTH STD,NA,unclassified,1
2010,zp_member,NA,NA,missing or unspecified,14
2015,block_member,+2,0,recognized qualification,1
2015,block_member,"+2, I.T.I",0,recognized qualification,1
2015,block_member,"+2,DIPLOMA",0,recognized qualification,1
2015,block_member,10,0,recognized qualification,1
2015,block_member,10 TH,0,recognized qualification,1
2015,block_member,10 TH CLASS,0,recognized qualification,1
2015,block_member,10TH,0,recognized qualification,1
2015,block_member,10TH PASS,0,recognized qualification,1
2015,block_member,1X,0,recognized qualification,1
2015,block_member,4 TH,0,recognized qualification,1
2015,block_member,4TH CLASS,0,recognized qualification,1
2015,block_member,5,0,recognized qualification,1
2015,block_member,5 TH STANDARD,0,recognized qualification,1
2015,block_member,5 TH STD,0,recognized qualification,1
2015,block_member,5TH,0,recognized qualification,4
2015,block_member,5TH STD,0,recognized qualification,2
2015,block_member,6 CLASS,0,recognized qualification,1
2015,block_member,6TH STANDARD,0,recognized qualification,1
2015,block_member,6TH STD,0,recognized qualification,1
2015,block_member,7,0,recognized qualification,3
2015,block_member,7 TH,0,recognized qualification,4
2015,block_member,7 TH STANDARD,0,recognized qualification,3
2015,block_member,7 TH STD,0,recognized qualification,1
2015,block_member,7- TH STANDERD,NA,unclassified,1
2015,block_member,7- TH STD.,0,recognized qualification,1
2015,block_member,7TH,0,recognized qualification,2
2015,block_member,7TH STANDARD,0,recognized qualification,3
2015,block_member,7TH STD,0,recognized qualification,6
2015,block_member,"7TH STD, ARABIC MUNSHY'S EXAMINATION",NA,unclassified,1
2015,block_member,8,0,recognized qualification,2
2015,block_member,8 TH,0,recognized qualification,1
2015,block_member,8 TH STANDAD,NA,unclassified,1
2015,block_member,8 TH STANDARD,0,recognized qualification,2
2015,block_member,8 TH STD,0,recognized qualification,3
2015,block_member,8TH,0,recognized qualification,4
2015,block_member,8TH STANDARD,0,recognized qualification,2
2015,block_member,8TH STD,0,recognized qualification,13
2015,block_member,9,0,recognized qualification,6
2015,block_member,9 'TH STD,NA,unclassified,2
2015,block_member,9 NTH,NA,unclassified,2
2015,block_member,9 TH,0,recognized qualification,5
2015,block_member,9 TH STANDARD,0,recognized qualification,4
2015,block_member,9 TH STD,0,recognized qualification,1
2015,block_member,9TH,0,recognized qualification,10
2015,block_member,9TH PASSED,NA,unclassified,1
2015,block_member,9TH STANDARD,0,recognized qualification,3
2015,block_member,9TH STD,0,recognized qualification,6
2015,block_member,AFSAL -UL-ULAMA,NA,unclassified,1
2015,block_member,AFSAL-ULAMA PRILIMINARY,NA,unclassified,1
2015,block_member,AFSAL. UL ULAMA,NA,unclassified,1
2015,block_member,ARABIC ENTRANCE,NA,unclassified,1
2015,block_member,B .TECH,1,recognized qualification,1
2015,block_member,B A,1,recognized qualification,19
2015,block_member,B A (BED),1,recognized qualification,1
2015,block_member,B A (HISTORY),1,recognized qualification,1
2015,block_member,"B A ,M A COURSE COMPLETED",NA,unclassified,1
2015,block_member,B A ECONOMICES,1,recognized qualification,1
2015,block_member,B A KANNADA,1,recognized qualification,1
2015,block_member,B A L L B,1,recognized qualification,1
2015,block_member,B A POLITIC,1,recognized qualification,1
2015,block_member,"B A, L L B",1,recognized qualification,1
2015,block_member,"B A,LLB",1,recognized qualification,1
2015,block_member,B COM,1,recognized qualification,5
2015,block_member,B SC,1,recognized qualification,1
2015,block_member,"B SC (MATHS), B ED",1,recognized qualification,1
2015,block_member,B-COM,1,recognized qualification,2
2015,block_member,"B-COM,LLB,LLM",1,recognized qualification,1
2015,block_member,B-TECH ELECTRONICS & COMMUNICATION,1,recognized qualification,1
2015,block_member,B. COM,1,recognized qualification,2
2015,block_member,B.A,1,recognized qualification,20
2015,block_member,B.A B.ED,1,recognized qualification,2
2015,block_member,B.A ECONOMICS,1,recognized qualification,1
2015,block_member,B.A ENGLISH,1,recognized qualification,1
2015,block_member,"B.A, B ED",1,recognized qualification,1
2015,block_member,"B.A, B.ED",1,recognized qualification,1
2015,block_member,"B.A, BED",1,recognized qualification,1
2015,block_member,"B.A, LLB",1,recognized qualification,3
2015,block_member,"B.A,B.ED",1,recognized qualification,1
2015,block_member,"B.A,LLB",1,recognized qualification,1
2015,block_member,B.A.,1,recognized qualification,2
2015,block_member,B.A. ECONOMICS,1,recognized qualification,1
2015,block_member,B.A. ENGLISH,1,recognized qualification,1
2015,block_member,B.A.(LITERATURE),1,recognized qualification,1
2015,block_member,"B.A., B.ED",1,recognized qualification,1
2015,block_member,"B.A., LLB, MBL, LLM",1,recognized qualification,1
2015,block_member,"B.A., MALAYALAM VIDWAN",1,recognized qualification,1
2015,block_member,"B.A.,DCA",1,recognized qualification,1
2015,block_member,B.A.DEGREE,NA,unclassified,1
2015,block_member,"B.A.DEGREE, B.ED. DEGREE",1,recognized qualification,1
2015,block_member,B.A.LLB,NA,unclassified,1
2015,block_member,B.A.M.S,1,recognized qualification,1
2015,block_member,B.COM,1,recognized qualification,35
2015,block_member,B.COM COMPLETE,1,recognized qualification,1
2015,block_member,B.COM COMPLETED,1,recognized qualification,1
2015,block_member,B.COM LLB,1,recognized qualification,1
2015,block_member,"B.COM NOT COMPLETED, CTTC,NURSING",NA,unclassified,1
2015,block_member,B.COM(NOT COMPLETED),NA,unclassified,1
2015,block_member,"B.COM, HDC",1,recognized qualification,1
2015,block_member,"B.COM, JDC",1,recognized qualification,1
2015,block_member,"B.COM, L.L.B",1,recognized qualification,2
2015,block_member,"B.COM, LLB",1,recognized qualification,1
2015,block_member,"B.COM, MBA",1,recognized qualification,1
2015,block_member,B.ED,1,recognized qualification,2
2015,block_member,"B.S.C, B.ED",1,recognized qualification,1
2015,block_member,B.SC,1,recognized qualification,9
2015,block_member,B.SC (COURSE COMPLETED),NA,unclassified,1
2015,block_member,B.SC MATHEMATICS,1,recognized qualification,1
2015,block_member,B.SC(PHYSICS),1,recognized qualification,1
2015,block_member,"B.SC, B.ED",1,recognized qualification,4
2015,block_member,"B.SC, LLB",1,recognized qualification,1
2015,block_member,"B.SC,B.ED",1,recognized qualification,2
2015,block_member,B.SC.,1,recognized qualification,1
2015,block_member,B.TECH,1,recognized qualification,2
2015,block_member,BA,1,recognized qualification,68
2015,block_member,BA (BED),1,recognized qualification,1
2015,block_member,BA (HISTORY),1,recognized qualification,1
2015,block_member,"BA (POLITCS) ,LLB",1,recognized qualification,1
2015,block_member,"BA , BED",1,recognized qualification,2
2015,block_member,"BA , HDCM",1,recognized qualification,1
2015,block_member,"BA ,BED",1,recognized qualification,1
2015,block_member,BA ARABIC,1,recognized qualification,1
2015,block_member,BA B.ED,1,recognized qualification,2
2015,block_member,BA BED,1,recognized qualification,2
2015,block_member,BA COMPLETE,1,recognized qualification,1
2015,block_member,BA COMPLETED,1,recognized qualification,2
2015,block_member,BA ECNOMICS,1,recognized qualification,1
2015,block_member,BA ECONOMICS,1,recognized qualification,2
2015,block_member,"BA ECONOMICS, JDC, COMPUTER",1,recognized qualification,1
2015,block_member,BA FAILED,NA,unclassified,2
2015,block_member,BA LLB,1,recognized qualification,8
2015,block_member,BA TTC,1,recognized qualification,1
2015,block_member,"BA(ECNOMICS), T T C",1,recognized qualification,1
2015,block_member,"BA(MALAYALAM),B-ED",1,recognized qualification,1
2015,block_member,"BA, B.ED",1,recognized qualification,4
2015,block_member,"BA, BED",1,recognized qualification,4
2015,block_member,"BA, LLB",1,recognized qualification,4
2015,block_member,"BA, LLM, DLL, LW",1,recognized qualification,1
2015,block_member,"BA, TTC",1,recognized qualification,1
2015,block_member,"BA,B-ED",1,recognized qualification,1
2015,block_member,"BA,B.ED",1,recognized qualification,4
2015,block_member,"BA,B.ED, MA,MSC",1,recognized qualification,1
2015,block_member,"BA,BAL,LLB",1,recognized qualification,1
2015,block_member,"BA,BED",1,recognized qualification,4
2015,block_member,"BA,BP ED",1,recognized qualification,1
2015,block_member,"BA,LLB",1,recognized qualification,3
2015,block_member,"BA,LLM",1,recognized qualification,1
2015,block_member,"BA,PGDCA",1,recognized qualification,1
2015,block_member,BA.LLB,NA,unclassified,1
2015,block_member,BA.POLITICS,NA,unclassified,1
2015,block_member,BACHELOUR OF PHYSICO THERAPY,NA,unclassified,1
2015,block_member,"BAL,LLB,MBL",1,recognized qualification,1
2015,block_member,BBA,1,recognized qualification,1
2015,block_member,"BBA , MSC IT(DOING)",1,recognized qualification,1
2015,block_member,BCOM,1,recognized qualification,13
2015,block_member,BCOM (FAILED),NA,unclassified,1
2015,block_member,BCOM LLB,1,recognized qualification,1
2015,block_member,"BCOM, LLB",1,recognized qualification,4
2015,block_member,"BCOM,DIPLOMA",1,recognized qualification,1
2015,block_member,"BCOM,LLB",1,recognized qualification,1
2015,block_member,BCOM.,1,recognized qualification,1
2015,block_member,BED,1,recognized qualification,2
2015,block_member,BHMS,1,recognized qualification,1
2015,block_member,BSC,1,recognized qualification,10
2015,block_member,BSC AND B.ED,1,recognized qualification,1
2015,block_member,BSC BOTONY,1,recognized qualification,1
2015,block_member,BSC DEGREE,1,recognized qualification,1
2015,block_member,BSC NURSING,1,recognized qualification,1
2015,block_member,BSC(MATHS),1,recognized qualification,1
2015,block_member,"BSC, BED",1,recognized qualification,5
2015,block_member,"BSC, LLB",1,recognized qualification,1
2015,block_member,"BSC, LLB DOING",1,recognized qualification,1
2015,block_member,"BSC, LLB, LLM",1,recognized qualification,1
2015,block_member,"BSC, MA",1,recognized qualification,1
2015,block_member,"BSC,BED",1,recognized qualification,1
2015,block_member,"BSC,BED(MATHS)",1,recognized qualification,1
2015,block_member,"BSC,HDC",1,recognized qualification,1
2015,block_member,"BSC,JDC",1,recognized qualification,1
2015,block_member,"BSC,LLB",1,recognized qualification,1
2015,block_member,"BSC,LLB,MBA",1,recognized qualification,1
2015,block_member,"BSC,TTC",1,recognized qualification,2
2015,block_member,BSC. BED,1,recognized qualification,1
2015,block_member,CIVIL DIPLOMA,0,recognized qualification,1
2015,block_member,CIVIL ENGINEER,NA,unclassified,1
2015,block_member,CIVIL ENGINEERING,NA,unclassified,1
2015,block_member,"COMPUTER DIPLOMA, STENO",0,recognized qualification,1
2015,block_member,D H M S,NA,unclassified,1
2015,block_member,D.M.L.T AND DIPLOMA IN FASHION DESIGINING,0,recognized qualification,1
2015,block_member,DEGEE,NA,unclassified,1
2015,block_member,DEGREE,1,recognized qualification,28
2015,block_member,DEGREE &PG,1,recognized qualification,1
2015,block_member,DEGREE (COMPLETED),1,recognized qualification,1
2015,block_member,DEGREE B.COM,1,recognized qualification,2
2015,block_member,DEGREE COURSE,1,recognized qualification,1
2015,block_member,"DEGREE, HDC",1,recognized qualification,1
2015,block_member,"DEGREE, JDC",1,recognized qualification,1
2015,block_member,"DEGREE, PGDCA",1,recognized qualification,1
2015,block_member,"DEGREE,I.T.C",1,recognized qualification,1
2015,block_member,DIGREE,NA,unclassified,1
2015,block_member,"DIGREE,PGDCA",NA,unclassified,1
2015,block_member,DIPLOMA,0,recognized qualification,7
2015,block_member,DIPLOMA AND BA,1,recognized qualification,1
2015,block_member,DIPLOMA IN CIVIL,0,recognized qualification,2
2015,block_member,DIPLOMA IN CIVIL ENGINEERING,0,recognized qualification,1
2015,block_member,DIPLOMA IN COMMERCIAL PRACTICE,0,recognized qualification,1
2015,block_member,DIPLOMA IN ELE. ENGINEERING,0,recognized qualification,1
2015,block_member,DIPLOMA IN ELECTRICAL ENGINEERING,0,recognized qualification,1
2015,block_member,DIPLOMA IN INFORMATION TECHNOLOGY,0,recognized qualification,1
2015,block_member,DIPLOMA IN JOURNALISM,0,recognized qualification,1
2015,block_member,DIPLOMA IN PHARMACY,0,recognized qualification,1
2015,block_member,DIPLOMA(GANABHOOSHANAM),0,recognized qualification,1
2015,block_member,"DIPLOMA, DEGREE",1,recognized qualification,1
2015,block_member,ENGINEERING DIPLOMA,0,recognized qualification,2
2015,block_member,ESLC,NA,unclassified,1
2015,block_member,FIFTH,0,recognized qualification,2
2015,block_member,FIFTH STD,0,recognized qualification,1
2015,block_member,GRADUATE,1,recognized qualification,1
2015,block_member,HDC,NA,unclassified,1
2015,block_member,HIGHER SECONDARY,0,recognized qualification,2
2015,block_member,HIGHSCHOOL,NA,unclassified,1
2015,block_member,"HINDI .P.G,ARABI T T C",0,recognized qualification,1
2015,block_member,HINDI BED,1,recognized qualification,1
2015,block_member,HINDI PRAVEEN,NA,unclassified,1
2015,block_member,HINDI VIDWAN,NA,unclassified,1
2015,block_member,"HINDI, DIPOMA",NA,unclassified,1
2015,block_member,HSC,0,recognized qualification,1
2015,block_member,HSE,NA,unclassified,1
2015,block_member,I.T.C.,0,recognized qualification,1
2015,block_member,I.T.I,0,recognized qualification,1
2015,block_member,III,NA,unclassified,1
2015,block_member,INTERMEDIATE,NA,unclassified,1
2015,block_member,ITC,0,recognized qualification,3
2015,block_member,ITI,0,recognized qualification,10
2015,block_member,ITI DRAUGHTSMAN CIVIL,0,recognized qualification,1
2015,block_member,ITI STENOGRAPHY,0,recognized qualification,1
2015,block_member,"ITI,PDC",0,recognized qualification,1
2015,block_member,IV TH STANDARD,0,recognized qualification,1
2015,block_member,IVTH,NA,unclassified,2
2015,block_member,IX,0,recognized qualification,2
2015,block_member,IX STANDARD,0,recognized qualification,1
2015,block_member,IX STD,0,recognized qualification,2
2015,block_member,J.D.C,NA,unclassified,1
2015,block_member,JDC,NA,unclassified,3
2015,block_member,JUNIOR DIPLOMA IN CO-OPERATION,0,recognized qualification,1
2015,block_member,L LB,NA,unclassified,1
2015,block_member,LAW STUDENT,NA,unclassified,1
2015,block_member,LLB,1,recognized qualification,5
2015,block_member,"LLM,B.COM",1,recognized qualification,1
2015,block_member,LTTC,NA,unclassified,1
2015,block_member,M A,1,recognized qualification,1
2015,block_member,M A SOCIALOGY,1,recognized qualification,1
2015,block_member,"M A, B.ED",1,recognized qualification,1
2015,block_member,"M A,B.ED, SET",1,recognized qualification,1
2015,block_member,M COM,1,recognized qualification,4
2015,block_member,"M COM,DIPLOMA IN SECRETARIAL COURSE,DIPLOMA IN LAB TECHNICIAN COURSE",1,recognized qualification,1
2015,block_member,M.A,1,recognized qualification,2
2015,block_member,M.A (ARABIC),1,recognized qualification,1
2015,block_member,"M.A ,PHD COMPLETED",1,recognized qualification,1
2015,block_member,M.A BED,1,recognized qualification,1
2015,block_member,M.A ENGLISH. BED,1,recognized qualification,1
2015,block_member,"M.A, LLB",1,recognized qualification,1
2015,block_member,"M.A, M.ED",1,recognized qualification,1
2015,block_member,"M.A, MED",1,recognized qualification,1
2015,block_member,"M.A,B.ED",1,recognized qualification,1
2015,block_member,M.A.,1,recognized qualification,1
2015,block_member,"M.A. (SOCIOLOGY), HDISM",1,recognized qualification,1
2015,block_member,M.A. B.ED,1,recognized qualification,1
2015,block_member,M.A. DIPLOMA IN MONTESSORI,1,recognized qualification,1
2015,block_member,M.A.SOCIOLOGY,NA,unclassified,1
2015,block_member,M.B.A,1,recognized qualification,1
2015,block_member,M.COM,1,recognized qualification,2
2015,block_member,"M.COM, BED",1,recognized qualification,1
2015,block_member,"M.S,BED,LLB",1,recognized qualification,1
2015,block_member,"M.SC,B.ED",1,recognized qualification,1
2015,block_member,MA,1,recognized qualification,10
2015,block_member,"MA , BED (SET)",1,recognized qualification,1
2015,block_member,"MA , ENG (LIT),TTC",1,recognized qualification,1
2015,block_member,"MA , LLB",1,recognized qualification,1
2015,block_member,MA B ED,1,recognized qualification,1
2015,block_member,MA BED,1,recognized qualification,2
2015,block_member,MA ECONOMICS,1,recognized qualification,1
2015,block_member,MA ENGLISH,1,recognized qualification,1
2015,block_member,MA HISTORY,1,recognized qualification,1
2015,block_member,MA LLB,1,recognized qualification,1
2015,block_member,"MA MALAYALAM , JOURANALISM",1,recognized qualification,1
2015,block_member,"MA, B.ED",1,recognized qualification,2
2015,block_member,"MA, BED",1,recognized qualification,1
2015,block_member,"MA, PH.D",1,recognized qualification,1
2015,block_member,"MA,MED",1,recognized qualification,1
2015,block_member,MA. B.ED,1,recognized qualification,1
2015,block_member,MA.BED,NA,unclassified,1
2015,block_member,MA.ECONOMICS,NA,unclassified,1
2015,block_member,MA.ENGLISH,NA,unclassified,1
2015,block_member,MA;BED;SET,1,recognized qualification,1
2015,block_member,MACHINE TECHNOLOGY,NA,unclassified,1
2015,block_member,MATRICULATION,NA,unclassified,1
2015,block_member,MBA,1,recognized qualification,1
2015,block_member,MBA FINANCE,1,recognized qualification,1
2015,block_member,MCA,1,recognized qualification,1
2015,block_member,"MCA, MCOM, HDC",1,recognized qualification,1
2015,block_member,MCOM,1,recognized qualification,1
2015,block_member,"MCOM, BED",1,recognized qualification,1
2015,block_member,"MCOM.B.ED,NET",NA,unclassified,1
2015,block_member,MGTE(MUSIC) IN DIPLOMA,0,recognized qualification,1
2015,block_member,MSC MICROBIOLOGY,1,recognized qualification,1
2015,block_member,"MSC,PHD",1,recognized qualification,1
2015,block_member,"MSC. BIOTECHNOLOGY, M.A. BHARATHANATYAM",1,recognized qualification,1
2015,block_member,MSW,1,recognized qualification,1
2015,block_member,MSW(DOING),1,recognized qualification,1
2015,block_member,NINTH,0,recognized qualification,2
2015,block_member,P D C,0,recognized qualification,22
2015,block_member,P D C + HINDI PRAVEEN,0,recognized qualification,1
2015,block_member,P G,NA,unclassified,1
2015,block_member,P G DIPLOMA IN CLINICAL NUTRITION,NA,unclassified,1
2015,block_member,"P U C, DIPLOMA IN COMPUTER",0,recognized qualification,1
2015,block_member,"P U C,BCOM",1,recognized qualification,1
2015,block_member,P.D.C,0,recognized qualification,36
2015,block_member,"P.D.C , S.S.L.C",0,recognized qualification,1
2015,block_member,"P.D.C,J.D.C",0,recognized qualification,1
2015,block_member,P.D.C.,0,recognized qualification,1
2015,block_member,P.D.C. FAILED,0,recognized qualification,1
2015,block_member,"P.D.C., D.C.A",0,recognized qualification,1
2015,block_member,P.P.T.T.C,NA,unclassified,1
2015,block_member,P.U.C,0,recognized qualification,1
2015,block_member,PDC,0,recognized qualification,132
2015,block_member,PDC & SANSCRIT TEACHER,0,recognized qualification,1
2015,block_member,PDC (COMPUTER TTC),0,recognized qualification,1
2015,block_member,PDC FAILED,0,recognized qualification,1
2015,block_member,PDC&GNM(GENERAL NURSE),0,recognized qualification,1
2015,block_member,"PDC, HINDI VIDWAN (TTC)",0,recognized qualification,1
2015,block_member,"PDC, ITC",0,recognized qualification,1
2015,block_member,"PDC, ITI",0,recognized qualification,2
2015,block_member,"PDC, JDC",0,recognized qualification,1
2015,block_member,"PDC, NTTC",0,recognized qualification,1
2015,block_member,"PDC, NURSING IN JPHN",0,recognized qualification,1
2015,block_member,"PDC,DIPLOMA",0,recognized qualification,1
2015,block_member,"PDC,DRAUGHTSMAN (CIVIL)",0,recognized qualification,1
2015,block_member,"PDC,HINDI PRAVEEN",0,recognized qualification,1
2015,block_member,"PDC,ITC",0,recognized qualification,1
2015,block_member,"PDC,JDC",0,recognized qualification,1
2015,block_member,"PDC,MLT",0,recognized qualification,1
2015,block_member,"PDC,TTC",0,recognized qualification,4
2015,block_member,PLUS 2,0,recognized qualification,4
2015,block_member,"PLUS 2, COMPUTER ACCOUNTING",0,recognized qualification,1
2015,block_member,"PLUS 2, CTTC",0,recognized qualification,1
2015,block_member,PLUS ONE,0,recognized qualification,2
2015,block_member,PLUS TWO,0,recognized qualification,23
2015,block_member,"PLUS TWO, J D C",0,recognized qualification,1
2015,block_member,"PLUS TWO, TTC",0,recognized qualification,1
2015,block_member,PLUSTWO,0,recognized qualification,1
2015,block_member,"POST GRADUATION,DIPLOMA IN MEC.ENG.,LLB",1,recognized qualification,1
2015,block_member,PRAVEEN DEGREE(HINDI),1,recognized qualification,1
2015,block_member,PRE - DEGREE,0,recognized qualification,2
2015,block_member,PRE DEGREE,0,recognized qualification,30
2015,block_member,PRE DEGREE +COMPUTER,0,recognized qualification,1
2015,block_member,PRE DEGREE FAILD & NURSING,0,recognized qualification,1
2015,block_member,"PRE DEGREE, DIPLOMA",0,recognized qualification,1
2015,block_member,"PRE DEGREE, PPTTC",0,recognized qualification,1
2015,block_member,PRE- DEGREE,0,recognized qualification,2
2015,block_member,PRE- DEGREE COMPLETED,0,recognized qualification,1
2015,block_member,PRE-DEGREE,0,recognized qualification,37
2015,block_member,PRE-DEGREE (FAILED),0,recognized qualification,1
2015,block_member,"PRE-DEGREE, CO-OP. TRAINING",0,recognized qualification,1
2015,block_member,"PRE-DEGREE,DEGREE COMPLETED",0,recognized qualification,1
2015,block_member,"PRE-DEGREE,ITI",0,recognized qualification,1
2015,block_member,"PRE-DEGREE,N.T.TC",0,recognized qualification,1
2015,block_member,"PRE-DEGREE,T T C",0,recognized qualification,1
2015,block_member,PRE-DEGREEE,NA,unclassified,1
2015,block_member,PRE.DEGREE,0,recognized qualification,5
2015,block_member,"PRE.DEGREE, I.T.I",0,recognized qualification,1
2015,block_member,"PRE.DEGREE, J.D.C",0,recognized qualification,1
2015,block_member,PREDEGREE,0,recognized qualification,4
2015,block_member,"PREDEGREE,T.T.C",0,recognized qualification,1
2015,block_member,PREE DEGREE,0,recognized qualification,13
2015,block_member,PREE DEGREE FAILED,0,recognized qualification,1
2015,block_member,PREE DEGREE PASSED,0,recognized qualification,1
2015,block_member,"PREE DEGREE, DIPLOMA",0,recognized qualification,1
2015,block_member,PREE DIGREE,0,recognized qualification,2
2015,block_member,PREE-DEGREE,0,recognized qualification,8
2015,block_member,"PREE-DEGREE, MLT",0,recognized qualification,1
2015,block_member,PREEDEGREE,0,recognized qualification,2
2015,block_member,PREEDEGREE DIPLOMA IN CIVIL ENGG,0,recognized qualification,1
2015,block_member,"PREEDEGREE, TTC",0,recognized qualification,1
2015,block_member,PRIMARY EDUCATION,0,recognized qualification,1
2015,block_member,S S L C,0,recognized qualification,125
2015,block_member,S S L C + J D C,0,recognized qualification,1
2015,block_member,S S L C /VHSE / TTC,0,recognized qualification,1
2015,block_member,S S L C AND I T I,0,recognized qualification,1
2015,block_member,S S L C FAILED,0,recognized qualification,1
2015,block_member,"S S L C, T T C",0,recognized qualification,1
2015,block_member,"S S L C,ITI",0,recognized qualification,1
2015,block_member,"S S L C,JDC",0,recognized qualification,1
2015,block_member,"S S L C,LAB TEXCHNICIAN(MLT)",0,recognized qualification,1
2015,block_member,S. S. L. C,0,recognized qualification,5
2015,block_member,S.S.C,0,recognized qualification,1
2015,block_member,S.S.L.C,0,recognized qualification,156
2015,block_member,"S.S.L.C (FAILED),CIVIL ENG.CERTIFICATE COURSE",0,recognized qualification,1
2015,block_member,S.S.L.C FAILD,0,recognized qualification,1
2015,block_member,S.S.L.C FAILED,0,recognized qualification,1
2015,block_member,S.S.L.C WITH DIPLOMA,0,recognized qualification,1
2015,block_member,"S.S.L.C, AFZAL UL ULAMA",0,recognized qualification,1
2015,block_member,"S.S.L.C, CIVIL DIPLOMA, B.A",1,recognized qualification,1
2015,block_member,"S.S.L.C, I.T.I",0,recognized qualification,1
2015,block_member,"S.S.L.C, ITC",0,recognized qualification,1
2015,block_member,"S.S.L.C, P.D.C, NTTC",0,recognized qualification,1
2015,block_member,"S.S.L.C, P.D.C.",0,recognized qualification,1
2015,block_member,"S.S.L.C, T.T.C",0,recognized qualification,2
2015,block_member,"S.S.L.C, URDU HIGHER & PRILIMINARY",0,recognized qualification,1
2015,block_member,"S.S.L.C, V.H.S.E",0,recognized qualification,1
2015,block_member,"S.S.L.C,ITI",0,recognized qualification,2
2015,block_member,"S.S.L.C,K.G.T.E",0,recognized qualification,1
2015,block_member,"S.S.L.C,MALAYALAM VIDWAN.L.T.T.C",0,recognized qualification,1
2015,block_member,"S.S.L.C,P.P.T.T.C",0,recognized qualification,1
2015,block_member,S.S.L.C.,0,recognized qualification,10
2015,block_member,S.S.L.C. ITI,0,recognized qualification,1
2015,block_member,S.S.LC,0,recognized qualification,10
2015,block_member,S.S.LC (AFZAL -UL-ULAMA),0,recognized qualification,1
2015,block_member,"S.S.LC, AFZALUL ULAMA PRELIMINARY, BA ARABIC",1,recognized qualification,1
2015,block_member,SLCC,NA,unclassified,1
2015,block_member,SSLC,0,recognized qualification,402
2015,block_member,SSLC (FAILED),0,recognized qualification,1
2015,block_member,"SSLC , AFSALUL ULAMA",0,recognized qualification,1
2015,block_member,"SSLC , ITI , DIPLOMA",0,recognized qualification,1
2015,block_member,"SSLC ,HINDI SAHITHYAACHAYA,LTT",0,recognized qualification,1
2015,block_member,"SSLC ,TTC",0,recognized qualification,2
2015,block_member,SSLC AMIE (FAILED),0,recognized qualification,1
2015,block_member,SSLC FAIL,0,recognized qualification,1
2015,block_member,SSLC FAILED,0,recognized qualification,4
2015,block_member,SSLC JDC,0,recognized qualification,1
2015,block_member,SSLC PASS,0,recognized qualification,1
2015,block_member,SSLC WITH DIPLOMA,0,recognized qualification,1
2015,block_member,SSLC(FAILED),0,recognized qualification,1
2015,block_member,"SSLC, AFSAL ULAMA",0,recognized qualification,1
2015,block_member,"SSLC, DIPLOMA IN PAINTING",0,recognized qualification,1
2015,block_member,"SSLC, FISHERIES AND FREEZING TECHNOLOGY COURSE",0,recognized qualification,1
2015,block_member,"SSLC, JDC",0,recognized qualification,2
2015,block_member,"SSLC, NURSING",0,recognized qualification,2
2015,block_member,"SSLC, PDC",0,recognized qualification,2
2015,block_member,"SSLC, PDC(FAILED), KGTE HIGHER IN TAILORING AND NEEDLE WORK",0,recognized qualification,1
2015,block_member,"SSLC, PPTTC",0,recognized qualification,1
2015,block_member,"SSLC, PUC",0,recognized qualification,1
2015,block_member,"SSLC, TTC",0,recognized qualification,1
2015,block_member,"SSLC,AFDAL-UL-ULAMA",0,recognized qualification,1
2015,block_member,"SSLC,DIPLOMA,ITC",0,recognized qualification,1
2015,block_member,"SSLC,DRAUGHT'S MAN (CIVIL)",0,recognized qualification,1
2015,block_member,"SSLC,GNM",0,recognized qualification,1
2015,block_member,"SSLC,ITI",0,recognized qualification,4
2015,block_member,"SSLC,JDC",0,recognized qualification,3
2015,block_member,"SSLC,PDC,I T C",0,recognized qualification,1
2015,block_member,"SSLC,PDC,KGCE",0,recognized qualification,1
2015,block_member,"SSLC,PRE.DEGREE",0,recognized qualification,1
2015,block_member,"SSLC,PRE.DEGREE,JDC",0,recognized qualification,1
2015,block_member,"SSLC,SANSKRIT TEACHERS EXAM",0,recognized qualification,1
2015,block_member,"SSLC,TTC",0,recognized qualification,1
2015,block_member,"SSLC,TYPE WRITING",0,recognized qualification,1
2015,block_member,STANDARD 1,NA,unclassified,1
2015,block_member,SURVEY,NA,unclassified,1
2015,block_member,T T C,0,recognized qualification,1
2015,block_member,TENTH,0,recognized qualification,1
2015,block_member,TTC,0,recognized qualification,3
2015,block_member,"TTC, BA",1,recognized qualification,1
2015,block_member,UPPER PRIMARY,0,recognized qualification,1
2015,block_member,V TH,0,recognized qualification,1
2015,block_member,V1 STD,0,recognized qualification,2
2015,block_member,V11 STD,0,recognized qualification,1
2015,block_member,VHSE,0,recognized qualification,1
2015,block_member,VI TH STD,0,recognized qualification,2
2015,block_member,VII,0,recognized qualification,1
2015,block_member,VII STD,0,recognized qualification,2
2015,block_member,VII-STANDARD,0,recognized qualification,1
2015,block_member,VIII,0,recognized qualification,3
2015,block_member,VIII STD,0,recognized qualification,1
2015,block_member,VIII STD.,0,recognized qualification,1
2015,block_member,VIII TH STANDARD,0,recognized qualification,1
2015,block_member,VIII TH STD,0,recognized qualification,1
2015,block_member,VIII-STANDARD,0,recognized qualification,1
2015,block_member,VTH,NA,unclassified,1
2015,block_member,NA,NA,missing or unspecified,184
2015,gp_ward,****,NA,unclassified,1
2015,gp_ward,+ 2,NA,unclassified,1
2015,gp_ward,+2,0,recognized qualification,50
2015,gp_ward,+2 PASS V.H.S.C [ AGRICULTURE ],0,recognized qualification,1
2015,gp_ward,+2 PASSED,NA,unclassified,1
2015,gp_ward,+2 TTC,0,recognized qualification,2
2015,gp_ward,"+2, COMPUTER DIPLOMA",0,recognized qualification,1
2015,gp_ward,"+2, DIPLOMA",0,recognized qualification,1
2015,gp_ward,"+2, DIPLOMA IN AYURVEDIK NURSARY",0,recognized qualification,1
2015,gp_ward,"+2, H I COURSE",NA,unclassified,1
2015,gp_ward,"+2, ITI",0,recognized qualification,2
2015,gp_ward,"+2, ITI- CIVIL",0,recognized qualification,1
2015,gp_ward,"+2, NTTC",NA,unclassified,1
2015,gp_ward,"+2, PPTTC, DMLT",NA,unclassified,1
2015,gp_ward,"+2, TTC",0,recognized qualification,3
2015,gp_ward,"+2, TTC(HINDI )",0,recognized qualification,1
2015,gp_ward,"+2,DIPLOMA",0,recognized qualification,1
2015,gp_ward,"+2,NURSING",NA,unclassified,1
2015,gp_ward,"+2,TTC",0,recognized qualification,1
2015,gp_ward,+TWO,NA,unclassified,1
2015,gp_ward,-,NA,unclassified,8
2015,gp_ward,.,NA,unclassified,2
2015,gp_ward,.P.D.C.,0,recognized qualification,1
2015,gp_ward,10,0,recognized qualification,22
2015,gp_ward,10 CLASS,0,recognized qualification,5
2015,gp_ward,10 STANDARD,0,recognized qualification,1
2015,gp_ward,10 TH,0,recognized qualification,13
2015,gp_ward,10 TH FAILED,NA,unclassified,1
2015,gp_ward,10 TH PASS,0,recognized qualification,16
2015,gp_ward,10 TH STD,0,recognized qualification,5
2015,gp_ward,10 TH STD.,0,recognized qualification,1
2015,gp_ward,10+2,NA,unclassified,1
2015,gp_ward,10TH,0,recognized qualification,20
2015,gp_ward,10TH FAIL,NA,unclassified,1
2015,gp_ward,10TH STANDARD,0,recognized qualification,4
2015,gp_ward,10TH STANDERD,NA,unclassified,1
2015,gp_ward,10TH STD,0,recognized qualification,7
2015,gp_ward,10THD STD,NA,unclassified,1
2015,gp_ward,11,0,recognized qualification,1
2015,gp_ward,12,0,recognized qualification,4
2015,gp_ward,12 TH,0,recognized qualification,2
2015,gp_ward,12 TH STANDARD,0,recognized qualification,1
2015,gp_ward,1ST STANDARD,0,recognized qualification,1
2015,gp_ward,2ND CLASS,0,recognized qualification,1
2015,gp_ward,2ND STANDARD,0,recognized qualification,1
2015,gp_ward,2ND STANDARD PASS,NA,unclassified,1
2015,gp_ward,3 RD	FORM,NA,unclassified,1
2015,gp_ward,3 RD STANDERED,NA,unclassified,1
2015,gp_ward,3 RD STD,0,recognized qualification,1
2015,gp_ward,3 TH,0,recognized qualification,1
2015,gp_ward,3 YEAR NURSING,NA,unclassified,1
2015,gp_ward,3RD,0,recognized qualification,1
2015,gp_ward,3RD STANDARD,0,recognized qualification,1
2015,gp_ward,3RD STANDARD PASS,NA,unclassified,1
2015,gp_ward,3TH STANDARD,0,recognized qualification,1
2015,gp_ward,4,0,recognized qualification,10
2015,gp_ward,4 STD,0,recognized qualification,1
2015,gp_ward,4 TH,0,recognized qualification,7
2015,gp_ward,4 TH CLASS,0,recognized qualification,3
2015,gp_ward,4 TH STANDARD,0,recognized qualification,7
2015,gp_ward,4 TH STD,0,recognized qualification,7
2015,gp_ward,4'TH STANDARD,NA,unclassified,1
2015,gp_ward,4TH,0,recognized qualification,9
2015,gp_ward,4TH CLASS,0,recognized qualification,2
2015,gp_ward,4TH STANDARD,0,recognized qualification,9
2015,gp_ward,4TH STANDARD PASS,NA,unclassified,1
2015,gp_ward,4TH STANDERD,NA,unclassified,1
2015,gp_ward,4TH STD,0,recognized qualification,9
2015,gp_ward,4TH STD.,0,recognized qualification,1
2015,gp_ward,5,0,recognized qualification,12
2015,gp_ward,5 CLASS,0,recognized qualification,1
2015,gp_ward,5 STANDARD,0,recognized qualification,2
2015,gp_ward,5 STD,0,recognized qualification,3
2015,gp_ward,5 TH,0,recognized qualification,13
2015,gp_ward,5 TH STANDARAD,NA,unclassified,1
2015,gp_ward,5 TH STANDARD,0,recognized qualification,5
2015,gp_ward,5 TH STANDARED,NA,unclassified,1
2015,gp_ward,5 TH STANDERD,NA,unclassified,1
2015,gp_ward,5 TH STD,0,recognized qualification,9
2015,gp_ward,5TH,0,recognized qualification,9
2015,gp_ward,5TH CLASS,0,recognized qualification,4
2015,gp_ward,5TH STANDARD,0,recognized qualification,18
2015,gp_ward,5TH STANDARED,NA,unclassified,2
2015,gp_ward,5TH STANDERD,NA,unclassified,1
2015,gp_ward,5TH STD,0,recognized qualification,9
2015,gp_ward,5TH STD.,0,recognized qualification,1
2015,gp_ward,6,0,recognized qualification,16
2015,gp_ward,6 -TH,0,recognized qualification,1
2015,gp_ward,6 STANDRED,NA,unclassified,1
2015,gp_ward,6 TH,0,recognized qualification,3
2015,gp_ward,6 TH CLASS,0,recognized qualification,2
2015,gp_ward,6 TH PASSED,NA,unclassified,1
2015,gp_ward,6 TH STANDARAD,NA,unclassified,1
2015,gp_ward,6 TH STANDARD,0,recognized qualification,3
2015,gp_ward,6 TH STANDERD,NA,unclassified,1
2015,gp_ward,6 TH STANDERED,NA,unclassified,1
2015,gp_ward,6 TH STD,0,recognized qualification,3
2015,gp_ward,6 TH. STD,0,recognized qualification,1
2015,gp_ward,6'TH STANDARD,NA,unclassified,2
2015,gp_ward,6TH,0,recognized qualification,12
2015,gp_ward,6TH CLASS,0,recognized qualification,1
2015,gp_ward,6TH PASS,0,recognized qualification,1
2015,gp_ward,6TH STANDARD,0,recognized qualification,7
2015,gp_ward,6TH STANDERD,NA,unclassified,1
2015,gp_ward,6TH STD,0,recognized qualification,6
2015,gp_ward,7,0,recognized qualification,32
2015,gp_ward,7 -TH,0,recognized qualification,1
2015,gp_ward,7 -TH STANDERD,NA,unclassified,1
2015,gp_ward,7 CLASS,0,recognized qualification,3
2015,gp_ward,7 STANDARD,0,recognized qualification,1
2015,gp_ward,7 STD,0,recognized qualification,3
2015,gp_ward,7 TH,0,recognized qualification,14
2015,gp_ward,7 TH .STD,0,recognized qualification,1
2015,gp_ward,7 TH CLASS,0,recognized qualification,10
2015,gp_ward,7 TH PASS,0,recognized qualification,1
2015,gp_ward,7 TH STANDARD,0,recognized qualification,21
2015,gp_ward,7 TH STANDERD,NA,unclassified,2
2015,gp_ward,7 TH STD,0,recognized qualification,18
2015,gp_ward,7 TH STD PASS,NA,unclassified,1
2015,gp_ward,7 TH STD.,0,recognized qualification,1
2015,gp_ward,7 TH STD.PASS,NA,unclassified,2
2015,gp_ward,7 TH _STANDARD,NA,unclassified,1
2015,gp_ward,7 THA STANDARD,NA,unclassified,1
2015,gp_ward,7-TH STANDARD,0,recognized qualification,1
2015,gp_ward,7TH,0,recognized qualification,32
2015,gp_ward,7TH CLASS,0,recognized qualification,4
2015,gp_ward,7TH PASS,0,recognized qualification,2
2015,gp_ward,7TH STANDARD,0,recognized qualification,29
2015,gp_ward,7TH STANDARED,NA,unclassified,1
2015,gp_ward,7TH STANDERD,NA,unclassified,1
2015,gp_ward,7TH STANDERED,NA,unclassified,3
2015,gp_ward,7TH STD,0,recognized qualification,32
2015,gp_ward,7TH STD.,0,recognized qualification,2
2015,gp_ward,"7TH,AFSALUL ULUMA",NA,unclassified,1
2015,gp_ward,8,0,recognized qualification,16
2015,gp_ward,8 - TH STD.,0,recognized qualification,1
2015,gp_ward,8 CLASS,0,recognized qualification,1
2015,gp_ward,8 ITH CLASS,NA,unclassified,1
2015,gp_ward,8 STANDARD,0,recognized qualification,4
2015,gp_ward,8 STD,0,recognized qualification,5
2015,gp_ward,8 TH,0,recognized qualification,10
2015,gp_ward,8 TH CLASS,0,recognized qualification,6
2015,gp_ward,8 TH STANDARD,0,recognized qualification,23
2015,gp_ward,8 TH STANDARED,NA,unclassified,1
2015,gp_ward,8 TH STANDERD,NA,unclassified,2
2015,gp_ward,8 TH STD,0,recognized qualification,11
2015,gp_ward,8 TH STD.,0,recognized qualification,1
2015,gp_ward,8'TH STD,NA,unclassified,1
2015,gp_ward,8TH,0,recognized qualification,38
2015,gp_ward,8TH CLASS,0,recognized qualification,7
2015,gp_ward,8TH GRADE,NA,unclassified,1
2015,gp_ward,8TH PASS,0,recognized qualification,2
2015,gp_ward,8TH PASSED,NA,unclassified,3
2015,gp_ward,8TH STANDARD,0,recognized qualification,31
2015,gp_ward,8TH STANDARD PASS,NA,unclassified,1
2015,gp_ward,8TH STANDARED,NA,unclassified,2
2015,gp_ward,8TH STANDERD,NA,unclassified,6
2015,gp_ward,8TH STD,0,recognized qualification,29
2015,gp_ward,8TH STD.,0,recognized qualification,4
2015,gp_ward,9,0,recognized qualification,41
2015,gp_ward,9 CLASS,0,recognized qualification,1
2015,gp_ward,9 PASSED,NA,unclassified,1
2015,gp_ward,9 STANDARD,0,recognized qualification,4
2015,gp_ward,9 STD,0,recognized qualification,3
2015,gp_ward,9 TH,0,recognized qualification,38
2015,gp_ward,9 TH CLASS,0,recognized qualification,10
2015,gp_ward,9 TH CLASS PASS,NA,unclassified,3
2015,gp_ward,9 TH PASSED,NA,unclassified,3
2015,gp_ward,9 TH STANDARD,0,recognized qualification,26
2015,gp_ward,9 TH STANDARED,NA,unclassified,1
2015,gp_ward,9 TH STANDERD,NA,unclassified,2
2015,gp_ward,9 TH STD,0,recognized qualification,25
2015,gp_ward,9 TH STD.,0,recognized qualification,3
2015,gp_ward,9'TH STANDARD,NA,unclassified,1
2015,gp_ward,9TH,0,recognized qualification,60
2015,gp_ward,9TH CLASS,0,recognized qualification,13
2015,gp_ward,9TH PASS,0,recognized qualification,7
2015,gp_ward,9TH PASSED,NA,unclassified,1
2015,gp_ward,9TH STANDARD,0,recognized qualification,43
2015,gp_ward,9TH STANDARD PASS,NA,unclassified,1
2015,gp_ward,9TH STANDARED,NA,unclassified,3
2015,gp_ward,9TH STANDERD,NA,unclassified,1
2015,gp_ward,9TH STANDERED,NA,unclassified,3
2015,gp_ward,9TH STANDRD,NA,unclassified,1
2015,gp_ward,9TH STD,0,recognized qualification,37
2015,gp_ward,9TH STD.,0,recognized qualification,2
2015,gp_ward,A.N.M,NA,unclassified,1
2015,gp_ward,ADCA,NA,unclassified,1
2015,gp_ward,ADIB-I-FAZIL FINAL,NA,unclassified,1
2015,gp_ward,AFLALUL ULAMA PRILIMINERY II,NA,unclassified,3
2015,gp_ward,AFSAL -UL-ULAMA ARABIC,NA,unclassified,1
2015,gp_ward,AFSAL UL ULAMA,NA,unclassified,1
2015,gp_ward,AFSAL UL ULMA,NA,unclassified,1
2015,gp_ward,AFSAL-UL-ULAMA (PRELIMINARY),NA,unclassified,1
2015,gp_ward,AFSALUL ULAMA-PRILIMINARY,NA,unclassified,1
2015,gp_ward,AFZAL-UL-ULAMA PRELEMINARY,NA,unclassified,1
2015,gp_ward,AFZALUL ULAMA,NA,unclassified,1
2015,gp_ward,AUTO MOBILE ENGINEERING,NA,unclassified,1
2015,gp_ward,B -TECH,1,recognized qualification,1
2015,gp_ward,B A,1,recognized qualification,50
2015,gp_ward,B A & DIPLOMA,1,recognized qualification,1
2015,gp_ward,B A (ECONOMICS),1,recognized qualification,2
2015,gp_ward,B A (HISTORY),1,recognized qualification,1
2015,gp_ward,B A (MALAYALAM),1,recognized qualification,1
2015,gp_ward,"B A , BED",1,recognized qualification,1
2015,gp_ward,"B A ,B. ED",1,recognized qualification,1
2015,gp_ward,"B A ,B. ED(MALAYALAM)",1,recognized qualification,1
2015,gp_ward,B A B ED,1,recognized qualification,1
2015,gp_ward,B A BED,1,recognized qualification,1
2015,gp_ward,B A DEGREE,1,recognized qualification,2
2015,gp_ward,B A DEGREE (ECONOMICS),1,recognized qualification,1
2015,gp_ward,B A ECNOMICS,1,recognized qualification,1
2015,gp_ward,B A ECONOMICS,1,recognized qualification,9
2015,gp_ward,"B A ENGISH , T T C",1,recognized qualification,1
2015,gp_ward,B A ENGLISH,1,recognized qualification,1
2015,gp_ward,B A L L B,1,recognized qualification,3
2015,gp_ward,B A MALAYALAM,1,recognized qualification,1
2015,gp_ward,B A POLITICS COMPLETED,1,recognized qualification,1
2015,gp_ward,B A TAMIL,1,recognized qualification,1
2015,gp_ward,"B A, B ED",1,recognized qualification,1
2015,gp_ward,"B A, D.C.A",1,recognized qualification,1
2015,gp_ward,"B A, ENGLISH",1,recognized qualification,1
2015,gp_ward,"B A, L L B",1,recognized qualification,1
2015,gp_ward,"B A, L L B, D L L, D B M",1,recognized qualification,1
2015,gp_ward,"B A, MEIA PRODUCTION JURNALISAM",1,recognized qualification,1
2015,gp_ward,"B A, PGDCA",1,recognized qualification,1
2015,gp_ward,"B A,B ED,LLB",1,recognized qualification,1
2015,gp_ward,"B A,TTC",1,recognized qualification,1
2015,gp_ward,B B A,1,recognized qualification,2
2015,gp_ward,B COM,1,recognized qualification,36
2015,gp_ward,B COM (FAILED),NA,unclassified,1
2015,gp_ward,"B COM, ARABIC TTC",1,recognized qualification,1
2015,gp_ward,"B COM, ITC DRAUGHTS MAN CIVIL)",1,recognized qualification,1
2015,gp_ward,"B COM, LLB, MHRM",1,recognized qualification,1
2015,gp_ward,"B COM, MPED, NIS",1,recognized qualification,1
2015,gp_ward,"B COM, TALLY",1,recognized qualification,1
2015,gp_ward,B COM.,1,recognized qualification,3
2015,gp_ward,B ED,1,recognized qualification,2
2015,gp_ward,B S C,NA,unclassified,1
2015,gp_ward,B S C. BOTANY,NA,unclassified,1
2015,gp_ward,B SC,1,recognized qualification,5
2015,gp_ward,"B SC , TTC",1,recognized qualification,1
2015,gp_ward,"B SC MATHS, B ED",1,recognized qualification,1
2015,gp_ward,B SC PHYSICS,1,recognized qualification,1
2015,gp_ward,"B SC, B ED",1,recognized qualification,2
2015,gp_ward,"B SC, B ED, P G D C A",1,recognized qualification,1
2015,gp_ward,"B SC, BED",1,recognized qualification,2
2015,gp_ward,"B SC, HDC",1,recognized qualification,1
2015,gp_ward,"B SC, JDC",1,recognized qualification,1
2015,gp_ward,"B SC,HDC",1,recognized qualification,1
2015,gp_ward,"B SC,LLB",1,recognized qualification,1
2015,gp_ward,B TECH,1,recognized qualification,1
2015,gp_ward,B-COM,1,recognized qualification,16
2015,gp_ward,"B-COM , T.T.C",1,recognized qualification,1
2015,gp_ward,B-COM CO-OPERATION,1,recognized qualification,1
2015,gp_ward,"B-COM, TTC",1,recognized qualification,1
2015,gp_ward,"B-COM,COMPUTER DIPLOMA,T.T.C",1,recognized qualification,1
2015,gp_ward,B-ED,1,recognized qualification,2
2015,gp_ward,B-SC 1 YEAR,NA,unclassified,1
2015,gp_ward,B-TECH,1,recognized qualification,2
2015,gp_ward,B. A,1,recognized qualification,5
2015,gp_ward,B. A. ECONOMICS,1,recognized qualification,2
2015,gp_ward,B. A. FAILED,NA,unclassified,1
2015,gp_ward,"B. A., ITI (COMPUTER NETWORKING)",1,recognized qualification,1
2015,gp_ward,B. COM,1,recognized qualification,6
2015,gp_ward,B. COM COMPUTER,1,recognized qualification,1
2015,gp_ward,"B. COM, DIPLOMA IN MECHANICAL ENGINEERING",1,recognized qualification,1
2015,gp_ward,B. E. COMPUTER SCIENCE,1,recognized qualification,1
2015,gp_ward,B. SC,1,recognized qualification,2
2015,gp_ward,B. SC.,1,recognized qualification,1
2015,gp_ward,"B. SE, B.ED",1,recognized qualification,1
2015,gp_ward,B.A,1,recognized qualification,193
2015,gp_ward,B.A (COMPUTER),1,recognized qualification,1
2015,gp_ward,B.A (ECONOMICS),1,recognized qualification,4
2015,gp_ward,B.A (ENG),1,recognized qualification,1
2015,gp_ward,B.A (FAILED),NA,unclassified,1
2015,gp_ward,"B.A , BED",1,recognized qualification,2
2015,gp_ward,"B.A , D.PHARM",1,recognized qualification,1
2015,gp_ward,"B.A , HINDHI BHOOSHAN",1,recognized qualification,1
2015,gp_ward,"B.A , L.L.B",1,recognized qualification,1
2015,gp_ward,B.A - B.ED,1,recognized qualification,2
2015,gp_ward,B.A - ECONOMICS,1,recognized qualification,1
2015,gp_ward,B.A ARABIC,1,recognized qualification,2
2015,gp_ward,B.A B.E.D,1,recognized qualification,2
2015,gp_ward,B.A B.ED,1,recognized qualification,1
2015,gp_ward,B.A BED,1,recognized qualification,2
2015,gp_ward,B.A COMPLETED,1,recognized qualification,4
2015,gp_ward,"B.A COMPLETED, N.T.T.C",1,recognized qualification,1
2015,gp_ward,B.A DEGREE,1,recognized qualification,2
2015,gp_ward,"B.A DEGREE, DIPLOMA IN ELECTRICAL ENGINEERING",1,recognized qualification,1
2015,gp_ward,B.A ECNOMICS,1,recognized qualification,2
2015,gp_ward,B.A ECONOMICS,1,recognized qualification,10
2015,gp_ward,B.A ENGLISH,1,recognized qualification,3
2015,gp_ward,"B.A ENGLISH LIT.,DIPLOMA IN RADIOGRAPHY",1,recognized qualification,1
2015,gp_ward,B.A FAILED,NA,unclassified,1
2015,gp_ward,B.A HINDI,1,recognized qualification,1
2015,gp_ward,B.A HINDI LITERATURE,1,recognized qualification,1
2015,gp_ward,B.A HISTORY,1,recognized qualification,3
2015,gp_ward,B.A HISTORY COMPLETED,1,recognized qualification,1
2015,gp_ward,B.A L.L.B,1,recognized qualification,2
2015,gp_ward,B.A LITERATURE,1,recognized qualification,2
2015,gp_ward,B.A LLB,1,recognized qualification,3
2015,gp_ward,B.A POLITICS,1,recognized qualification,1
2015,gp_ward,B.A SOCIOLOGY,1,recognized qualification,2
2015,gp_ward,B.A TYPE WRITING,1,recognized qualification,1
2015,gp_ward,B.A(ECONOMICS),1,recognized qualification,1
2015,gp_ward,"B.A(LAW), L.L.B",1,recognized qualification,1
2015,gp_ward,"B.A,",1,recognized qualification,1
2015,gp_ward,"B.A, B.ED",1,recognized qualification,7
2015,gp_ward,"B.A, B.ED, M.A",1,recognized qualification,1
2015,gp_ward,"B.A, BED",1,recognized qualification,8
2015,gp_ward,"B.A, DCA(S)",1,recognized qualification,1
2015,gp_ward,"B.A, DIPLOMA (HDC)",1,recognized qualification,1
2015,gp_ward,"B.A, DIPLOMA IN AUTOMOBILE",1,recognized qualification,1
2015,gp_ward,"B.A, DIPLOMA IN BUSINESS MANAGEMENT",1,recognized qualification,1
2015,gp_ward,"B.A, ECONOMICS",1,recognized qualification,1
2015,gp_ward,"B.A, H.D.C",1,recognized qualification,2
2015,gp_ward,"B.A, HISTORY",1,recognized qualification,1
2015,gp_ward,"B.A, JDC",1,recognized qualification,1
2015,gp_ward,"B.A, L.L.B",1,recognized qualification,2
2015,gp_ward,"B.A, LLB",1,recognized qualification,2
2015,gp_ward,"B.A, PGDCA",1,recognized qualification,1
2015,gp_ward,"B.A, T.T.C",1,recognized qualification,1
2015,gp_ward,"B.A, T.T.C.",1,recognized qualification,1
2015,gp_ward,"B.A,, B.ED",1,recognized qualification,1
2015,gp_ward,"B.A,.B.ED",1,recognized qualification,1
2015,gp_ward,"B.A,B.E.D",1,recognized qualification,2
2015,gp_ward,"B.A,B.ED",1,recognized qualification,4
2015,gp_ward,"B.A,BED",1,recognized qualification,1
2015,gp_ward,"B.A,J.D.C",1,recognized qualification,1
2015,gp_ward,"B.A,L.L.B",1,recognized qualification,1
2015,gp_ward,"B.A,LL.B",1,recognized qualification,2
2015,gp_ward,"B.A,LLB",1,recognized qualification,1
2015,gp_ward,"B.A,T.T.C",1,recognized qualification,1
2015,gp_ward,"B.A,TTC.",1,recognized qualification,1
2015,gp_ward,B.A- AFSAL -UL-ULAMA,1,recognized qualification,1
2015,gp_ward,B.A-LLB,1,recognized qualification,1
2015,gp_ward,B.A.,1,recognized qualification,28
2015,gp_ward,B.A. B.ED,1,recognized qualification,1
2015,gp_ward,B.A. B.ED.,1,recognized qualification,1
2015,gp_ward,B.A. COMPLETED,1,recognized qualification,1
2015,gp_ward,B.A. ECCONOMICS,1,recognized qualification,2
2015,gp_ward,"B.A. ECNOMICS, PGDCA",1,recognized qualification,1
2015,gp_ward,B.A. ECONOMICS,1,recognized qualification,4
2015,gp_ward,B.A. ENGLISH,1,recognized qualification,2
2015,gp_ward,"B.A. ENGLISH, P.G.D.C.A",1,recognized qualification,1
2015,gp_ward,B.A. L.L.B,1,recognized qualification,2
2015,gp_ward,B.A. T.T.C,1,recognized qualification,1
2015,gp_ward,B.A.(HINDI),1,recognized qualification,1
2015,gp_ward,"B.A., B.ED",1,recognized qualification,1
2015,gp_ward,"B.A., BED",1,recognized qualification,1
2015,gp_ward,"B.A., L.L.B",1,recognized qualification,2
2015,gp_ward,"B.A., L.L.B.",1,recognized qualification,1
2015,gp_ward,"B.A.,LL.B.",1,recognized qualification,1
2015,gp_ward,B.A.COMPLETED,NA,unclassified,1
2015,gp_ward,B.A.DEGREE,NA,unclassified,1
2015,gp_ward,B.A.DIGREE,NA,unclassified,1
2015,gp_ward,B.A.ECONOMIC,NA,unclassified,1
2015,gp_ward,B.A.ECONOMICS,NA,unclassified,3
2015,gp_ward,"B.A.ECONOMICS,HDC",NA,unclassified,1
2015,gp_ward,B.A.L. L.L.B,1,recognized qualification,1
2015,gp_ward,B.A.L.L.B,NA,unclassified,2
2015,gp_ward,B.A.L.L.L.B,NA,unclassified,1
2015,gp_ward,B.A.LITERATURE,NA,unclassified,1
2015,gp_ward,B.A.MALAYALAM,NA,unclassified,1
2015,gp_ward,B.B.A,1,recognized qualification,2
2015,gp_ward,B.C.A,1,recognized qualification,1
2015,gp_ward,B.COM,1,recognized qualification,191
2015,gp_ward,B.COM (CA,1,recognized qualification,1
2015,gp_ward,B.COM (COURSE COMPLETED ),NA,unclassified,1
2015,gp_ward,"B.COM , DOING MBA",1,recognized qualification,1
2015,gp_ward,"B.COM , LLB",1,recognized qualification,2
2015,gp_ward,"B.COM , PGDCA",1,recognized qualification,1
2015,gp_ward,"B.COM ,ITI",1,recognized qualification,1
2015,gp_ward,"B.COM ,LLB",1,recognized qualification,1
2015,gp_ward,B.COM ; T.T.C,1,recognized qualification,1
2015,gp_ward,B.COM CO-OPERATION,1,recognized qualification,1
2015,gp_ward,B.COM CO.OPERATION,1,recognized qualification,1
2015,gp_ward,B.COM COMPLETED,1,recognized qualification,1
2015,gp_ward,B.COM COMPUTER,1,recognized qualification,1
2015,gp_ward,B.COM DEGREE COURSE COMPLETED,NA,unclassified,1
2015,gp_ward,B.COM LLB,1,recognized qualification,1
2015,gp_ward,B.COM WITH CO-OPERATION,1,recognized qualification,2
2015,gp_ward,"B.COM WITH CO-OPERATION, COMPUTER & DTP, TYPEWRITING ENGLISH(H) & MALAYALAM(L)",1,recognized qualification,1
2015,gp_ward,B.COM WITH CO-ORPORATION,1,recognized qualification,2
2015,gp_ward,B.COM(NOT COMPLETED),NA,unclassified,1
2015,gp_ward,"B.COM,",1,recognized qualification,1
2015,gp_ward,"B.COM, B.A LITERATURE",1,recognized qualification,1
2015,gp_ward,"B.COM, BPED",1,recognized qualification,1
2015,gp_ward,"B.COM, CO-OPERATION",1,recognized qualification,1
2015,gp_ward,"B.COM, DCA",1,recognized qualification,1
2015,gp_ward,"B.COM, DCA, TYPE WRITING",1,recognized qualification,1
2015,gp_ward,"B.COM, DIPLOMA IN MRT",1,recognized qualification,1
2015,gp_ward,"B.COM, H.D.C",1,recognized qualification,1
2015,gp_ward,"B.COM, HDC",1,recognized qualification,1
2015,gp_ward,"B.COM, HDC & BM",1,recognized qualification,1
2015,gp_ward,"B.COM, HDC, COMPUTER",1,recognized qualification,1
2015,gp_ward,"B.COM, ITI",1,recognized qualification,1
2015,gp_ward,"B.COM, KGTE(H) ENGLISH,KGTE(M) LOWER",1,recognized qualification,1
2015,gp_ward,"B.COM, L.L.B",1,recognized qualification,1
2015,gp_ward,"B.COM, LLB",1,recognized qualification,5
2015,gp_ward,"B.COM, LLB, MBA",1,recognized qualification,1
2015,gp_ward,"B.COM, MSOFFICE, TALLY",1,recognized qualification,1
2015,gp_ward,"B.COM, PGDCA",1,recognized qualification,2
2015,gp_ward,"B.COM, PGDCA, DIPLOMA IN SOIAL WORKS",1,recognized qualification,1
2015,gp_ward,"B.COM, PLUS TWO",1,recognized qualification,1
2015,gp_ward,"B.COM,ACCOUNTING & CO-OPE",1,recognized qualification,1
2015,gp_ward,"B.COM,B.ED",1,recognized qualification,1
2015,gp_ward,"B.COM,BED",1,recognized qualification,1
2015,gp_ward,"B.COM,CO-OPERATION",1,recognized qualification,1
2015,gp_ward,"B.COM,COMPUTER",1,recognized qualification,1
2015,gp_ward,"B.COM,DEO",1,recognized qualification,1
2015,gp_ward,"B.COM,DPM",1,recognized qualification,1
2015,gp_ward,"B.COM,L.L.B",1,recognized qualification,2
2015,gp_ward,"B.COM,PGDCA",1,recognized qualification,1
2015,gp_ward,B.COM-CO-OPERATION,1,recognized qualification,1
2015,gp_ward,B.COM.,1,recognized qualification,4
2015,gp_ward,B.COM. CO-OPERATION,1,recognized qualification,1
2015,gp_ward,B.COM. WITH CORPORATION,1,recognized qualification,1
2015,gp_ward,"B.COM.,B.ED",1,recognized qualification,1
2015,gp_ward,B.E,1,recognized qualification,1
2015,gp_ward,B.ED,1,recognized qualification,5
2015,gp_ward,"B.ED, MCOM",1,recognized qualification,1
2015,gp_ward,B.S.C,1,recognized qualification,2
2015,gp_ward,"B.S.C (MATHS),BED",1,recognized qualification,1
2015,gp_ward,B.S.C (Z),1,recognized qualification,1
2015,gp_ward,B.S.C -B.ED,1,recognized qualification,1
2015,gp_ward,"B.S.C BIOCHEMISTY,MBA",1,recognized qualification,1
2015,gp_ward,"B.S.C, BED",1,recognized qualification,1
2015,gp_ward,B.SC,1,recognized qualification,23
2015,gp_ward,B.SC (MATHS),1,recognized qualification,1
2015,gp_ward,"B.SC , B.ED",1,recognized qualification,1
2015,gp_ward,B.SC B.ED,1,recognized qualification,1
2015,gp_ward,B.SC BOTANY,1,recognized qualification,2
2015,gp_ward,B.SC MATHEMATICS,1,recognized qualification,1
2015,gp_ward,"B.SC MATHEMATICS , B.ED",1,recognized qualification,1
2015,gp_ward,B.SC NURSE,1,recognized qualification,1
2015,gp_ward,B.SC NURSING,1,recognized qualification,1
2015,gp_ward,B.SC ZOOLOGY,1,recognized qualification,1
2015,gp_ward,"B.SC, B.ED",1,recognized qualification,10
2015,gp_ward,"B.SC, BED",1,recognized qualification,1
2015,gp_ward,"B.SC, L.L.B",1,recognized qualification,1
2015,gp_ward,"B.SC, LLB",1,recognized qualification,1
2015,gp_ward,"B.SC, T.T.C",1,recognized qualification,1
2015,gp_ward,"B.SC,B.ED",1,recognized qualification,2
2015,gp_ward,"B.SC,B.ED,PGDCA",1,recognized qualification,1
2015,gp_ward,"B.SC,L.L.B",1,recognized qualification,1
2015,gp_ward,B.SC-BED,1,recognized qualification,1
2015,gp_ward,B.SC. - PHYSICS,1,recognized qualification,1
2015,gp_ward,B.SC. L.L.B,1,recognized qualification,1
2015,gp_ward,B.SC. ZOOLOGY,1,recognized qualification,2
2015,gp_ward,"B.SC., B.ED.",1,recognized qualification,1
2015,gp_ward,"B.SC.,B.ED",1,recognized qualification,1
2015,gp_ward,B.TECH,1,recognized qualification,4
2015,gp_ward,B.TECH IT,1,recognized qualification,1
2015,gp_ward,B.|A.,NA,unclassified,1
2015,gp_ward,BA,1,recognized qualification,203
2015,gp_ward,BA & ITI,1,recognized qualification,1
2015,gp_ward,BA (ARABIC),1,recognized qualification,1
2015,gp_ward,BA (ECONOMICS),1,recognized qualification,2
2015,gp_ward,BA (FAIL),NA,unclassified,1
2015,gp_ward,BA (HISTORY),1,recognized qualification,2
2015,gp_ward,BA (HISTORY) BED,1,recognized qualification,1
2015,gp_ward,BA (POLITICAL SCIENCE),1,recognized qualification,1
2015,gp_ward,BA (POLITICS),1,recognized qualification,1
2015,gp_ward,"BA , B ED",1,recognized qualification,1
2015,gp_ward,"BA , B.ED",1,recognized qualification,1
2015,gp_ward,"BA , BED",1,recognized qualification,1
2015,gp_ward,"BA , ECONOMICS",1,recognized qualification,2
2015,gp_ward,"BA , HDC",1,recognized qualification,1
2015,gp_ward,"BA , TTC",1,recognized qualification,1
2015,gp_ward,"BA ,B.ED",1,recognized qualification,2
2015,gp_ward,"BA ,BED",1,recognized qualification,1
2015,gp_ward,"BA ,HDC",1,recognized qualification,1
2015,gp_ward,"BA ,JDC",1,recognized qualification,1
2015,gp_ward,BA - ECONOMICS,1,recognized qualification,1
2015,gp_ward,BA - POLITICS,1,recognized qualification,1
2015,gp_ward,BA . BED,1,recognized qualification,1
2015,gp_ward,BA . POLITICS,1,recognized qualification,1
2015,gp_ward,BA / TTC,1,recognized qualification,1
2015,gp_ward,BA AFSUL-UL- ULAMA,1,recognized qualification,1
2015,gp_ward,BA ARABIC,1,recognized qualification,3
2015,gp_ward,"BA ARABIC, B.ED",1,recognized qualification,1
2015,gp_ward,BA B E D,1,recognized qualification,1
2015,gp_ward,BA B.ED,1,recognized qualification,3
2015,gp_ward,BA B.ED.,1,recognized qualification,1
2015,gp_ward,BA BED,1,recognized qualification,13
2015,gp_ward,BA COMPLETED,1,recognized qualification,2
2015,gp_ward,BA COURSE COMPLETED,NA,unclassified,3
2015,gp_ward,BA DEGREE,1,recognized qualification,6
2015,gp_ward,BA DEGREE COMPLETED,1,recognized qualification,1
2015,gp_ward,BA ECNOMICS,1,recognized qualification,2
2015,gp_ward,BA ECO,1,recognized qualification,1
2015,gp_ward,BA ECONIMICS,1,recognized qualification,2
2015,gp_ward,BA ECONOMICS,1,recognized qualification,27
2015,gp_ward,"BA ECONOMICS, ITI (STENOGRAPHY)",1,recognized qualification,1
2015,gp_ward,"BA ECONOMICS,HINDI VIDUAN",1,recognized qualification,1
2015,gp_ward,BA ENGLISH,1,recognized qualification,3
2015,gp_ward,BA ENGLISH LANGUAGE & LITERATURE,1,recognized qualification,1
2015,gp_ward,"BA ENGLISH, TTC",1,recognized qualification,1
2015,gp_ward,BA ENGLSIH,1,recognized qualification,1
2015,gp_ward,BA FAILED,NA,unclassified,2
2015,gp_ward,BA HDC,1,recognized qualification,1
2015,gp_ward,BA HINDI,1,recognized qualification,2
2015,gp_ward,BA HISTORY,1,recognized qualification,13
2015,gp_ward,BA JDC,1,recognized qualification,1
2015,gp_ward,BA LITERATURE,1,recognized qualification,2
2015,gp_ward,BA LITRATURE ENGLISH,1,recognized qualification,1
2015,gp_ward,BA LLB,1,recognized qualification,4
2015,gp_ward,BA MALAYALAM,1,recognized qualification,1
2015,gp_ward,BA NOT COMPLETED,NA,unclassified,1
2015,gp_ward,"BA POLITICAL SCIENCE, PRESS PHOTOGRAPHY & PHOTO GOURNALISAM",1,recognized qualification,1
2015,gp_ward,BA POLITICS,1,recognized qualification,1
2015,gp_ward,BA SOCIOLOGY,1,recognized qualification,1
2015,gp_ward,"BA SOCIOLOGY,DGDA",1,recognized qualification,1
2015,gp_ward,BA(COMPLETED),1,recognized qualification,1
2015,gp_ward,BA(COURSE COMPLETED),NA,unclassified,1
2015,gp_ward,"BA(ECONOMICS),TTC",1,recognized qualification,1
2015,gp_ward,BA(FAILED),NA,unclassified,1
2015,gp_ward,BA(LITERATURE),1,recognized qualification,1
2015,gp_ward,BA(POLITICS),1,recognized qualification,1
2015,gp_ward,"BA, B-ED",1,recognized qualification,1
2015,gp_ward,"BA, B.ED",1,recognized qualification,4
2015,gp_ward,"BA, BAL, LLB",1,recognized qualification,1
2015,gp_ward,"BA, BED",1,recognized qualification,19
2015,gp_ward,"BA, BED, LLB",1,recognized qualification,1
2015,gp_ward,"BA, BED, PGDCA",1,recognized qualification,1
2015,gp_ward,"BA, BLIS",1,recognized qualification,1
2015,gp_ward,"BA, BPED",1,recognized qualification,1
2015,gp_ward,"BA, D.PAHARMACY",1,recognized qualification,1
2015,gp_ward,"BA, DCA",1,recognized qualification,1
2015,gp_ward,"BA, HDC",1,recognized qualification,2
2015,gp_ward,"BA, HINDI PRAVEENA",1,recognized qualification,1
2015,gp_ward,"BA, JDC",1,recognized qualification,2
2015,gp_ward,"BA, JOURNALISM, LIBRARY SCIENCE",1,recognized qualification,1
2015,gp_ward,"BA, LLB",1,recognized qualification,11
2015,gp_ward,"BA, MBA",1,recognized qualification,1
2015,gp_ward,"BA, MLISC",1,recognized qualification,1
2015,gp_ward,"BA, MS OFFICE",1,recognized qualification,1
2015,gp_ward,"BA, P.G.D.C.A",1,recognized qualification,1
2015,gp_ward,"BA, P.G.DIPLOMA IN TOURISM",1,recognized qualification,1
2015,gp_ward,"BA, SANITARY INSPECTOR DIPLOMA",1,recognized qualification,1
2015,gp_ward,"BA, T.T.C.",1,recognized qualification,1
2015,gp_ward,"BA, TTC",1,recognized qualification,4
2015,gp_ward,"BA,B ED",1,recognized qualification,2
2015,gp_ward,"BA,B.ED",1,recognized qualification,4
2015,gp_ward,"BA,B.ED.,B.P.ED",1,recognized qualification,1
2015,gp_ward,"BA,BED",1,recognized qualification,11
2015,gp_ward,"BA,HDC",1,recognized qualification,1
2015,gp_ward,"BA,HISTORY",1,recognized qualification,1
2015,gp_ward,"BA,ITI(CIVIL)",1,recognized qualification,1
2015,gp_ward,"BA,JDC",1,recognized qualification,1
2015,gp_ward,"BA,LLB",1,recognized qualification,6
2015,gp_ward,"BA,LTTC",1,recognized qualification,1
2015,gp_ward,"BA,MBA,LLB,MBL",1,recognized qualification,1
2015,gp_ward,"BA,PGDCA",1,recognized qualification,1
2015,gp_ward,"BA,TTC",1,recognized qualification,2
2015,gp_ward,BA- DEGREE,1,recognized qualification,1
2015,gp_ward,BA-B.ED,1,recognized qualification,1
2015,gp_ward,BA-ECONOMICS,1,recognized qualification,1
2015,gp_ward,BA-JDC,1,recognized qualification,1
2015,gp_ward,BA-LLB,1,recognized qualification,1
2015,gp_ward,BA. B ED,1,recognized qualification,1
2015,gp_ward,BA. B-ED,1,recognized qualification,1
2015,gp_ward,BA. B.ED,1,recognized qualification,1
2015,gp_ward,BA. ECONOMICS,1,recognized qualification,1
2015,gp_ward,BA. HINDI,1,recognized qualification,1
2015,gp_ward,BA. LLB,1,recognized qualification,2
2015,gp_ward,BA.BED,NA,unclassified,2
2015,gp_ward,BA.ECO,NA,unclassified,1
2015,gp_ward,BA.ECONOMICS,NA,unclassified,2
2015,gp_ward,BA.H.D.C L.L.B,1,recognized qualification,1
2015,gp_ward,BA.HISTORY,NA,unclassified,1
2015,gp_ward,"BA.L , LLB",1,recognized qualification,1
2015,gp_ward,BA.LLB,NA,unclassified,3
2015,gp_ward,BACHELOR IN PHYSIOTHERAPY,NA,unclassified,1
2015,gp_ward,BACHELOR OF ARTS,NA,unclassified,5
2015,gp_ward,"BACHELOR OF ARTS, BACHELOR OF EDUCATION",NA,unclassified,1
2015,gp_ward,"BACHELOR OF ARTS, T.T.C",0,recognized qualification,1
2015,gp_ward,BACHELOR OF COMMERCE,NA,unclassified,1
2015,gp_ward,BACHELOR OF HOTEL MANAGEMENT,NA,unclassified,1
2015,gp_ward,"BAL,LLB",1,recognized qualification,2
2015,gp_ward,BBA,1,recognized qualification,5
2015,gp_ward,"BBM,MCA",1,recognized qualification,1
2015,gp_ward,BCOM,1,recognized qualification,68
2015,gp_ward,BCOM AIBM,1,recognized qualification,1
2015,gp_ward,BCOM CO OPERATIVE,1,recognized qualification,1
2015,gp_ward,BCOM COMPLETED,1,recognized qualification,2
2015,gp_ward,BCOM WITH CO-OPERATION,1,recognized qualification,2
2015,gp_ward,BCOM WITH TALLY,1,recognized qualification,1
2015,gp_ward,BCOM(COMPLETED),1,recognized qualification,1
2015,gp_ward,"BCOM, DSC",1,recognized qualification,1
2015,gp_ward,"BCOM, H D C",1,recognized qualification,1
2015,gp_ward,"BCOM, HDC",1,recognized qualification,1
2015,gp_ward,"BCOM, ITI",1,recognized qualification,1
2015,gp_ward,"BCOM, JDC",1,recognized qualification,1
2015,gp_ward,"BCOM, LLB",1,recognized qualification,1
2015,gp_ward,"BCOM,DHM",1,recognized qualification,1
2015,gp_ward,"BCOM,ITI",1,recognized qualification,1
2015,gp_ward,"BCOM,LLB",1,recognized qualification,1
2015,gp_ward,BCOM- WITH CO-OPERATION,1,recognized qualification,1
2015,gp_ward,BCOM.,1,recognized qualification,2
2015,gp_ward,BCOM. HDC,1,recognized qualification,1
2015,gp_ward,BCOM.BED,NA,unclassified,1
2015,gp_ward,BCOM/DIPLOMA,1,recognized qualification,1
2015,gp_ward,BCOM/HDC,1,recognized qualification,1
2015,gp_ward,BE,1,recognized qualification,1
2015,gp_ward,BED,1,recognized qualification,5
2015,gp_ward,BED. D.R.S MA,1,recognized qualification,1
2015,gp_ward,BHM,NA,unclassified,1
2015,gp_ward,BHMS,1,recognized qualification,1
2015,gp_ward,BSC,1,recognized qualification,76
2015,gp_ward,BSC (CHEMISTRY),1,recognized qualification,1
2015,gp_ward,"BSC , B.ED",1,recognized qualification,1
2015,gp_ward,"BSC , BED",1,recognized qualification,1
2015,gp_ward,"BSC , HDC",1,recognized qualification,1
2015,gp_ward,"BSC , LLB",1,recognized qualification,1
2015,gp_ward,"BSC ,BED",1,recognized qualification,2
2015,gp_ward,BSC - CHEMISTRY FAILED,NA,unclassified,1
2015,gp_ward,BSC - LLB,1,recognized qualification,1
2015,gp_ward,BSC B.ED,1,recognized qualification,1
2015,gp_ward,BSC BED,1,recognized qualification,10
2015,gp_ward,BSC BED MATHS,1,recognized qualification,1
2015,gp_ward,BSC BED.,1,recognized qualification,1
2015,gp_ward,BSC BOTANY,1,recognized qualification,2
2015,gp_ward,BSC BOTANY DEGREE,1,recognized qualification,1
2015,gp_ward,BSC CHEMISTRY,1,recognized qualification,3
2015,gp_ward,BSC COMPLETED,1,recognized qualification,1
2015,gp_ward,BSC COMPUTER SCIENCE,1,recognized qualification,1
2015,gp_ward,BSC COURSE COMPLEATED,1,recognized qualification,1
2015,gp_ward,BSC COURSE COMPLETED,NA,unclassified,1
2015,gp_ward,BSC DEGREE,1,recognized qualification,3
2015,gp_ward,BSC FAILED,NA,unclassified,1
2015,gp_ward,BSC LLB,1,recognized qualification,2
2015,gp_ward,BSC MATHEMATICS,1,recognized qualification,2
2015,gp_ward,BSC MATHS,1,recognized qualification,2
2015,gp_ward,"BSC MATHS,J.D.C",1,recognized qualification,1
2015,gp_ward,BSC NURSING,1,recognized qualification,2
2015,gp_ward,BSC PHYSICS,1,recognized qualification,2
2015,gp_ward,"BSC PHYSICS,B.ED",1,recognized qualification,1
2015,gp_ward,BSC ZOOLOGY,1,recognized qualification,1
2015,gp_ward,BSC(FAILED),NA,unclassified,1
2015,gp_ward,"BSC(STATISTICS),J D C",1,recognized qualification,1
2015,gp_ward,"BSC, B.ED",1,recognized qualification,1
2015,gp_ward,"BSC, BED",1,recognized qualification,10
2015,gp_ward,"BSC, BED,",1,recognized qualification,1
2015,gp_ward,"BSC, BED, PGDCA",1,recognized qualification,1
2015,gp_ward,"BSC, CHEMISTRY",1,recognized qualification,1
2015,gp_ward,"BSC, DCP",1,recognized qualification,1
2015,gp_ward,"BSC, HDC & BM",1,recognized qualification,1
2015,gp_ward,"BSC, LLB",1,recognized qualification,3
2015,gp_ward,"BSC, M-COM",1,recognized qualification,1
2015,gp_ward,"BSC, MBA, LLB",1,recognized qualification,1
2015,gp_ward,"BSC, MCA",1,recognized qualification,1
2015,gp_ward,"BSC, MCA, MBA STUDENT",1,recognized qualification,1
2015,gp_ward,"BSC, PGDBM",1,recognized qualification,1
2015,gp_ward,"BSC, PGDCA",1,recognized qualification,2
2015,gp_ward,"BSC,B ED",1,recognized qualification,1
2015,gp_ward,"BSC,B.ED",1,recognized qualification,2
2015,gp_ward,"BSC,B.ED, JDC",1,recognized qualification,1
2015,gp_ward,"BSC,BED",1,recognized qualification,7
2015,gp_ward,"BSC,BTECH,MSCIT",1,recognized qualification,1
2015,gp_ward,"BSC,HDC",1,recognized qualification,1
2015,gp_ward,"BSC,HDC,DOA&FA",1,recognized qualification,1
2015,gp_ward,"BSC,LLB",1,recognized qualification,1
2015,gp_ward,BSC-BED,1,recognized qualification,1
2015,gp_ward,"BSC-CHEMISTRY ,DIPLOMA IN SANITARY INSPECTORS",1,recognized qualification,1
2015,gp_ward,BSC.,1,recognized qualification,1
2015,gp_ward,BSC. B.ED,1,recognized qualification,2
2015,gp_ward,BSC. BED,1,recognized qualification,1
2015,gp_ward,BSC. BOTANY,1,recognized qualification,1
2015,gp_ward,BSC. CHEMISTRY,1,recognized qualification,2
2015,gp_ward,BSC. COMPUTER HARDWARE,1,recognized qualification,1
2015,gp_ward,BSC. LLB,1,recognized qualification,1
2015,gp_ward,BSC. PHYSICS,1,recognized qualification,1
2015,gp_ward,"BSC., BED",1,recognized qualification,1
2015,gp_ward,"BSC., L.L.B",1,recognized qualification,1
2015,gp_ward,BSC.BED,NA,unclassified,2
2015,gp_ward,BSC.HDC,NA,unclassified,1
2015,gp_ward,BSC.MATHEMATICS,NA,unclassified,1
2015,gp_ward,BSC.MATHS,NA,unclassified,1
2015,gp_ward,"BSC.PHYSICS, LLB",1,recognized qualification,1
2015,gp_ward,BSW,NA,unclassified,2
2015,gp_ward,BTECH,1,recognized qualification,3
2015,gp_ward,BTECH CIVIL ENGINEER,1,recognized qualification,1
2015,gp_ward,C.P.ED - PHYSICAL EDUCATION CERTIFICATE,NA,unclassified,1
2015,gp_ward,CIVIL,NA,unclassified,1
2015,gp_ward,CIVIL DRAFTMAN,NA,unclassified,1
2015,gp_ward,CIVIL DRAFTSMAN,NA,unclassified,1
2015,gp_ward,CIVIL ENGG.,NA,unclassified,1
2015,gp_ward,CIVIL ENGINEERING,NA,unclassified,1
2015,gp_ward,CIVIL ENGINEERING DEPLOMA,NA,unclassified,1
2015,gp_ward,CIVIL ENGINEERING DIPLOMA,0,recognized qualification,1
2015,gp_ward,"CIVIL ENGINEERING, DEGREE COURSE COMPLETED",NA,unclassified,1
2015,gp_ward,CIVIL ENGINEERUNG,NA,unclassified,1
2015,gp_ward,CLASS - VIII,0,recognized qualification,1
2015,gp_ward,CLASS 6,NA,unclassified,1
2015,gp_ward,CLASS 9,NA,unclassified,1
2015,gp_ward,COMMERCE,NA,unclassified,1
2015,gp_ward,"COMPUTER DIPLOMA,MA",1,recognized qualification,1
2015,gp_ward,COOLIE,NA,unclassified,1
2015,gp_ward,COURSE COMPLETED,NA,unclassified,1
2015,gp_ward,D - PHARM,NA,unclassified,1
2015,gp_ward,D M L T,NA,unclassified,1
2015,gp_ward,D PHARM,NA,unclassified,4
2015,gp_ward,D T E,NA,unclassified,1
2015,gp_ward,D-CIVIL,NA,unclassified,2
2015,gp_ward,D-PHARM,NA,unclassified,2
2015,gp_ward,D.C.A,NA,unclassified,1
2015,gp_ward,D.H.M.S,NA,unclassified,4
2015,gp_ward,D.M.L.T (G.N.M),NA,unclassified,1
2015,gp_ward,D.PHARM,NA,unclassified,5
2015,gp_ward,D/ CIVIL,NA,unclassified,1
2015,gp_ward,DC,NA,unclassified,1
2015,gp_ward,"DC, T T C",0,recognized qualification,1
2015,gp_ward,"DCA,J.D.C",NA,unclassified,1
2015,gp_ward,"DCTT,BSC.MATHS",NA,unclassified,1
2015,gp_ward,DECE,NA,unclassified,1
2015,gp_ward,DEGREE,1,recognized qualification,175
2015,gp_ward,DEGREE (B A),1,recognized qualification,1
2015,gp_ward,DEGREE (B.COM),1,recognized qualification,2
2015,gp_ward,DEGREE (BA),1,recognized qualification,1
2015,gp_ward,DEGREE + TTC,1,recognized qualification,1
2015,gp_ward,"DEGREE , D LEVEL COMPUTER COURSE",1,recognized qualification,1
2015,gp_ward,DEGREE -B-ED,1,recognized qualification,1
2015,gp_ward,DEGREE B A,1,recognized qualification,1
2015,gp_ward,DEGREE B. COM,1,recognized qualification,1
2015,gp_ward,DEGREE B.COM,1,recognized qualification,1
2015,gp_ward,DEGREE COMPLETED,1,recognized qualification,1
2015,gp_ward,"DEGREE COMPLETED , DIPLOMA IN CIVIL",1,recognized qualification,1
2015,gp_ward,DEGREE COMPLETITION,1,recognized qualification,1
2015,gp_ward,DEGREE COURSE COMPLETED,NA,unclassified,1
2015,gp_ward,DEGREE FAILED,NA,unclassified,2
2015,gp_ward,DEGREE JDC,1,recognized qualification,1
2015,gp_ward,DEGREE WITH B.ED,1,recognized qualification,1
2015,gp_ward,DEGREE(BA),1,recognized qualification,2
2015,gp_ward,DEGREE(BCOM),1,recognized qualification,1
2015,gp_ward,DEGREE(COMPLETED),1,recognized qualification,1
2015,gp_ward,DEGREE(FAILED),NA,unclassified,1
2015,gp_ward,"DEGREE, B.A",1,recognized qualification,1
2015,gp_ward,"DEGREE, BSC CHEMISTRY",1,recognized qualification,1
2015,gp_ward,"DEGREE, DIP.IN SOFTWARE ENGINEERIN",1,recognized qualification,1
2015,gp_ward,"DEGREE, JDC",1,recognized qualification,1
2015,gp_ward,"DEGREE, TTC",1,recognized qualification,3
2015,gp_ward,"DEGREE,B,ED",1,recognized qualification,1
2015,gp_ward,"DEGREE,BA",1,recognized qualification,1
2015,gp_ward,"DEGREE,DCA",1,recognized qualification,1
2015,gp_ward,"DEGREE,PGDCA",1,recognized qualification,1
2015,gp_ward,"DEGREE,PGDCA, HDC",1,recognized qualification,1
2015,gp_ward,DEGREE- TTC,1,recognized qualification,1
2015,gp_ward,DEGREE-BA ECONOMICS,1,recognized qualification,1
2015,gp_ward,DEGREE/ DIPLOMA IN HDC,1,recognized qualification,1
2015,gp_ward,DEPLOMA IN DENTAL MECHANICS,NA,unclassified,1
2015,gp_ward,DEPLOMA IN LIBRARY SCIENCE,NA,unclassified,1
2015,gp_ward,DHM,NA,unclassified,1
2015,gp_ward,DHMS,NA,unclassified,2
2015,gp_ward,DIGREE,NA,unclassified,4
2015,gp_ward,DIP. IN HOTEL MANANGEMENT,NA,unclassified,1
2015,gp_ward,DIPLOMA,0,recognized qualification,33
2015,gp_ward,DIPLOMA (CIVIL),0,recognized qualification,1
2015,gp_ward,DIPLOMA (COMPUTER ENGINEERING),0,recognized qualification,1
2015,gp_ward,DIPLOMA - NURSING,0,recognized qualification,1
2015,gp_ward,DIPLOMA . CIVIL,0,recognized qualification,1
2015,gp_ward,DIPLOMA AUTOMOBILE,0,recognized qualification,1
2015,gp_ward,DIPLOMA CIVIL,0,recognized qualification,1
2015,gp_ward,DIPLOMA CIVIL ENGINEERING,0,recognized qualification,1
2015,gp_ward,DIPLOMA ELECRONICS,0,recognized qualification,1
2015,gp_ward,DIPLOMA IN AGRICULTURE,0,recognized qualification,1
2015,gp_ward,DIPLOMA IN AIRPORT MANAGEMENT,0,recognized qualification,1
2015,gp_ward,DIPLOMA IN ARCHITECTURAL ENGINEERING,0,recognized qualification,1
2015,gp_ward,DIPLOMA IN AUTOMOBILE,0,recognized qualification,1
2015,gp_ward,DIPLOMA IN AUTOMOBILE ENGINEER,0,recognized qualification,1
2015,gp_ward,DIPLOMA IN AUTOMOBILE ENGINEERING,0,recognized qualification,2
2015,gp_ward,DIPLOMA IN BHARATHANATYAM,0,recognized qualification,1
2015,gp_ward,DIPLOMA IN BIOMEDICAL ENGINEERING,0,recognized qualification,1
2015,gp_ward,DIPLOMA IN CHEMICAL ENGG,0,recognized qualification,1
2015,gp_ward,DIPLOMA IN CIVIL,0,recognized qualification,3
2015,gp_ward,DIPLOMA IN CIVIL ENGINEERING,0,recognized qualification,11
2015,gp_ward,DIPLOMA IN CIVIL ENGINEERNG,0,recognized qualification,1
2015,gp_ward,DIPLOMA IN CO-OPERATION,0,recognized qualification,3
2015,gp_ward,DIPLOMA IN COMMERCIAL PRACTICE,0,recognized qualification,3
2015,gp_ward,DIPLOMA IN COMPUTER,0,recognized qualification,1
2015,gp_ward,DIPLOMA IN COMPUTER APPLICATION,0,recognized qualification,1
2015,gp_ward,DIPLOMA IN COMPUTER ENGINEERING,0,recognized qualification,3
2015,gp_ward,DIPLOMA IN COMPUTER SCIENCE,0,recognized qualification,1
2015,gp_ward,DIPLOMA IN COMPUTER SOFTWARE AND APPLICATION,0,recognized qualification,1
2015,gp_ward,"DIPLOMA IN DANCE ,KERALA KALAMANDALAM",0,recognized qualification,1
2015,gp_ward,DIPLOMA IN ELECTRICAL,0,recognized qualification,1
2015,gp_ward,DIPLOMA IN ELECTRICAL ENGGINEERING,0,recognized qualification,1
2015,gp_ward,DIPLOMA IN ELECTRICAL ENGINEERING,0,recognized qualification,5
2015,gp_ward,DIPLOMA IN ELECTRONICS,0,recognized qualification,4
2015,gp_ward,DIPLOMA IN ELECTRONICS ENGG.,0,recognized qualification,1
2015,gp_ward,DIPLOMA IN ELECTRONICS ENGINEERING,0,recognized qualification,2
2015,gp_ward,DIPLOMA IN ENGINEERING,0,recognized qualification,1
2015,gp_ward,DIPLOMA IN ENGINEERING (ELECTRICAL),0,recognized qualification,1
2015,gp_ward,DIPLOMA IN FINE ARTS,0,recognized qualification,1
2015,gp_ward,DIPLOMA IN FIRST AID AND PRACTICAL NURSING COURSE,0,recognized qualification,1
2015,gp_ward,DIPLOMA IN GENERAL NURSING,0,recognized qualification,1
2015,gp_ward,DIPLOMA IN HOMEO MEDICINE,0,recognized qualification,1
2015,gp_ward,DIPLOMA IN HOTEL MANAGEMENT FROM IHMCTAM MUMBAI,0,recognized qualification,1
2015,gp_ward,DIPLOMA IN MARINE MECHANICAL FITTER,0,recognized qualification,1
2015,gp_ward,DIPLOMA IN MECHANICAL ENGINEER,0,recognized qualification,1
2015,gp_ward,DIPLOMA IN MECHANICAL ENGINEERING,0,recognized qualification,2
2015,gp_ward,DIPLOMA IN MEDICAL LAB TECHNICIAN,0,recognized qualification,1
2015,gp_ward,DIPLOMA IN MEDICAL LABORATORY TECHNICIAN,0,recognized qualification,1
2015,gp_ward,DIPLOMA IN NURSING,0,recognized qualification,2
2015,gp_ward,DIPLOMA IN PAINTING,0,recognized qualification,1
2015,gp_ward,DIPLOMA IN PHARMACY,0,recognized qualification,4
2015,gp_ward,DIPLOMA IN PRINTING,0,recognized qualification,1
2015,gp_ward,DIPLOMA IN PRINTING TECHNOLOGY,0,recognized qualification,1
2015,gp_ward,DIPLOMA IT,0,recognized qualification,1
2015,gp_ward,DIPLOMA MANAGEMENT,0,recognized qualification,1
2015,gp_ward,DIPLOMA(CO-OPERATIVE),0,recognized qualification,1
2015,gp_ward,DIPLOMA(HINDI),0,recognized qualification,1
2015,gp_ward,DMLT,NA,unclassified,2
2015,gp_ward,DOING DEGREE,1,recognized qualification,1
2015,gp_ward,DOING MBA,1,recognized qualification,1
2015,gp_ward,DPHRAM,NA,unclassified,1
2015,gp_ward,DRAFTSMAN (CIVIL),NA,unclassified,1
2015,gp_ward,DRT,NA,unclassified,1
2015,gp_ward,ECONOMICS,NA,unclassified,2
2015,gp_ward,EIGHT,NA,unclassified,4
2015,gp_ward,EIGHT STANDARD,NA,unclassified,8
2015,gp_ward,EIGHT STANDERD,NA,unclassified,1
2015,gp_ward,EIGHT STANDERED,NA,unclassified,1
2015,gp_ward,EIGHTH,0,recognized qualification,5
2015,gp_ward,EIGHTH PASS,0,recognized qualification,1
2015,gp_ward,EIGHTH STANDARD,0,recognized qualification,12
2015,gp_ward,"EIGHTH STANDARD,URDU",0,recognized qualification,1
2015,gp_ward,EIGHTH STD,0,recognized qualification,1
2015,gp_ward,ELECTRICAL ENGINEERING,NA,unclassified,1
2015,gp_ward,ELECTRONICS & COMMUNICATION SYSYTEM,NA,unclassified,1
2015,gp_ward,ENGLISH STENOGRAPHY,NA,unclassified,1
2015,gp_ward,FIFTH,0,recognized qualification,13
2015,gp_ward,FIFTH CLASS,0,recognized qualification,3
2015,gp_ward,FIFTH STANDARD,0,recognized qualification,3
2015,gp_ward,FIFTH STANDARED,0,recognized qualification,1
2015,gp_ward,FIFTH STANDERED,0,recognized qualification,1
2015,gp_ward,FIFTH STD,0,recognized qualification,5
2015,gp_ward,FIRST STANDARD,NA,unclassified,1
2015,gp_ward,FOURTH,0,recognized qualification,4
2015,gp_ward,FOURTH CLASS,0,recognized qualification,1
2015,gp_ward,FOURTH STANDARD,0,recognized qualification,4
2015,gp_ward,FOURTH STD,0,recognized qualification,1
2015,gp_ward,GANAPRAVEEN (VAYPPATT),NA,unclassified,1
2015,gp_ward,GENERAL NURSE,NA,unclassified,2
2015,gp_ward,GENERAL NURSING,NA,unclassified,2
2015,gp_ward,GENERAL NURSING AND MIDWIFERY,NA,unclassified,2
2015,gp_ward,GNM,NA,unclassified,2
2015,gp_ward,GRADUATE,1,recognized qualification,6
2015,gp_ward,GRADUATE BSC,1,recognized qualification,1
2015,gp_ward,GRADUATION,1,recognized qualification,5
2015,gp_ward,GRADUATION COMPLETED,1,recognized qualification,1
2015,gp_ward,GRADUATION PASSED,1,recognized qualification,2
2015,gp_ward,GRADUTE,NA,unclassified,1
2015,gp_ward,H S A HINDI,NA,unclassified,1
2015,gp_ward,H.D.C,NA,unclassified,1
2015,gp_ward,H.T.T.C (DIPLOMA IN HINDI),0,recognized qualification,1
2015,gp_ward,"HDC,HINDI,PRAVEEN",NA,unclassified,1
2015,gp_ward,HEALTH INSPECTOR TRAINING,NA,unclassified,1
2015,gp_ward,HI DCA,NA,unclassified,1
2015,gp_ward,HIGH SCHOOL,0,recognized qualification,2
2015,gp_ward,HIGH SCHOOL(NINETH STANDARD),0,recognized qualification,1
2015,gp_ward,HIGHER SECONDARY,0,recognized qualification,15
2015,gp_ward,HIGHER SECONDARY (+2),0,recognized qualification,1
2015,gp_ward,"HIGHER SECONDARY , CTTC",0,recognized qualification,1
2015,gp_ward,"HIGHER SECONDARY, CTTC",0,recognized qualification,1
2015,gp_ward,HIGHSCHOOL,NA,unclassified,1
2015,gp_ward,HINDI,NA,unclassified,1
2015,gp_ward,HINDI B.ED,1,recognized qualification,1
2015,gp_ward,HINDI BED,1,recognized qualification,1
2015,gp_ward,HINDI PRAVEEN,NA,unclassified,3
2015,gp_ward,HINDI PRAVEEN - B.ED,1,recognized qualification,1
2015,gp_ward,"HINDI PRAVEEN, S S L C",0,recognized qualification,1
2015,gp_ward,HINDI SAHITHYACHARYA,NA,unclassified,2
2015,gp_ward,HINDI VIDVAN,NA,unclassified,1
2015,gp_ward,HINDI VIDWAN (DIPOLMA),NA,unclassified,1
2015,gp_ward,HINDI VISARAD,NA,unclassified,2
2015,gp_ward,HOTEL MANAGEMENT,NA,unclassified,1
2015,gp_ward,HSC,0,recognized qualification,1
2015,gp_ward,HSE,NA,unclassified,2
2015,gp_ward,I,NA,unclassified,1
2015,gp_ward,I T A,NA,unclassified,1
2015,gp_ward,I T C,NA,unclassified,2
2015,gp_ward,I T I,NA,unclassified,4
2015,gp_ward,I.T DIPLOMA,0,recognized qualification,1
2015,gp_ward,I.T.C,0,recognized qualification,8
2015,gp_ward,I.T.C.,0,recognized qualification,1
2015,gp_ward,I.T.I,0,recognized qualification,25
2015,gp_ward,I.T.I.,0,recognized qualification,2
2015,gp_ward,II CLASS,NA,unclassified,1
2015,gp_ward,II ND CLASS,NA,unclassified,1
2015,gp_ward,III,NA,unclassified,1
2015,gp_ward,IITH STD,NA,unclassified,1
2015,gp_ward,INSTRUMENT ENGINEERING DIPLOMA,0,recognized qualification,1
2015,gp_ward,ITC,0,recognized qualification,9
2015,gp_ward,ITC FITTER,0,recognized qualification,1
2015,gp_ward,ITI,0,recognized qualification,38
2015,gp_ward,"ITI , BA",1,recognized qualification,1
2015,gp_ward,"ITI ,J.D.C",0,recognized qualification,1
2015,gp_ward,ITI CARPENTERY,0,recognized qualification,1
2015,gp_ward,ITI CIVIL (KGCE),0,recognized qualification,1
2015,gp_ward,ITI D/MAN CIVIL,0,recognized qualification,1
2015,gp_ward,ITI FITTER,0,recognized qualification,1
2015,gp_ward,ITI MECHANIC,0,recognized qualification,1
2015,gp_ward,ITI(D/CIVIL),0,recognized qualification,1
2015,gp_ward,ITI(ELECTRICIAN),0,recognized qualification,1
2015,gp_ward,"ITI, DIPLOMA",0,recognized qualification,1
2015,gp_ward,"ITI, S.S.L.C",0,recognized qualification,1
2015,gp_ward,"ITI, TYPE WRITTING SHORTHAND",0,recognized qualification,1
2015,gp_ward,IV,0,recognized qualification,6
2015,gp_ward,IV - STD,0,recognized qualification,1
2015,gp_ward,IV CLASS,0,recognized qualification,1
2015,gp_ward,IV STD,0,recognized qualification,4
2015,gp_ward,IV TH,0,recognized qualification,1
2015,gp_ward,IV TH STANDARD,0,recognized qualification,1
2015,gp_ward,IV TH STD,0,recognized qualification,1
2015,gp_ward,IV-TH STD,0,recognized qualification,2
2015,gp_ward,IVTH STD,NA,unclassified,1
2015,gp_ward,IX,0,recognized qualification,30
2015,gp_ward,IX CLASS,0,recognized qualification,4
2015,gp_ward,IX PASS,0,recognized qualification,1
2015,gp_ward,IX STD,0,recognized qualification,4
2015,gp_ward,IX TH,0,recognized qualification,7
2015,gp_ward,IX TH CLASS,0,recognized qualification,3
2015,gp_ward,IX TH STANDARD,0,recognized qualification,4
2015,gp_ward,IX TH STANDERED,0,recognized qualification,1
2015,gp_ward,IX TH STD,0,recognized qualification,7
2015,gp_ward,IXTH,NA,unclassified,4
2015,gp_ward,IXTH STANDARD,NA,unclassified,1
2015,gp_ward,IXTH STD,NA,unclassified,3
2015,gp_ward,J D C,NA,unclassified,4
2015,gp_ward,J T S L C,NA,unclassified,1
2015,gp_ward,J.D.C,NA,unclassified,6
2015,gp_ward,J.T.S.L.C,NA,unclassified,1
2015,gp_ward,JDC,NA,unclassified,8
2015,gp_ward,JPHN COURSE,NA,unclassified,1
2015,gp_ward,JUNIOR DEPLOMA CO-OPERATION,NA,unclassified,1
2015,gp_ward,JUNIOR DIPLOMA IN CO OPERATION,0,recognized qualification,1
2015,gp_ward,JUNIOR DIPLOMA IN CO-OPERATION,0,recognized qualification,1
2015,gp_ward,K.G.C ENGINEERIN,NA,unclassified,1
2015,gp_ward,K.G.C.E,NA,unclassified,1
2015,gp_ward,K.G.C.E. IN ENGINEERING,NA,unclassified,1
2015,gp_ward,KGCE (CIVIL),NA,unclassified,1
2015,gp_ward,KGTE,NA,unclassified,1
2015,gp_ward,L L B,1,recognized qualification,1
2015,gp_ward,L.L.B,1,recognized qualification,6
2015,gp_ward,LIC AGENT,NA,unclassified,1
2015,gp_ward,LLB,1,recognized qualification,11
2015,gp_ward,LLB (STUDYING),NA,unclassified,1
2015,gp_ward,LP,NA,unclassified,1
2015,gp_ward,M .A,1,recognized qualification,1
2015,gp_ward,M A,1,recognized qualification,9
2015,gp_ward,"M A , B.ED",1,recognized qualification,1
2015,gp_ward,"M A ARABIC,SET",1,recognized qualification,1
2015,gp_ward,M A BED,1,recognized qualification,1
2015,gp_ward,M A ECONOMICS,1,recognized qualification,2
2015,gp_ward,M A ENGLISH,1,recognized qualification,1
2015,gp_ward,M A MALAYALAM,1,recognized qualification,2
2015,gp_ward,M A POLITICAL SCIENCE,1,recognized qualification,1
2015,gp_ward,"M A, HDC",1,recognized qualification,1
2015,gp_ward,"M A, L L B",1,recognized qualification,1
2015,gp_ward,"M A, LLB",1,recognized qualification,1
2015,gp_ward,"M A, M ED",1,recognized qualification,1
2015,gp_ward,M B A,1,recognized qualification,2
2015,gp_ward,M COM,1,recognized qualification,1
2015,gp_ward,M ED,NA,unclassified,1
2015,gp_ward,"M SC , B ED",1,recognized qualification,1
2015,gp_ward,M SC. B.ED,1,recognized qualification,1
2015,gp_ward,M. COM,1,recognized qualification,4
2015,gp_ward,M. COM L.L.B,1,recognized qualification,1
2015,gp_ward,"M. COM, HDC, PGDCA",1,recognized qualification,1
2015,gp_ward,M.A,1,recognized qualification,27
2015,gp_ward,M.A &SANITARY INSPECTORS DIPLOMA,1,recognized qualification,1
2015,gp_ward,"M.A , B.ED",1,recognized qualification,1
2015,gp_ward,"M.A , B.ED , SET",1,recognized qualification,1
2015,gp_ward,"M.A , BED.",1,recognized qualification,1
2015,gp_ward,"M.A ,B.ED",1,recognized qualification,1
2015,gp_ward,M.A ARABIC,1,recognized qualification,2
2015,gp_ward,M.A B-ED,1,recognized qualification,1
2015,gp_ward,M.A B.ED,1,recognized qualification,5
2015,gp_ward,M.A BED,1,recognized qualification,3
2015,gp_ward,M.A DEGREE,1,recognized qualification,1
2015,gp_ward,M.A ECONOMICS,1,recognized qualification,5
2015,gp_ward,M.A ENGLISH,1,recognized qualification,1
2015,gp_ward,"M.A HINDI,B.ED",1,recognized qualification,1
2015,gp_ward,M.A HISTORY,1,recognized qualification,1
2015,gp_ward,"M.A HISTORY,M.A ENGLISH,COMMUNICATIVE ENGLISH, SANSKRIT SAHITHYA",1,recognized qualification,1
2015,gp_ward,M.A MALAYALAM,1,recognized qualification,1
2015,gp_ward,M.A(ENG) BED,1,recognized qualification,1
2015,gp_ward,"M.A, B ED.",1,recognized qualification,1
2015,gp_ward,"M.A, B.ED",1,recognized qualification,5
2015,gp_ward,"M.A, B.ED IN ENGLISH",1,recognized qualification,1
2015,gp_ward,"M.A, B.ED, SET",1,recognized qualification,1
2015,gp_ward,"M.A, BED",1,recognized qualification,2
2015,gp_ward,"M.A, BED, SET",1,recognized qualification,1
2015,gp_ward,"M.A, D.PHARM",1,recognized qualification,1
2015,gp_ward,"M.A, LLB",1,recognized qualification,1
2015,gp_ward,"M.A,B ED",1,recognized qualification,1
2015,gp_ward,"M.A,B.ED",1,recognized qualification,4
2015,gp_ward,"M.A,BED",1,recognized qualification,1
2015,gp_ward,"M.A,M.SC,M.S,M.ED,M.B.A,P.HD",1,recognized qualification,1
2015,gp_ward,M.A.,1,recognized qualification,1
2015,gp_ward,M.A. B.ED,1,recognized qualification,3
2015,gp_ward,M.A. BED,1,recognized qualification,1
2015,gp_ward,M.A. COMPLETED,1,recognized qualification,1
2015,gp_ward,M.A. ECONOMICS,1,recognized qualification,2
2015,gp_ward,M.A. ENGLISH,1,recognized qualification,1
2015,gp_ward,M.A. ENGLISH LITERATURE,1,recognized qualification,1
2015,gp_ward,M.A. HINDI,1,recognized qualification,1
2015,gp_ward,M.A. LLB.,1,recognized qualification,1
2015,gp_ward,M.A. MALAYALAM,1,recognized qualification,1
2015,gp_ward,M.A. SOCIOLOGY,1,recognized qualification,1
2015,gp_ward,M.A.(PHILOSOPHY),1,recognized qualification,1
2015,gp_ward,"M.A., B.ED",1,recognized qualification,2
2015,gp_ward,M.A.ECONOMICS,NA,unclassified,1
2015,gp_ward,M.A.ENGLISH B.ED,1,recognized qualification,1
2015,gp_ward,M.B.A,1,recognized qualification,5
2015,gp_ward,M.C.A,1,recognized qualification,1
2015,gp_ward,M.COM,1,recognized qualification,30
2015,gp_ward,M.COM COMPLETED,1,recognized qualification,1
2015,gp_ward,"M.COM, B ED",1,recognized qualification,1
2015,gp_ward,"M.COM, B. ED",1,recognized qualification,1
2015,gp_ward,"M.COM, B.ED, SET",1,recognized qualification,1
2015,gp_ward,"M.COM, HDC",1,recognized qualification,2
2015,gp_ward,"M.COM, MBA",1,recognized qualification,1
2015,gp_ward,"M.COM, P G D C A",1,recognized qualification,1
2015,gp_ward,"M.COM, PGDC",1,recognized qualification,1
2015,gp_ward,"M.COM,CA(INTER), CS(FINAL)",1,recognized qualification,1
2015,gp_ward,M.COM-CO-OPERATION,1,recognized qualification,1
2015,gp_ward,M.L.T,NA,unclassified,1
2015,gp_ward,M.S.W,1,recognized qualification,1
2015,gp_ward,M.SC,1,recognized qualification,1
2015,gp_ward,M.SC (GEOLOGY),1,recognized qualification,1
2015,gp_ward,M.SC ELECTRONICS,1,recognized qualification,1
2015,gp_ward,"M.SC MATHEMATICS, B.ED",1,recognized qualification,1
2015,gp_ward,"M.SC, BED",1,recognized qualification,2
2015,gp_ward,"M.SC,B.ED",1,recognized qualification,1
2015,gp_ward,M.SC. STATISTICS,1,recognized qualification,1
2015,gp_ward,M.TECH,1,recognized qualification,1
2015,gp_ward,MA,1,recognized qualification,20
2015,gp_ward,MA (ENGLISH),1,recognized qualification,1
2015,gp_ward,MA (LITERATURE),1,recognized qualification,1
2015,gp_ward,"MA , B ED",1,recognized qualification,1
2015,gp_ward,"MA , BED",1,recognized qualification,1
2015,gp_ward,"MA ,B ED",1,recognized qualification,1
2015,gp_ward,"MA ,BED",1,recognized qualification,2
2015,gp_ward,"MA ,LTTC ,SET",1,recognized qualification,1
2015,gp_ward,"MA ,M.ED,L.L.B",1,recognized qualification,1
2015,gp_ward,MA . BED,1,recognized qualification,1
2015,gp_ward,MA ARABIC,1,recognized qualification,1
2015,gp_ward,MA ARABIC(DOING),1,recognized qualification,1
2015,gp_ward,MA B ED,1,recognized qualification,1
2015,gp_ward,MA B.ED,1,recognized qualification,2
2015,gp_ward,MA BED,1,recognized qualification,4
2015,gp_ward,MA BED.,1,recognized qualification,1
2015,gp_ward,MA ECONOMICS,1,recognized qualification,4
2015,gp_ward,"MA ECONOMICS, B.ED",1,recognized qualification,1
2015,gp_ward,MA ENGLISH,1,recognized qualification,2
2015,gp_ward,"MA ENGLISH,HINDHI SAHITHYA RATNAM",1,recognized qualification,1
2015,gp_ward,MA HISTORY,1,recognized qualification,2
2015,gp_ward,MA LLB,1,recognized qualification,1
2015,gp_ward,MA MED,1,recognized qualification,1
2015,gp_ward,MA SAHITHYAM,1,recognized qualification,1
2015,gp_ward,MA SANSKRIT,1,recognized qualification,1
2015,gp_ward,MA SOCIOLOGY,1,recognized qualification,1
2015,gp_ward,MA(ECONOMICS)BED,1,recognized qualification,1
2015,gp_ward,MA(HINDI),1,recognized qualification,1
2015,gp_ward,MA(POLITICS) B.ED,1,recognized qualification,1
2015,gp_ward,"MA, B-ED",1,recognized qualification,1
2015,gp_ward,"MA, B.ED",1,recognized qualification,5
2015,gp_ward,"MA, B.ED ,SET, DCA",1,recognized qualification,1
2015,gp_ward,"MA, B.ED, NET",1,recognized qualification,1
2015,gp_ward,"MA, BED",1,recognized qualification,7
2015,gp_ward,"MA, BED, SET",1,recognized qualification,1
2015,gp_ward,"MA, BED,CLISC",1,recognized qualification,1
2015,gp_ward,"MA, BED.",1,recognized qualification,1
2015,gp_ward,"MA, HDC",1,recognized qualification,1
2015,gp_ward,"MA, HDC COMPLETED",1,recognized qualification,1
2015,gp_ward,"MA, HDC, DJC",1,recognized qualification,1
2015,gp_ward,"MA, LLB",1,recognized qualification,6
2015,gp_ward,"MA, M. ED",1,recognized qualification,1
2015,gp_ward,"MA, MED",1,recognized qualification,1
2015,gp_ward,"MA, MPHIL",1,recognized qualification,1
2015,gp_ward,"MA, MSW, B.ED",1,recognized qualification,1
2015,gp_ward,"MA,B.ED",1,recognized qualification,2
2015,gp_ward,"MA,BED",1,recognized qualification,6
2015,gp_ward,"MA,BED,MPHIL,PHD",1,recognized qualification,1
2015,gp_ward,"MA,BED,SET",1,recognized qualification,2
2015,gp_ward,"MA,LLB",1,recognized qualification,2
2015,gp_ward,"MA,MED.",1,recognized qualification,1
2015,gp_ward,MA. BED,1,recognized qualification,1
2015,gp_ward,"MA.(HISTORY), M.S.OFFICE",1,recognized qualification,1
2015,gp_ward,MA.BED,NA,unclassified,2
2015,gp_ward,MA.ECONOMICS,NA,unclassified,1
2015,gp_ward,MA.MPHIL,NA,unclassified,1
2015,gp_ward,"MAL.VIDWAN, L.T.T.C",NA,unclassified,1
2015,gp_ward,MALAYALA VIDWAN,NA,unclassified,1
2015,gp_ward,MALAYALAM VIDHWAN,NA,unclassified,1
2015,gp_ward,MALAYALAM VIDVAN,NA,unclassified,1
2015,gp_ward,MALAYALAM VIDWAN & L.T.T,NA,unclassified,1
2015,gp_ward,"MALAYALAM VIDWAN ,L.T.T",NA,unclassified,1
2015,gp_ward,MARINE ENGINEER,NA,unclassified,1
2015,gp_ward,MASTER IN TOURISM MANAGEMENT,NA,unclassified,1
2015,gp_ward,MASTER OF ARTS,NA,unclassified,1
2015,gp_ward,MBA,1,recognized qualification,14
2015,gp_ward,MBA (H.R),1,recognized qualification,1
2015,gp_ward,MBA (HR & FINANCE),1,recognized qualification,1
2015,gp_ward,"MBA , LLB",1,recognized qualification,1
2015,gp_ward,MBA(HRM),1,recognized qualification,1
2015,gp_ward,MBA(RESULT WAITED),1,recognized qualification,1
2015,gp_ward,"MBA, LLB",1,recognized qualification,1
2015,gp_ward,"MBA,LLB",1,recognized qualification,1
2015,gp_ward,"MBA,MA(ECONOMICS) HDC",1,recognized qualification,1
2015,gp_ward,MCA,1,recognized qualification,2
2015,gp_ward,"MCA, B.ED",1,recognized qualification,1
2015,gp_ward,MCOM,1,recognized qualification,9
2015,gp_ward,MCOM FINANCE,1,recognized qualification,1
2015,gp_ward,"MCOM, BED",1,recognized qualification,1
2015,gp_ward,"MCOM,BED,SET",1,recognized qualification,1
2015,gp_ward,MCOM.BLSC,NA,unclassified,1
2015,gp_ward,MLT,NA,unclassified,1
2015,gp_ward,MPED,NA,unclassified,1
2015,gp_ward,MSC B ED,1,recognized qualification,1
2015,gp_ward,MSC B.ED,1,recognized qualification,1
2015,gp_ward,MSC BED,1,recognized qualification,3
2015,gp_ward,MSC COMPUTER SCIENCE,1,recognized qualification,1
2015,gp_ward,MSC GEOLOGY,1,recognized qualification,1
2015,gp_ward,MSC MATHAMATICS,1,recognized qualification,1
2015,gp_ward,"MSC MATHS , B.ED , SET",1,recognized qualification,1
2015,gp_ward,MSC PSYCOLOGY,1,recognized qualification,1
2015,gp_ward,"MSC, BED",1,recognized qualification,1
2015,gp_ward,"MSC, BED, BPED",1,recognized qualification,1
2015,gp_ward,"MSC, LLB",1,recognized qualification,1
2015,gp_ward,"MSC,B.ED(ZOOLOGY)",1,recognized qualification,1
2015,gp_ward,"MSC,BED",1,recognized qualification,2
2015,gp_ward,"MSC,MPHIL,PHD",1,recognized qualification,1
2015,gp_ward,MSC. B ED,1,recognized qualification,1
2015,gp_ward,"MSC. BED, SET",1,recognized qualification,1
2015,gp_ward,MSC. INDUSTRIAL ELECTRONICS,1,recognized qualification,1
2015,gp_ward,MSC. LLB,1,recognized qualification,1
2015,gp_ward,MSW,1,recognized qualification,1
2015,gp_ward,MUSIC DIPLOMA,0,recognized qualification,1
2015,gp_ward,N C V T IN DRAFTMAN CIVIL,0,recognized qualification,1
2015,gp_ward,N.T.T.C,NA,unclassified,1
2015,gp_ward,NATIONAL DIPLOMA IN FINE ARTS,0,recognized qualification,1
2015,gp_ward,NIL,NA,missing or unspecified,4
2015,gp_ward,NINE,NA,unclassified,1
2015,gp_ward,NINE STANDARD,NA,unclassified,1
2015,gp_ward,NINENTH CLASS,NA,unclassified,1
2015,gp_ward,NINENTH STANDARD,NA,unclassified,1
2015,gp_ward,NINETH,0,recognized qualification,8
2015,gp_ward,NINETH CLASS,0,recognized qualification,5
2015,gp_ward,NINETH PASSED,0,recognized qualification,1
2015,gp_ward,NINETH STANDARD,0,recognized qualification,5
2015,gp_ward,NINETH STANDARED,0,recognized qualification,1
2015,gp_ward,NINETH STD,0,recognized qualification,5
2015,gp_ward,NINTH,0,recognized qualification,12
2015,gp_ward,NINTH GRADE,0,recognized qualification,2
2015,gp_ward,NINTH STANDARD,0,recognized qualification,8
2015,gp_ward,NINTH STD,0,recognized qualification,3
2015,gp_ward,NTC,NA,unclassified,1
2015,gp_ward,NTCVT D'MAN CIVIL,NA,unclassified,1
2015,gp_ward,NTTC,NA,unclassified,1
2015,gp_ward,NURSING,NA,unclassified,4
2015,gp_ward,NURSING ANM,NA,unclassified,1
2015,gp_ward,P . D. C,0,recognized qualification,1
2015,gp_ward,P D C,0,recognized qualification,136
2015,gp_ward,"P D C , J D C",0,recognized qualification,1
2015,gp_ward,P D C COMPLETED,0,recognized qualification,1
2015,gp_ward,P D C FAILD,0,recognized qualification,1
2015,gp_ward,"P D C, CIVIL ENGINEERING IN K.G.C.E",0,recognized qualification,1
2015,gp_ward,"P D C, DIPLOMA",0,recognized qualification,1
2015,gp_ward,"P D C, DMLT",0,recognized qualification,1
2015,gp_ward,"P D C, GNM",0,recognized qualification,2
2015,gp_ward,"P D C, I T I",0,recognized qualification,1
2015,gp_ward,"P D C, ITI",0,recognized qualification,2
2015,gp_ward,"P D C, J D C",0,recognized qualification,1
2015,gp_ward,"P D C, N T T C",0,recognized qualification,1
2015,gp_ward,"P D C, T T C",0,recognized qualification,1
2015,gp_ward,"P D C,DHMS",0,recognized qualification,1
2015,gp_ward,P D C-FAILED,0,recognized qualification,1
2015,gp_ward,P G,NA,unclassified,1
2015,gp_ward,P U C,NA,unclassified,5
2015,gp_ward,"P. D. C, I T I",0,recognized qualification,1
2015,gp_ward,P. D. C.,0,recognized qualification,2
2015,gp_ward,P. D. C. FAILED,0,recognized qualification,1
2015,gp_ward,P..D.C,0,recognized qualification,3
2015,gp_ward,"P..D.C, I.T.C",0,recognized qualification,1
2015,gp_ward,P.D. C,NA,unclassified,2
2015,gp_ward,P.D.C,0,recognized qualification,303
2015,gp_ward,P.D.C & ITI,0,recognized qualification,1
2015,gp_ward,P.D.C & LAB TECH.,0,recognized qualification,1
2015,gp_ward,P.D.C & NURSING,0,recognized qualification,1
2015,gp_ward,P.D.C & PPTTC,0,recognized qualification,1
2015,gp_ward,P.D.C (COURSE COMPLETED),0,recognized qualification,1
2015,gp_ward,"P.D.C , I.T.C [ DRAFTSMAN CIVIL ]",0,recognized qualification,1
2015,gp_ward,"P.D.C , T.T.C",0,recognized qualification,1
2015,gp_ward,P.D.C FAILED,0,recognized qualification,1
2015,gp_ward,P.D.C I.T.I,0,recognized qualification,1
2015,gp_ward,P.D.C I.T.T,0,recognized qualification,1
2015,gp_ward,P.D.C NURSING,0,recognized qualification,1
2015,gp_ward,P.D.C PASS,0,recognized qualification,3
2015,gp_ward,P.D.C T.T.C,0,recognized qualification,1
2015,gp_ward,"P.D.C,",0,recognized qualification,1
2015,gp_ward,"P.D.C, D.H.M",0,recognized qualification,1
2015,gp_ward,"P.D.C, DIPLOMA",0,recognized qualification,1
2015,gp_ward,"P.D.C, DIPLOMA CIVIL",0,recognized qualification,1
2015,gp_ward,"P.D.C, GENERAL NURSING",0,recognized qualification,1
2015,gp_ward,"P.D.C, ITI",0,recognized qualification,3
2015,gp_ward,"P.D.C, J.D.C",0,recognized qualification,1
2015,gp_ward,"P.D.C, JDC",0,recognized qualification,1
2015,gp_ward,"P.D.C, P.P.T.T.C",0,recognized qualification,1
2015,gp_ward,"P.D.C, T T C",0,recognized qualification,1
2015,gp_ward,"P.D.C, T.T.C",0,recognized qualification,2
2015,gp_ward,"P.D.C, TTC",0,recognized qualification,1
2015,gp_ward,"P.D.C,HINDI BHOOSHAN",0,recognized qualification,1
2015,gp_ward,"P.D.C,TYPEWRITING",0,recognized qualification,1
2015,gp_ward,"P.D.C,WITH DIPLOAMA",0,recognized qualification,1
2015,gp_ward,P.D.C.,0,recognized qualification,32
2015,gp_ward,"P.D.C. , JDC",0,recognized qualification,1
2015,gp_ward,"P.D.C., I.T.C.",0,recognized qualification,1
2015,gp_ward,"P.D.C.,ITI.DRAUGHTSMAN MECH.",0,recognized qualification,1
2015,gp_ward,P.D.E,NA,unclassified,1
2015,gp_ward,P.G,NA,unclassified,1
2015,gp_ward,P.G MA PHILOSOPHY,1,recognized qualification,1
2015,gp_ward,P.G(MTA-TOURISM),NA,unclassified,1
2015,gp_ward,P.P.T.T.C,NA,unclassified,1
2015,gp_ward,P.R.C,NA,unclassified,1
2015,gp_ward,P.U.C,0,recognized qualification,8
2015,gp_ward,"P.U.C,J.D.C",0,recognized qualification,1
2015,gp_ward,PDC,0,recognized qualification,729
2015,gp_ward,PDC & COMPUTER,0,recognized qualification,1
2015,gp_ward,PDC & ITI,0,recognized qualification,1
2015,gp_ward,PDC & MLT,0,recognized qualification,1
2015,gp_ward,PDC & TTC,0,recognized qualification,1
2015,gp_ward,"PDC , DCA",0,recognized qualification,1
2015,gp_ward,"PDC , NTTC",0,recognized qualification,1
2015,gp_ward,"PDC , TTC",0,recognized qualification,2
2015,gp_ward,"PDC ,HINDI SAHITHYACHARYA",0,recognized qualification,1
2015,gp_ward,"PDC ,JDC",0,recognized qualification,1
2015,gp_ward,"PDC ,TTC",0,recognized qualification,1
2015,gp_ward,PDC - HINDI VIDWAN,0,recognized qualification,1
2015,gp_ward,PDC - K.G.T TAILORING DIPLOMA,0,recognized qualification,1
2015,gp_ward,PDC .ITC,0,recognized qualification,1
2015,gp_ward,PDC COMPLETED,0,recognized qualification,2
2015,gp_ward,PDC COMPUTER,0,recognized qualification,1
2015,gp_ward,PDC COURSE COMPLETED,0,recognized qualification,2
2015,gp_ward,PDC DIPLOMA,0,recognized qualification,1
2015,gp_ward,PDC FAIL,0,recognized qualification,2
2015,gp_ward,PDC FAILED,0,recognized qualification,3
2015,gp_ward,PDC GENERAL NURSING,0,recognized qualification,1
2015,gp_ward,PDC ITI,0,recognized qualification,3
2015,gp_ward,PDC JDC,0,recognized qualification,1
2015,gp_ward,PDC(MLT),0,recognized qualification,1
2015,gp_ward,PDC+ELECTRICAL ENGG,0,recognized qualification,1
2015,gp_ward,"PDC, A.N.M",0,recognized qualification,1
2015,gp_ward,"PDC, AMIE",0,recognized qualification,1
2015,gp_ward,"PDC, AUTOMOBILE ENGINEER (KGCE)",0,recognized qualification,1
2015,gp_ward,"PDC, CLISC",0,recognized qualification,1
2015,gp_ward,"PDC, D PHARM",0,recognized qualification,1
2015,gp_ward,"PDC, D-PHARM",0,recognized qualification,1
2015,gp_ward,"PDC, D/CIVIL",0,recognized qualification,1
2015,gp_ward,"PDC, DCA",0,recognized qualification,1
2015,gp_ward,"PDC, DIPLOMA",0,recognized qualification,2
2015,gp_ward,"PDC, DIPLOMA (ELECTRONICS & COMMUNICATION )",0,recognized qualification,1
2015,gp_ward,"PDC, DIPLOMA IN SHORT HAND & TYPE WRITING",0,recognized qualification,1
2015,gp_ward,"PDC, DRAFTSMAN CIVIL",0,recognized qualification,1
2015,gp_ward,"PDC, ETTC",0,recognized qualification,1
2015,gp_ward,"PDC, GRAPHIC DESIGNING",0,recognized qualification,1
2015,gp_ward,"PDC, HINDI - SAHITHYACHARYA",0,recognized qualification,1
2015,gp_ward,"PDC, HINDI VIDWAN, TYPEWRITING",0,recognized qualification,1
2015,gp_ward,"PDC, HINDIVIDWAN",0,recognized qualification,1
2015,gp_ward,"PDC, ITC",0,recognized qualification,2
2015,gp_ward,"PDC, ITC CIVIL",0,recognized qualification,1
2015,gp_ward,"PDC, ITI",0,recognized qualification,14
2015,gp_ward,"PDC, ITI, SURVEY",0,recognized qualification,1
2015,gp_ward,"PDC, JDC",0,recognized qualification,4
2015,gp_ward,"PDC, JHI, DCA",0,recognized qualification,1
2015,gp_ward,"PDC, K.G.T.E",0,recognized qualification,1
2015,gp_ward,"PDC, PPTTC",0,recognized qualification,2
2015,gp_ward,"PDC, PRE PRIMARY",0,recognized qualification,1
2015,gp_ward,"PDC, SAHITHYACHARYA DLED",0,recognized qualification,1
2015,gp_ward,"PDC, TREATMENT ORGANISER",0,recognized qualification,1
2015,gp_ward,"PDC, TTC",0,recognized qualification,12
2015,gp_ward,"PDC,(DMLT)",0,recognized qualification,1
2015,gp_ward,"PDC,D/CIVIL",0,recognized qualification,1
2015,gp_ward,"PDC,DCA",0,recognized qualification,1
2015,gp_ward,"PDC,GNM",0,recognized qualification,1
2015,gp_ward,"PDC,HINDI SAHITHYACHARYA",0,recognized qualification,1
2015,gp_ward,"PDC,HTTC",0,recognized qualification,1
2015,gp_ward,"PDC,ITC",0,recognized qualification,2
2015,gp_ward,"PDC,ITI",0,recognized qualification,2
2015,gp_ward,"PDC,JDC",0,recognized qualification,1
2015,gp_ward,"PDC,MLT,DE",0,recognized qualification,1
2015,gp_ward,"PDC,PPTTC",0,recognized qualification,1
2015,gp_ward,"PDC,SURVEY(CHAIN)",0,recognized qualification,1
2015,gp_ward,"PDC,TTC",0,recognized qualification,7
2015,gp_ward,PDC-CTTC,0,recognized qualification,1
2015,gp_ward,PDC. ITI,0,recognized qualification,1
2015,gp_ward,"PDC. ITI, PPTTC",0,recognized qualification,1
2015,gp_ward,PDC.GANABHOOSHAN,NA,unclassified,1
2015,gp_ward,PDC/TTC,0,recognized qualification,1
2015,gp_ward,PDCHDC,NA,unclassified,1
2015,gp_ward,PG,NA,unclassified,1
2015,gp_ward,PGDCA,NA,unclassified,1
2015,gp_ward,PHARMACY DIPLOMA,0,recognized qualification,1
2015,gp_ward,PLUES TWO,NA,unclassified,1
2015,gp_ward,PLUS -TWO,0,recognized qualification,1
2015,gp_ward,PLUS 2,0,recognized qualification,32
2015,gp_ward,PLUS 2 COMPUTER,0,recognized qualification,1
2015,gp_ward,"PLUS 2, DIPLOMA IN FIRE & SAFETY",0,recognized qualification,1
2015,gp_ward,PLUS ONE,0,recognized qualification,2
2015,gp_ward,PLUS TOW,NA,unclassified,1
2015,gp_ward,PLUS TWO,0,recognized qualification,332
2015,gp_ward,"PLUS TWO (VHSE), CIVIL ENGINEERING",0,recognized qualification,1
2015,gp_ward,"PLUS TWO , TTC",0,recognized qualification,1
2015,gp_ward,"PLUS TWO ,NURSING",0,recognized qualification,1
2015,gp_ward,PLUS TWO - TTC,0,recognized qualification,1
2015,gp_ward,PLUS TWO COMMERCE,0,recognized qualification,1
2015,gp_ward,PLUS TWO PASSED,0,recognized qualification,1
2015,gp_ward,PLUS TWO(HIGHER SECONDARY),0,recognized qualification,1
2015,gp_ward,"PLUS TWO,",0,recognized qualification,2
2015,gp_ward,"PLUS TWO, CIVIL",0,recognized qualification,1
2015,gp_ward,"PLUS TWO, COMPUTER",0,recognized qualification,1
2015,gp_ward,"PLUS TWO, CTTC",0,recognized qualification,1
2015,gp_ward,"PLUS TWO, D- PHARM",0,recognized qualification,1
2015,gp_ward,"PLUS TWO, D-PHARM",0,recognized qualification,1
2015,gp_ward,"PLUS TWO, D.ED",0,recognized qualification,1
2015,gp_ward,"PLUS TWO, DENTAL, PRO",0,recognized qualification,1
2015,gp_ward,"PLUS TWO, DIPLOMA",0,recognized qualification,2
2015,gp_ward,"PLUS TWO, GENERAL NURSING",0,recognized qualification,1
2015,gp_ward,"PLUS TWO, GNM",0,recognized qualification,1
2015,gp_ward,"PLUS TWO, I.T.C",0,recognized qualification,1
2015,gp_ward,"PLUS TWO, ITI",0,recognized qualification,1
2015,gp_ward,"PLUS TWO, J.D.C",0,recognized qualification,1
2015,gp_ward,"PLUS TWO, JDC",0,recognized qualification,3
2015,gp_ward,"PLUS TWO, LLB STUDENT",1,recognized qualification,1
2015,gp_ward,"PLUS TWO, MFA",0,recognized qualification,1
2015,gp_ward,"PLUS TWO, MLT",0,recognized qualification,1
2015,gp_ward,"PLUS TWO, NTTC",0,recognized qualification,2
2015,gp_ward,"PLUS TWO, PPTTC",0,recognized qualification,1
2015,gp_ward,"PLUS TWO, T. T. C",0,recognized qualification,1
2015,gp_ward,"PLUS TWO, TTC",0,recognized qualification,1
2015,gp_ward,"PLUS TWO,HINDI PRAVEEN",0,recognized qualification,1
2015,gp_ward,"PLUS TWO,ITI",0,recognized qualification,1
2015,gp_ward,"PLUS TWO,T T C",0,recognized qualification,1
2015,gp_ward,"PLUS TWO,TTC",0,recognized qualification,1
2015,gp_ward,PLUS-TWO,0,recognized qualification,3
2015,gp_ward,"PLUS-TWO, K.G.C",0,recognized qualification,1
2015,gp_ward,"PLUS-TWO, P.P.T.T.C",0,recognized qualification,1
2015,gp_ward,PLUS2,0,recognized qualification,1
2015,gp_ward,PLUSTWO,0,recognized qualification,18
2015,gp_ward,"PLUSTWO ,PGDCA",0,recognized qualification,1
2015,gp_ward,"PLUSTWO, CTTC",0,recognized qualification,1
2015,gp_ward,PLUTWO,NA,unclassified,1
2015,gp_ward,POLITICAL SCIENCE,NA,unclassified,1
2015,gp_ward,POLY DIPLOMA,0,recognized qualification,1
2015,gp_ward,POLYTECHNIC,NA,unclassified,1
2015,gp_ward,POST GRADUATION,1,recognized qualification,1
2015,gp_ward,POST GRAGUATION,NA,unclassified,1
2015,gp_ward,PPTTC,NA,unclassified,1
2015,gp_ward,PR-DEGREE,1,recognized qualification,1
2015,gp_ward,PRE - DEGREE,0,recognized qualification,3
2015,gp_ward,PRE -DEGREE,0,recognized qualification,4
2015,gp_ward,PRE DEGGREE,NA,unclassified,1
2015,gp_ward,PRE DEGRE,NA,unclassified,4
2015,gp_ward,PRE DEGREE,0,recognized qualification,327
2015,gp_ward,"PRE DEGREE , JDC",0,recognized qualification,1
2015,gp_ward,"PRE DEGREE , NURSING",0,recognized qualification,1
2015,gp_ward,PRE DEGREE PASSED,0,recognized qualification,2
2015,gp_ward,PRE DEGREE(PDC),0,recognized qualification,1
2015,gp_ward,"PRE DEGREE, GENERAL NURSING MIDWIFERY",0,recognized qualification,1
2015,gp_ward,"PRE DEGREE, HINDI SAHITHYACHARYA",0,recognized qualification,1
2015,gp_ward,"PRE DEGREE, ITI",0,recognized qualification,3
2015,gp_ward,"PRE DEGREE, KGTE",0,recognized qualification,1
2015,gp_ward,"PRE DEGREE, N T T C",0,recognized qualification,1
2015,gp_ward,"PRE DEGREE, N.T.T.C.",0,recognized qualification,1
2015,gp_ward,"PRE DEGREE, TTC",0,recognized qualification,1
2015,gp_ward,"PRE DEGREE, TYPE WRITING HIGHER",0,recognized qualification,1
2015,gp_ward,"PRE DEGREE,DIPLOMA",0,recognized qualification,1
2015,gp_ward,"PRE DEGREE,DIPLOMA IN MARINE ENGG.",0,recognized qualification,1
2015,gp_ward,"PRE DEGREE,JDC",0,recognized qualification,1
2015,gp_ward,"PRE DEGREE,K G T E",0,recognized qualification,1
2015,gp_ward,PRE DEGREാ,NA,unclassified,1
2015,gp_ward,PRE DIGREE,0,recognized qualification,5
2015,gp_ward,PRE PRIMARY TTC,0,recognized qualification,1
2015,gp_ward,PRE TTC,0,recognized qualification,1
2015,gp_ward,PRE- DEGREE,0,recognized qualification,22
2015,gp_ward,PRE- DEGREE (FAILED),0,recognized qualification,1
2015,gp_ward,PRE- DEGREE PASS,0,recognized qualification,1
2015,gp_ward,PRE- DEGREE PASSED,0,recognized qualification,1
2015,gp_ward,"PRE- DEGREE, ITI",0,recognized qualification,1
2015,gp_ward,"PRE- DEGREE, REGISTERED PHARMASIST",0,recognized qualification,1
2015,gp_ward,"PRE- DEGREE, T.T.C",0,recognized qualification,1
2015,gp_ward,"PRE- DEGREE, URDU HIGHER",0,recognized qualification,1
2015,gp_ward,"PRE- DEGREE,ASSOCIATED DEFREE IN DIALYSIS TECHNICIAN",0,recognized qualification,1
2015,gp_ward,"PRE- DEGREE,SANITARY INSPECTOR'S DIPLOMA",0,recognized qualification,1
2015,gp_ward,PRE-DEGREE,0,recognized qualification,293
2015,gp_ward,"PRE-DEGREE , K.G.T.E",0,recognized qualification,1
2015,gp_ward,PRE-DEGREE COURSE COMPLETED,0,recognized qualification,3
2015,gp_ward,PRE-DEGREE FAILED,0,recognized qualification,1
2015,gp_ward,PRE-DEGREE& J D C,0,recognized qualification,1
2015,gp_ward,"PRE-DEGREE,",0,recognized qualification,3
2015,gp_ward,"PRE-DEGREE, I.T.I",0,recognized qualification,1
2015,gp_ward,"PRE-DEGREE, ITI",0,recognized qualification,3
2015,gp_ward,"PRE-DEGREE, ITI (ELECTRONICS MECHANIC TRADE & WELDER TRADE))",0,recognized qualification,1
2015,gp_ward,"PRE-DEGREE, TECHNICAL ITI",0,recognized qualification,1
2015,gp_ward,"PRE-DEGREE, TTC",0,recognized qualification,1
2015,gp_ward,"PRE-DEGREE, TYPEWRITING ENGLISH & MALAYALAM",0,recognized qualification,1
2015,gp_ward,"PRE-DEGREE,D.PHARM",0,recognized qualification,1
2015,gp_ward,"PRE-DEGREE,DIPLOMA",0,recognized qualification,1
2015,gp_ward,"PRE-DEGREE,I.T.I.",0,recognized qualification,1
2015,gp_ward,"PRE-DEGREE,ITI",0,recognized qualification,2
2015,gp_ward,"PRE-DEGREE,JDC",0,recognized qualification,1
2015,gp_ward,"PRE-DEGREE,SANSKRIT TEACHER'S EXAMINATION",0,recognized qualification,1
2015,gp_ward,"PRE-DEGREE,T.T.C",0,recognized qualification,1
2015,gp_ward,PRE-DGREE,NA,unclassified,1
2015,gp_ward,PRE-DIGREE,0,recognized qualification,8
2015,gp_ward,PRE-UNIVERSITY,NA,unclassified,1
2015,gp_ward,PRE. DEGREE,0,recognized qualification,3
2015,gp_ward,PRE.DEGREE,0,recognized qualification,11
2015,gp_ward,"PRE.DEGREE, DCA",0,recognized qualification,1
2015,gp_ward,PRE/DEGREE,0,recognized qualification,1
2015,gp_ward,PREDEGREE,0,recognized qualification,61
2015,gp_ward,"PREDEGREE, T T C",0,recognized qualification,1
2015,gp_ward,"PREDEGREE, T.T.C",0,recognized qualification,1
2015,gp_ward,PREE - DEGREE,0,recognized qualification,2
2015,gp_ward,PREE DEGREE,0,recognized qualification,108
2015,gp_ward,PREE DEGREE &TTC,0,recognized qualification,1
2015,gp_ward,PREE DEGREE (T.T.C),0,recognized qualification,1
2015,gp_ward,PREE DEGREE + COMPUTER,0,recognized qualification,1
2015,gp_ward,PREE DEGREE FAILED,0,recognized qualification,2
2015,gp_ward,"PREE DEGREE, ITI",0,recognized qualification,1
2015,gp_ward,"PREE DEGREE, N.T.T.C",0,recognized qualification,1
2015,gp_ward,"PREE DEGREE,DCA,DTP",0,recognized qualification,1
2015,gp_ward,"PREE DEGREE,DIPLOMA IN AGRICULTURE",0,recognized qualification,1
2015,gp_ward,"PREE DEGREE,DIPLOMA IN CORPORATION",0,recognized qualification,1
2015,gp_ward,PREE DEGREE-HOMEO PHARMACIST,0,recognized qualification,1
2015,gp_ward,PREE DIGDEE,NA,unclassified,1
2015,gp_ward,PREE DIGREE,0,recognized qualification,10
2015,gp_ward,PREE DRGREE,NA,unclassified,4
2015,gp_ward,PREE UNIVERSITY COURSE,NA,unclassified,1
2015,gp_ward,PREE- DEGREE,0,recognized qualification,3
2015,gp_ward,PREE-DEGREE,0,recognized qualification,20
2015,gp_ward,"PREE-DEGREE,",0,recognized qualification,1
2015,gp_ward,"PREE-DEGREE, I.T.I",0,recognized qualification,1
2015,gp_ward,PREEDEGREE,0,recognized qualification,14
2015,gp_ward,"PREEDEGREE, HINDI BHOOSHAN",0,recognized qualification,1
2015,gp_ward,"PREEDEGREE,T.T.C",0,recognized qualification,1
2015,gp_ward,"PREEDEGREE,TTC",0,recognized qualification,1
2015,gp_ward,PREEDIGREE ITC,0,recognized qualification,1
2015,gp_ward,PREEGREE,NA,unclassified,1
2015,gp_ward,PRELIMINARY AFZAL-UL-ULAMA DIGREE,NA,unclassified,1
2015,gp_ward,PRIMARY,0,recognized qualification,2
2015,gp_ward,PRIMARY EDUCATION,0,recognized qualification,2
2015,gp_ward,PUC,0,recognized qualification,6
2015,gp_ward,"PUC, TTC",0,recognized qualification,1
2015,gp_ward,"PUC,KARNATAKA",0,recognized qualification,1
2015,gp_ward,RADIO&TELIVISION ENGINEERIG,NA,unclassified,1
2015,gp_ward,RASHTRA BHASHA PRAVEEN,NA,unclassified,1
2015,gp_ward,S .S .L .C,0,recognized qualification,10
2015,gp_ward,S S C,NA,unclassified,3
2015,gp_ward,S S L C,0,recognized qualification,791
2015,gp_ward,S S L C (AFSALUL ULAMA PRILIMINARY),0,recognized qualification,1
2015,gp_ward,S S L C (FAILED),0,recognized qualification,1
2015,gp_ward,S S L C + J D C,0,recognized qualification,1
2015,gp_ward,"S S L C , ARABIECONS",0,recognized qualification,1
2015,gp_ward,"S S L C , JDC",0,recognized qualification,1
2015,gp_ward,"S S L C , T T C",0,recognized qualification,1
2015,gp_ward,"S S L C , TTC",0,recognized qualification,1
2015,gp_ward,S S L C FAIL,0,recognized qualification,1
2015,gp_ward,S S L C FAILED,0,recognized qualification,1
2015,gp_ward,S S L C PASS,0,recognized qualification,1
2015,gp_ward,S S L C PASSED,0,recognized qualification,1
2015,gp_ward,S S L C(APPEARED BUT FAILED),0,recognized qualification,1
2015,gp_ward,"S S L C, DIPLOMA IN DRAWING & PAINTING",0,recognized qualification,1
2015,gp_ward,"S S L C, ITI",0,recognized qualification,3
2015,gp_ward,"S S L C, KGTE(H)",0,recognized qualification,1
2015,gp_ward,"S S L C, P D C",0,recognized qualification,3
2015,gp_ward,"S S L C, PDC",0,recognized qualification,1
2015,gp_ward,"S S L C, PLUS TWO",0,recognized qualification,1
2015,gp_ward,"S S L C, PLUS TWO, ITI",0,recognized qualification,1
2015,gp_ward,"S S L C, PRE-DEGREE, ITI",0,recognized qualification,1
2015,gp_ward,"S S L C, PRE-DEGREE, TCH",0,recognized qualification,1
2015,gp_ward,"S S L C, RADIO ENG.",0,recognized qualification,1
2015,gp_ward,"S S L C, T C H",0,recognized qualification,1
2015,gp_ward,"S S L C,ITI",0,recognized qualification,1
2015,gp_ward,"S S L C,TYPEWRITING ENGLISH(H) & MALAYALAM(L)",0,recognized qualification,1
2015,gp_ward,S S LC,0,recognized qualification,13
2015,gp_ward,"S S LC, K G T E",0,recognized qualification,1
2015,gp_ward,S SL C,0,recognized qualification,1
2015,gp_ward,"S. S. C,RAMAKRISHNA MISSION ,VIVEKANDA UNIVERSITY",NA,unclassified,1
2015,gp_ward,S. S. L. C,0,recognized qualification,36
2015,gp_ward,"S. S. L. C , FAIL",0,recognized qualification,1
2015,gp_ward,S. S. L. C PASS,0,recognized qualification,1
2015,gp_ward,"S. S. L. C, P.P.T.T.C",0,recognized qualification,1
2015,gp_ward,"S. S. L. C, TTC",0,recognized qualification,1
2015,gp_ward,S. S.L.C,NA,unclassified,2
2015,gp_ward,"S.S,L.C",0,recognized qualification,2
2015,gp_ward,S.S. L.C,0,recognized qualification,5
2015,gp_ward,S.S..C,0,recognized qualification,1
2015,gp_ward,S.S..L.C,0,recognized qualification,1
2015,gp_ward,S.S.C,0,recognized qualification,7
2015,gp_ward,S.S.L..C,0,recognized qualification,7
2015,gp_ward,S.S.L.C,0,recognized qualification,2324
2015,gp_ward,S.S.L.C & AGRICULTURE HIGHER,0,recognized qualification,1
2015,gp_ward,S.S.L.C & DIPLOMA CIVIL,0,recognized qualification,1
2015,gp_ward,S.S.L.C & ITI,0,recognized qualification,1
2015,gp_ward,S.S.L.C & J.D.C,0,recognized qualification,1
2015,gp_ward,S.S.L.C & JDC,0,recognized qualification,1
2015,gp_ward,S.S.L.C (FAILED),0,recognized qualification,3
2015,gp_ward,S.S.L.C +ITI,0,recognized qualification,1
2015,gp_ward,"S.S.L.C , I.T.I",0,recognized qualification,1
2015,gp_ward,"S.S.L.C , ITI",0,recognized qualification,1
2015,gp_ward,"S.S.L.C , J.D.C",0,recognized qualification,1
2015,gp_ward,"S.S.L.C ,PDC ,TTC",0,recognized qualification,1
2015,gp_ward,"S.S.L.C ,T.T.C",0,recognized qualification,1
2015,gp_ward,S.S.L.C COMPLETED,0,recognized qualification,1
2015,gp_ward,S.S.L.C FAIL,0,recognized qualification,2
2015,gp_ward,S.S.L.C FAILED,0,recognized qualification,12
2015,gp_ward,S.S.L.C ITI D/CIVIL,0,recognized qualification,1
2015,gp_ward,S.S.L.C PASS,0,recognized qualification,2
2015,gp_ward,S.S.L.C PASSED,0,recognized qualification,8
2015,gp_ward,S.S.L.C WITH JDC,0,recognized qualification,1
2015,gp_ward,S.S.L.C(FAILED),0,recognized qualification,2
2015,gp_ward,S.S.L.C+ DIPLOMA,0,recognized qualification,1
2015,gp_ward,"S.S.L.C,",0,recognized qualification,2
2015,gp_ward,"S.S.L.C, ,PRE DEGREE",0,recognized qualification,1
2015,gp_ward,"S.S.L.C, AGRICULTURE DIPLOMA, MS WORD,TYPE WRITING",0,recognized qualification,1
2015,gp_ward,"S.S.L.C, CPED",0,recognized qualification,1
2015,gp_ward,"S.S.L.C, DIPLOMA",0,recognized qualification,1
2015,gp_ward,"S.S.L.C, DIPLOMA IN CO-OPERATIVE MANAGEMENT",0,recognized qualification,1
2015,gp_ward,"S.S.L.C, DIPLOMA IN NURSING",0,recognized qualification,1
2015,gp_ward,"S.S.L.C, HINDI PRAVEEN",0,recognized qualification,1
2015,gp_ward,"S.S.L.C, HINDI SAHITHYACHARYA",0,recognized qualification,1
2015,gp_ward,"S.S.L.C, I TC",0,recognized qualification,1
2015,gp_ward,"S.S.L.C, I.T.C",0,recognized qualification,1
2015,gp_ward,"S.S.L.C, I.T.I",0,recognized qualification,6
2015,gp_ward,"S.S.L.C, I.T.I.",0,recognized qualification,1
2015,gp_ward,"S.S.L.C, ITC",0,recognized qualification,2
2015,gp_ward,"S.S.L.C, ITC, PDC",0,recognized qualification,1
2015,gp_ward,"S.S.L.C, ITI",0,recognized qualification,5
2015,gp_ward,"S.S.L.C, ITI, CTI",0,recognized qualification,1
2015,gp_ward,"S.S.L.C, J.D.C",0,recognized qualification,4
2015,gp_ward,"S.S.L.C, JDC",0,recognized qualification,6
2015,gp_ward,"S.S.L.C, K.G.D.C.E",0,recognized qualification,1
2015,gp_ward,"S.S.L.C, K.G.T.E (AGRICULTURE)",0,recognized qualification,1
2015,gp_ward,"S.S.L.C, LAB TECHNICIAN",0,recognized qualification,2
2015,gp_ward,"S.S.L.C, LAB TECHNICIAN COURSE",0,recognized qualification,1
2015,gp_ward,"S.S.L.C, LI TRAINING",0,recognized qualification,1
2015,gp_ward,"S.S.L.C, NURSING",0,recognized qualification,1
2015,gp_ward,"S.S.L.C, P.D.C",0,recognized qualification,4
2015,gp_ward,"S.S.L.C, P.D.C, I.T.I",0,recognized qualification,1
2015,gp_ward,"S.S.L.C, P.D.C, T.T.C",0,recognized qualification,1
2015,gp_ward,"S.S.L.C, P.P.T.C",0,recognized qualification,1
2015,gp_ward,"S.S.L.C, P.P.T.T.C",0,recognized qualification,1
2015,gp_ward,"S.S.L.C, PDC",0,recognized qualification,1
2015,gp_ward,"S.S.L.C, PDC, ITI",0,recognized qualification,1
2015,gp_ward,"S.S.L.C, PLUS TWO, T.T.C",0,recognized qualification,1
2015,gp_ward,"S.S.L.C, PRE DEGREE",0,recognized qualification,1
2015,gp_ward,"S.S.L.C, PREE DEGREE, NURSING",0,recognized qualification,1
2015,gp_ward,"S.S.L.C, PRINTING TECHNOLOGY",0,recognized qualification,1
2015,gp_ward,"S.S.L.C, T.C.H",0,recognized qualification,1
2015,gp_ward,"S.S.L.C, T.T.C",0,recognized qualification,3
2015,gp_ward,"S.S.L.C, TELE COMMUNICATION",0,recognized qualification,1
2015,gp_ward,"S.S.L.C, TTC",0,recognized qualification,2
2015,gp_ward,"S.S.L.C, TYPE WRITING",0,recognized qualification,1
2015,gp_ward,"S.S.L.C, V H SE",0,recognized qualification,1
2015,gp_ward,"S.S.L.C, VHSE COMPLETED",0,recognized qualification,2
2015,gp_ward,"S.S.L.C,AFSAL-UL-ULAMA",0,recognized qualification,1
2015,gp_ward,"S.S.L.C,AFSALUL ULAMA PRELIMINERY",0,recognized qualification,1
2015,gp_ward,"S.S.L.C,D/CIVIL",0,recognized qualification,1
2015,gp_ward,"S.S.L.C,HINDI SAHITHYACHARYA",0,recognized qualification,1
2015,gp_ward,"S.S.L.C,HINDI VIDWAN",0,recognized qualification,1
2015,gp_ward,"S.S.L.C,I.T.A",0,recognized qualification,1
2015,gp_ward,"S.S.L.C,I.T.C ELECTRICAL",0,recognized qualification,1
2015,gp_ward,"S.S.L.C,I.T.I",0,recognized qualification,5
2015,gp_ward,"S.S.L.C,ITI",0,recognized qualification,2
2015,gp_ward,"S.S.L.C,MLT DIPLOMA",0,recognized qualification,1
2015,gp_ward,"S.S.L.C,PDC",0,recognized qualification,3
2015,gp_ward,"S.S.L.C,PDC,TTC",0,recognized qualification,1
2015,gp_ward,"S.S.L.C,PRE PRIMARY TTC",0,recognized qualification,1
2015,gp_ward,"S.S.L.C,PRE-DEGREE",0,recognized qualification,1
2015,gp_ward,"S.S.L.C,T.T.C",0,recognized qualification,3
2015,gp_ward,"S.S.L.C,TCH",0,recognized qualification,1
2015,gp_ward,"S.S.L.C,TYPEWRITTING",0,recognized qualification,1
2015,gp_ward,"S.S.L.C,[PDC,DIPLOMA IN CIVIL COURCE COMPLETED AND FAILED]",0,recognized qualification,1
2015,gp_ward,S.S.L.C.,0,recognized qualification,201
2015,gp_ward,S.S.L.C. (FAILED),0,recognized qualification,1
2015,gp_ward,S.S.L.C. FAILED,0,recognized qualification,1
2015,gp_ward,S.S.L.C. I.T.I,0,recognized qualification,1
2015,gp_ward,S.S.L.C. PASSED,0,recognized qualification,1
2015,gp_ward,S.S.L.C.(F),0,recognized qualification,1
2015,gp_ward,"S.S.L.C., HTTC",0,recognized qualification,1
2015,gp_ward,"S.S.L.C., ITI",0,recognized qualification,1
2015,gp_ward,"S.S.L.C., KGCE(AUTOMOBILE)",0,recognized qualification,1
2015,gp_ward,"S.S.L.C., T.T.C.",0,recognized qualification,1
2015,gp_ward,"S.S.L.C., UFZAL ULAN ENTRANCE",0,recognized qualification,1
2015,gp_ward,"S.S.L.C.,HEALTH SUPERVISOR COURSE",0,recognized qualification,1
2015,gp_ward,S.S.L.C.FAILED,NA,unclassified,1
2015,gp_ward,S.S.LC,0,recognized qualification,47
2015,gp_ward,S.S.LC.,0,recognized qualification,1
2015,gp_ward,S.S.LC. (FAILD),0,recognized qualification,1
2015,gp_ward,S.SL.C,0,recognized qualification,1
2015,gp_ward,SAHITHYACHARYA (HINDI),NA,unclassified,1
2015,gp_ward,SAHITHYACHARYA D.LED,NA,unclassified,1
2015,gp_ward,SANITARY INSPECTOR DEPLOMA,NA,unclassified,1
2015,gp_ward,SANSCRIT TEACHERS EXAMINATION,NA,unclassified,1
2015,gp_ward,SANSKRIT,NA,unclassified,1
2015,gp_ward,SECOND STANDARD,NA,unclassified,2
2015,gp_ward,SECONDARY,NA,unclassified,2
2015,gp_ward,"SECONDARY, ARABIC DIPLOMA",0,recognized qualification,1
2015,gp_ward,SEVEN STANDARD,NA,unclassified,1
2015,gp_ward,SEVEN STANDERED,NA,unclassified,1
2015,gp_ward,SEVENTH,0,recognized qualification,13
2015,gp_ward,SEVENTH CLASS,0,recognized qualification,4
2015,gp_ward,SEVENTH PASS,0,recognized qualification,1
2015,gp_ward,SEVENTH STANDARD,0,recognized qualification,19
2015,gp_ward,SEVENTH STANDARD(FAILED),0,recognized qualification,1
2015,gp_ward,SEVENTH STANDARED,0,recognized qualification,1
2015,gp_ward,SEVENTH STANDERD,0,recognized qualification,3
2015,gp_ward,SEVENTH STANDRAD,0,recognized qualification,1
2015,gp_ward,SEVENTH STD,0,recognized qualification,4
2015,gp_ward,SIX TH,NA,unclassified,1
2015,gp_ward,SIXTH,0,recognized qualification,2
2015,gp_ward,SIXTH CLASS,0,recognized qualification,2
2015,gp_ward,SIXTH STANDARD,0,recognized qualification,6
2015,gp_ward,SIXTH STANDARED,0,recognized qualification,1
2015,gp_ward,SIXTH STANDERD,0,recognized qualification,1
2015,gp_ward,SIXTH STD,0,recognized qualification,1
2015,gp_ward,SSC,0,recognized qualification,8
2015,gp_ward,SSCL,NA,unclassified,1
2015,gp_ward,SSLC,0,recognized qualification,3288
2015,gp_ward,SSLC & DIPLOMA,0,recognized qualification,1
2015,gp_ward,SSLC & JDC,0,recognized qualification,1
2015,gp_ward,SSLC & PDC,0,recognized qualification,1
2015,gp_ward,SSLC & TTC,0,recognized qualification,1
2015,gp_ward,SSLC ( COMPUTER COURSE),0,recognized qualification,1
2015,gp_ward,SSLC (AFZAL-UL-ULAMA[PRILIMINARY]),0,recognized qualification,1
2015,gp_ward,SSLC (EQUIVALENCY EXAM FAILED),0,recognized qualification,1
2015,gp_ward,SSLC (FAIL),0,recognized qualification,3
2015,gp_ward,SSLC (FAILED),0,recognized qualification,6
2015,gp_ward,"SSLC , ANM",0,recognized qualification,1
2015,gp_ward,"SSLC , COMPUTER",0,recognized qualification,1
2015,gp_ward,"SSLC , HINDI VIDWAN",0,recognized qualification,1
2015,gp_ward,"SSLC , ITI",0,recognized qualification,2
2015,gp_ward,"SSLC , JDC",0,recognized qualification,1
2015,gp_ward,"SSLC , K.G.T.E",0,recognized qualification,1
2015,gp_ward,"SSLC , KGCE - CIVIL",0,recognized qualification,1
2015,gp_ward,"SSLC , P P TTC",0,recognized qualification,1
2015,gp_ward,"SSLC , SURVEY",0,recognized qualification,1
2015,gp_ward,"SSLC , TTC",0,recognized qualification,1
2015,gp_ward,"SSLC , VHSE",0,recognized qualification,1
2015,gp_ward,"SSLC ,HINDHI VIDWAN",0,recognized qualification,1
2015,gp_ward,"SSLC ,ITC",0,recognized qualification,1
2015,gp_ward,"SSLC ,ITI",0,recognized qualification,1
2015,gp_ward,"SSLC ,JDC",0,recognized qualification,1
2015,gp_ward,"SSLC ,T.E.C",0,recognized qualification,1
2015,gp_ward,"SSLC ,TTC",0,recognized qualification,1
2015,gp_ward,SSLC COMPLETED,0,recognized qualification,2
2015,gp_ward,SSLC DIPLOMA,0,recognized qualification,1
2015,gp_ward,SSLC EQUIVALENT EXAM ATTENDED,0,recognized qualification,1
2015,gp_ward,SSLC FAIL,0,recognized qualification,3
2015,gp_ward,SSLC FAILD,0,recognized qualification,1
2015,gp_ward,SSLC FAILED,0,recognized qualification,16
2015,gp_ward,SSLC ITC,0,recognized qualification,2
2015,gp_ward,SSLC NTTC,0,recognized qualification,1
2015,gp_ward,SSLC PASS,0,recognized qualification,14
2015,gp_ward,SSLC PASSED,0,recognized qualification,10
2015,gp_ward,SSLC TTC,0,recognized qualification,1
2015,gp_ward,SSLC WITH JDC,0,recognized qualification,1
2015,gp_ward,SSLC(FAILED),0,recognized qualification,2
2015,gp_ward,"SSLC, AFSAL UL- ULMA FINAL",0,recognized qualification,1
2015,gp_ward,"SSLC, AFSAL-ULMA ENTRANCE",0,recognized qualification,1
2015,gp_ward,"SSLC, COMPUTER",0,recognized qualification,1
2015,gp_ward,"SSLC, COMPUTER DIPLOMA",0,recognized qualification,1
2015,gp_ward,"SSLC, D.PHARM",0,recognized qualification,1
2015,gp_ward,"SSLC, DLED",0,recognized qualification,1
2015,gp_ward,"SSLC, DTP, MS OFFICE",0,recognized qualification,1
2015,gp_ward,"SSLC, GANABHOOSHANAM",0,recognized qualification,1
2015,gp_ward,"SSLC, GENERAL NURSING",0,recognized qualification,1
2015,gp_ward,"SSLC, GENERAL NURSING MIDWIFERI",0,recognized qualification,1
2015,gp_ward,"SSLC, HINDI VIDHUAN",0,recognized qualification,1
2015,gp_ward,"SSLC, HINDI VIDWAN",0,recognized qualification,1
2015,gp_ward,"SSLC, I.T.C",0,recognized qualification,1
2015,gp_ward,"SSLC, I.T.I.",0,recognized qualification,1
2015,gp_ward,"SSLC, ITC",0,recognized qualification,2
2015,gp_ward,"SSLC, ITI",0,recognized qualification,16
2015,gp_ward,"SSLC, ITI, KGTE (AGRL)",0,recognized qualification,1
2015,gp_ward,"SSLC, JDC",0,recognized qualification,10
2015,gp_ward,"SSLC, KGCEE",0,recognized qualification,1
2015,gp_ward,"SSLC, KGTE",0,recognized qualification,1
2015,gp_ward,"SSLC, KGTE AGRICULTURE",0,recognized qualification,1
2015,gp_ward,"SSLC, KGTE, DIPLOMA",0,recognized qualification,1
2015,gp_ward,"SSLC, LAB TECHNICIAN",0,recognized qualification,2
2015,gp_ward,"SSLC, MALAYALAM VIDWAN LANGAUAGE TRAINING COURSE",0,recognized qualification,1
2015,gp_ward,"SSLC, MALAYALAM VIDWAN, LANGUAGE TEACHER TRAINING",0,recognized qualification,1
2015,gp_ward,"SSLC, MLT(HINDI SAHITHIYADHARA)",0,recognized qualification,1
2015,gp_ward,"SSLC, N T T C",0,recognized qualification,1
2015,gp_ward,"SSLC, NTTC",0,recognized qualification,1
2015,gp_ward,"SSLC, NURSING",0,recognized qualification,1
2015,gp_ward,"SSLC, P.P.T.T.C",0,recognized qualification,1
2015,gp_ward,"SSLC, PDC",0,recognized qualification,9
2015,gp_ward,"SSLC, PDC, COMPUTER, TYPE WRITING",0,recognized qualification,1
2015,gp_ward,"SSLC, PDC, HEALTH WORKER'S COURSE",0,recognized qualification,1
2015,gp_ward,"SSLC, PDC, ITI",0,recognized qualification,2
2015,gp_ward,"SSLC, PDC,TTC",0,recognized qualification,1
2015,gp_ward,"SSLC, PLUS TWO",0,recognized qualification,1
2015,gp_ward,"SSLC, PLUS TWO, DEGREE",1,recognized qualification,1
2015,gp_ward,"SSLC, PLUSTWO",0,recognized qualification,2
2015,gp_ward,"SSLC, POST DIPLOMA IN FINE ARTS",0,recognized qualification,1
2015,gp_ward,"SSLC, PRE PRIMARY TTC",0,recognized qualification,1
2015,gp_ward,"SSLC, T,T,C",0,recognized qualification,1
2015,gp_ward,"SSLC, T.T.C",0,recognized qualification,1
2015,gp_ward,"SSLC, TTC",0,recognized qualification,10
2015,gp_ward,"SSLC,+2",0,recognized qualification,3
2015,gp_ward,"SSLC,+2,ITI",0,recognized qualification,1
2015,gp_ward,"SSLC,AFSALUL ULAMA FINAL",0,recognized qualification,1
2015,gp_ward,"SSLC,AFSALUL ULAMA PRILIMINARY",0,recognized qualification,1
2015,gp_ward,"SSLC,AGRICULTURE(KGT)",0,recognized qualification,1
2015,gp_ward,"SSLC,ANM",0,recognized qualification,1
2015,gp_ward,"SSLC,C.PED",0,recognized qualification,1
2015,gp_ward,"SSLC,COMPUTER",0,recognized qualification,1
2015,gp_ward,"SSLC,DEGREE NOT COMPLETED",NA,unclassified,1
2015,gp_ward,"SSLC,DIPLOMA",0,recognized qualification,1
2015,gp_ward,"SSLC,DIPLOMA IN SECRETARIAL PRACTICE",0,recognized qualification,1
2015,gp_ward,"SSLC,DIPLOMA IN TAILORING",0,recognized qualification,1
2015,gp_ward,"SSLC,DMLT",0,recognized qualification,1
2015,gp_ward,"SSLC,ETC",0,recognized qualification,1
2015,gp_ward,"SSLC,HINDI BHOOSHAN",0,recognized qualification,1
2015,gp_ward,"SSLC,I.T.C",0,recognized qualification,1
2015,gp_ward,"SSLC,ITA",0,recognized qualification,1
2015,gp_ward,"SSLC,ITC",0,recognized qualification,3
2015,gp_ward,"SSLC,ITI",0,recognized qualification,11
2015,gp_ward,"SSLC,JDC",0,recognized qualification,4
2015,gp_ward,"SSLC,KGTA",0,recognized qualification,1
2015,gp_ward,"SSLC,KGTE DIPLOMA DROWING",0,recognized qualification,1
2015,gp_ward,"SSLC,KGTE(TYPEWRITTING,HIGHER)",0,recognized qualification,1
2015,gp_ward,"SSLC,LAB TECHNICIAN",0,recognized qualification,1
2015,gp_ward,"SSLC,MALAYALAM VIDWAN,TTC",0,recognized qualification,1
2015,gp_ward,"SSLC,NURSING",0,recognized qualification,1
2015,gp_ward,"SSLC,P.D.C",0,recognized qualification,2
2015,gp_ward,"SSLC,P.D.C FAIL",0,recognized qualification,1
2015,gp_ward,"SSLC,PDC",0,recognized qualification,7
2015,gp_ward,"SSLC,PDC, ITI",0,recognized qualification,1
2015,gp_ward,"SSLC,PDC,BA",1,recognized qualification,1
2015,gp_ward,"SSLC,PDC,DRAFTMAN CIVIL",0,recognized qualification,1
2015,gp_ward,"SSLC,PDC,GNM",0,recognized qualification,1
2015,gp_ward,"SSLC,PDC,ITI",0,recognized qualification,2
2015,gp_ward,"SSLC,PDC,JDC",0,recognized qualification,1
2015,gp_ward,"SSLC,PHYSICAL EDUCATION(C.P.E.D.)",0,recognized qualification,1
2015,gp_ward,"SSLC,PLUS TWO,ITC SURVEY",0,recognized qualification,1
2015,gp_ward,"SSLC,PPTTC",0,recognized qualification,2
2015,gp_ward,"SSLC,PRE DEGREE",0,recognized qualification,1
2015,gp_ward,"SSLC,PRE DEGREE,DIP.IN AUTOMOBILE ENGG.",0,recognized qualification,1
2015,gp_ward,"SSLC,PREEDEGREE",0,recognized qualification,1
2015,gp_ward,"SSLC,TTC",0,recognized qualification,10
2015,gp_ward,"SSLC,TYPE WRITING",0,recognized qualification,1
2015,gp_ward,"SSLC,VHSE",0,recognized qualification,1
2015,gp_ward,SSLC- JDC,0,recognized qualification,1
2015,gp_ward,SSLC- TTC,0,recognized qualification,1
2015,gp_ward,SSLC/ITI,0,recognized qualification,1
2015,gp_ward,SSLS,NA,unclassified,4
2015,gp_ward,"SSLS , ITI",0,recognized qualification,1
2015,gp_ward,STANDARD - VII,0,recognized qualification,1
2015,gp_ward,STANDARD -5,NA,unclassified,1
2015,gp_ward,"STANDERD-12, T.T.C",0,recognized qualification,1
2015,gp_ward,STANDERD-8,NA,unclassified,1
2015,gp_ward,STD 7,NA,unclassified,3
2015,gp_ward,STD 9,NA,unclassified,1
2015,gp_ward,STD IX,0,recognized qualification,1
2015,gp_ward,STD X,0,recognized qualification,1
2015,gp_ward,STH STD,NA,unclassified,1
2015,gp_ward,T T C,0,recognized qualification,6
2015,gp_ward,T T C HINDI,0,recognized qualification,1
2015,gp_ward,T.H. S.S.L.C,0,recognized qualification,1
2015,gp_ward,"T.H.S.L.C,V.H.S.E",0,recognized qualification,1
2015,gp_ward,T.H.S.L.C. I.T.I,0,recognized qualification,1
2015,gp_ward,T.H.S.S.L.C,NA,unclassified,1
2015,gp_ward,T.T.C,0,recognized qualification,8
2015,gp_ward,"T.T.C, BACHELOR OF EDUCATION",0,recognized qualification,1
2015,gp_ward,"T.T.C, M.A, BED",1,recognized qualification,1
2015,gp_ward,T.T.C.,0,recognized qualification,2
2015,gp_ward,TEACHERS TRAINING,NA,unclassified,1
2015,gp_ward,TELECOMMUNICATION ENGINEERING,NA,unclassified,1
2015,gp_ward,TENTH,0,recognized qualification,2
2015,gp_ward,TENTH LEVEL,0,recognized qualification,6
2015,gp_ward,TENTH STANDARD,0,recognized qualification,6
2015,gp_ward,THIRD CLASS,NA,unclassified,1
2015,gp_ward,THIRD STANDARD,NA,unclassified,1
2015,gp_ward,THSLC,NA,unclassified,1
2015,gp_ward,THSLC & ITI,0,recognized qualification,1
2015,gp_ward,"THSLC, ITI, JDC",0,recognized qualification,1
2015,gp_ward,"THSLC,ITI",0,recognized qualification,1
2015,gp_ward,"THSLC,ITI,PDC",0,recognized qualification,1
2015,gp_ward,TOURISM,NA,unclassified,1
2015,gp_ward,TTC,0,recognized qualification,29
2015,gp_ward,"TTC, B.A, B.ED",1,recognized qualification,1
2015,gp_ward,"TTC, BA ECONOMICS",1,recognized qualification,1
2015,gp_ward,"TTC, MA",1,recognized qualification,1
2015,gp_ward,"TTC, PDC",0,recognized qualification,1
2015,gp_ward,"TTC,BA",1,recognized qualification,1
2015,gp_ward,"TTC,VHSE",0,recognized qualification,1
2015,gp_ward,TWELVE STANDARD,NA,unclassified,1
2015,gp_ward,UNDERGOING POST GRADUATION,1,recognized qualification,1
2015,gp_ward,URDU - HIGHER,NA,unclassified,1
2015,gp_ward,URUDU.HIGHER,NA,unclassified,1
2015,gp_ward,V,0,recognized qualification,4
2015,gp_ward,V CLASS,0,recognized qualification,2
2015,gp_ward,V H S E,0,recognized qualification,5
2015,gp_ward,V H S E(OFFICE SECRETARYSHIP),0,recognized qualification,1
2015,gp_ward,"V H S E, T T C",0,recognized qualification,1
2015,gp_ward,"V H S E,GNM",0,recognized qualification,1
2015,gp_ward,V STANDARD,0,recognized qualification,1
2015,gp_ward,V STD,0,recognized qualification,4
2015,gp_ward,V TH,0,recognized qualification,5
2015,gp_ward,V TH CLASS,0,recognized qualification,1
2015,gp_ward,V TH STANDARD,0,recognized qualification,2
2015,gp_ward,V TH STANDARED,0,recognized qualification,1
2015,gp_ward,V TH STD,0,recognized qualification,3
2015,gp_ward,V TH STD.,0,recognized qualification,1
2015,gp_ward,"V. H. S. E, DIPLOMA COMPUTER APPLICATION",0,recognized qualification,1
2015,gp_ward,V.H.C,NA,unclassified,1
2015,gp_ward,V.H.S..E,0,recognized qualification,1
2015,gp_ward,V.H.S.C,0,recognized qualification,1
2015,gp_ward,V.H.S.E,0,recognized qualification,21
2015,gp_ward,V.H.S.E (AGRICULTURE),0,recognized qualification,1
2015,gp_ward,V.H.S.E (M.L.T),0,recognized qualification,1
2015,gp_ward,"V.H.S.E,JDC",0,recognized qualification,1
2015,gp_ward,"V.H.S.E,T.T.C",0,recognized qualification,1
2015,gp_ward,"V.H.S.E., I.T.I.",0,recognized qualification,1
2015,gp_ward,VHC,NA,unclassified,1
2015,gp_ward,"VHC, TTC",0,recognized qualification,1
2015,gp_ward,VHSC,0,recognized qualification,11
2015,gp_ward,VHSE,0,recognized qualification,20
2015,gp_ward,VHSE COMPUTER SCIENCE,0,recognized qualification,1
2015,gp_ward,"VHSE MLT,DMLT",0,recognized qualification,1
2015,gp_ward,"VHSE, ITI, SSLC",0,recognized qualification,1
2015,gp_ward,"VHSE,ITI,(DPCS)",0,recognized qualification,1
2015,gp_ward,"VHSE,TALLY",0,recognized qualification,1
2015,gp_ward,VI,0,recognized qualification,9
2015,gp_ward,VI -TH STANDARD,0,recognized qualification,1
2015,gp_ward,VI STANDERED,0,recognized qualification,1
2015,gp_ward,VI TH,0,recognized qualification,2
2015,gp_ward,VI TH STANDARD,0,recognized qualification,1
2015,gp_ward,VI TH STD,0,recognized qualification,3
2015,gp_ward,VI TH STD.,0,recognized qualification,1
2015,gp_ward,VII,0,recognized qualification,31
2015,gp_ward,VII (STD),0,recognized qualification,1
2015,gp_ward,VII - STD,0,recognized qualification,1
2015,gp_ward,VII CLASS,0,recognized qualification,1
2015,gp_ward,VII PASS,0,recognized qualification,1
2015,gp_ward,VII TH,0,recognized qualification,6
2015,gp_ward,VII TH STANDARD,0,recognized qualification,2
2015,gp_ward,VII TH STD,0,recognized qualification,6
2015,gp_ward,VII TH STD.,0,recognized qualification,1
2015,gp_ward,VII-STD,0,recognized qualification,2
2015,gp_ward,VIII,0,recognized qualification,32
2015,gp_ward,VIII CLASS,0,recognized qualification,3
2015,gp_ward,VIII STD,0,recognized qualification,1
2015,gp_ward,VIII TH,0,recognized qualification,2
2015,gp_ward,VIII TH CLASS,0,recognized qualification,1
2015,gp_ward,VIII TH STANDARAD,0,recognized qualification,1
2015,gp_ward,VIII TH STANDARD,0,recognized qualification,4
2015,gp_ward,VIII TH STANDARED,0,recognized qualification,2
2015,gp_ward,VIII TH STD,0,recognized qualification,6
2015,gp_ward,VIII TH STD.,0,recognized qualification,1
2015,gp_ward,VIII-STD,0,recognized qualification,1
2015,gp_ward,VIII-TH STD,0,recognized qualification,1
2015,gp_ward,VIITH STANDARD,NA,unclassified,1
2015,gp_ward,VITH-STD,NA,unclassified,1
2015,gp_ward,VOCATIONAL HIGHER SECONDARY,0,recognized qualification,2
2015,gp_ward,VTH,NA,unclassified,1
2015,gp_ward,VTH STD,NA,unclassified,1
2015,gp_ward,X,0,recognized qualification,6
2015,gp_ward,X TH,0,recognized qualification,5
2015,gp_ward,എസ് എസ് എല്‍ സി,NA,unclassified,1
2015,gp_ward,എസ്.എസ്.എല്‍.സി,NA,unclassified,1
2015,gp_ward,എസ്സ് എസ്സ് എല്‍ സി,NA,unclassified,1
2015,gp_ward,"പി.ജി, ബി.എഡ്",NA,unclassified,1
2015,gp_ward,പ്ലസ്ടു,NA,unclassified,1
2015,gp_ward,"ബിഎ, എച്ച്.ഡി.സി",NA,unclassified,1
2015,gp_ward,NA,NA,missing or unspecified,1332
2015,zp_member,10TH,0,recognized qualification,1
2015,zp_member,5TH CLASS,0,recognized qualification,1
2015,zp_member,5TH STANDARD,0,recognized qualification,1
2015,zp_member,7TH,0,recognized qualification,1
2015,zp_member,7TH STANDARD,0,recognized qualification,1
2015,zp_member,AFSAL ULAMA,NA,unclassified,1
2015,zp_member,AFSAL ULAMA PRILIMINARY,NA,unclassified,2
2015,zp_member,B A,1,recognized qualification,8
2015,zp_member,B A ECONOMICS,1,recognized qualification,1
2015,zp_member,B A HDC,1,recognized qualification,1
2015,zp_member,"B A,B ED",1,recognized qualification,1
2015,zp_member,B A. L L B,1,recognized qualification,1
2015,zp_member,B COM,1,recognized qualification,1
2015,zp_member,"B COM ,PG DCA",1,recognized qualification,1
2015,zp_member,B.A,1,recognized qualification,5
2015,zp_member,"B.A ECONOMICS, L.L.B",1,recognized qualification,1
2015,zp_member,"B.A, LLB",1,recognized qualification,2
2015,zp_member,B.A.,1,recognized qualification,2
2015,zp_member,"B.A. ECONOMICS, HDC & BM",1,recognized qualification,1
2015,zp_member,B.A. LLB,1,recognized qualification,1
2015,zp_member,B.A. SANSKRIT,1,recognized qualification,1
2015,zp_member,"B.A., BED",1,recognized qualification,1
2015,zp_member,"B.A., LLB",1,recognized qualification,1
2015,zp_member,B.COM,1,recognized qualification,9
2015,zp_member,"B.COM , LLB",1,recognized qualification,1
2015,zp_member,B.COM COURSE COMPLETED,NA,unclassified,1
2015,zp_member,"B.COM, L.L.B",1,recognized qualification,1
2015,zp_member,"B.COM, MBE COURSE COMPLETED",NA,unclassified,1
2015,zp_member,B.SC,1,recognized qualification,2
2015,zp_member,"B.SC , B.ED",1,recognized qualification,1
2015,zp_member,B.SC B.ED,1,recognized qualification,1
2015,zp_member,B.SC L.L.B,1,recognized qualification,1
2015,zp_member,B.SC ZOOLOGY,1,recognized qualification,1
2015,zp_member,"B.SC, B.ED",1,recognized qualification,1
2015,zp_member,"B.SC,B.ED",1,recognized qualification,1
2015,zp_member,"B.SC,L.L.B.",1,recognized qualification,1
2015,zp_member,"B.SC. CHEMISTRY, M.A. HINDI, HDC&BM",1,recognized qualification,1
2015,zp_member,B.SC. LLB,1,recognized qualification,2
2015,zp_member,"B.SC., BED.,",1,recognized qualification,1
2015,zp_member,"B.SC.,B.ED",1,recognized qualification,1
2015,zp_member,B.SC.BT,NA,unclassified,1
2015,zp_member,BA,1,recognized qualification,9
2015,zp_member,BA (MALAYALAM LIT.),1,recognized qualification,1
2015,zp_member,"BA , LLB",1,recognized qualification,1
2015,zp_member,"BA ,HDC",1,recognized qualification,1
2015,zp_member,"BA ,MA, MBA",1,recognized qualification,1
2015,zp_member,BA FAILED,NA,unclassified,1
2015,zp_member,BA LLB,1,recognized qualification,1
2015,zp_member,"BA, BAL, LLB",1,recognized qualification,1
2015,zp_member,"BA, BED",1,recognized qualification,1
2015,zp_member,"BA, LLB",1,recognized qualification,3
2015,zp_member,"BA, LLB, PG DIPLOMA IN JOURNALISAM",1,recognized qualification,1
2015,zp_member,"BA,LLB",1,recognized qualification,1
2015,zp_member,"BA,LLB(DOING)",1,recognized qualification,1
2015,zp_member,BA- NOT COMPLEATED,1,recognized qualification,1
2015,zp_member,BA-BED.,1,recognized qualification,1
2015,zp_member,BA. LLB,1,recognized qualification,1
2015,zp_member,BA.LLB,NA,unclassified,1
2015,zp_member,BCOM,1,recognized qualification,5
2015,zp_member,BCOM FAILED,NA,unclassified,1
2015,zp_member,"BCOM, LLB",1,recognized qualification,1
2015,zp_member,BED. SOCIAL SCIENCE,1,recognized qualification,1
2015,zp_member,BSC,1,recognized qualification,5
2015,zp_member,"BSC ,B.ED",1,recognized qualification,1
2015,zp_member,BSC B ED,1,recognized qualification,1
2015,zp_member,BSC LLB,1,recognized qualification,2
2015,zp_member,BSC MLT,1,recognized qualification,1
2015,zp_member,"BSC, BED",1,recognized qualification,1
2015,zp_member,"BSC, BED, LLB",1,recognized qualification,1
2015,zp_member,"BSC,BED",1,recognized qualification,1
2015,zp_member,"BSC., BED",1,recognized qualification,1
2015,zp_member,"BSC., BED.",1,recognized qualification,1
2015,zp_member,D-PHARM,NA,unclassified,1
2015,zp_member,D.H.M.S.,NA,unclassified,1
2015,zp_member,DEGREE,1,recognized qualification,8
2015,zp_member,DEGREE (NOT COMPLETED),NA,unclassified,1
2015,zp_member,DEGREE COMPLETED,1,recognized qualification,1
2015,zp_member,DIGREE,NA,unclassified,2
2015,zp_member,DIPLOMA IN CIVIL ENGINEERING,0,recognized qualification,1
2015,zp_member,DIPLOMA IN ELECTRICAL ENGINEERING,0,recognized qualification,1
2015,zp_member,EIGHT STD,NA,unclassified,1
2015,zp_member,GRADUATION IN ECONOMICS,1,recognized qualification,1
2015,zp_member,HINDI SAHITHYAVADYA,NA,unclassified,1
2015,zp_member,IX TH,0,recognized qualification,1
2015,zp_member,"L L M, M PHILL",1,recognized qualification,1
2015,zp_member,L LB,NA,unclassified,1
2015,zp_member,"L.L.B , PGDCP",1,recognized qualification,1
2015,zp_member,LLB,1,recognized qualification,2
2015,zp_member,"LLB, MSW",1,recognized qualification,1
2015,zp_member,"M A ,LLB",1,recognized qualification,1
2015,zp_member,M A ISLAMIC STUDIES,1,recognized qualification,1
2015,zp_member,"M A, LLB",1,recognized qualification,1
2015,zp_member,M. A.,1,recognized qualification,1
2015,zp_member,"M. A., BED",1,recognized qualification,1
2015,zp_member,"M. A., ECONOMICS",1,recognized qualification,1
2015,zp_member,"M. A., LLB.",1,recognized qualification,1
2015,zp_member,M.A,1,recognized qualification,1
2015,zp_member,"M.A, B.ED.",1,recognized qualification,1
2015,zp_member,"M.A, LL.B, PH.D",1,recognized qualification,1
2015,zp_member,"M.A,LLB",1,recognized qualification,1
2015,zp_member,M.A.,1,recognized qualification,1
2015,zp_member,"M.A.ENGLISH LIT., BED.",1,recognized qualification,1
2015,zp_member,M.COM,1,recognized qualification,5
2015,zp_member,M.COM WITH CO-OPERATION,1,recognized qualification,1
2015,zp_member,"M.COM, LLB",1,recognized qualification,1
2015,zp_member,M.COM.,1,recognized qualification,1
2015,zp_member,M.TECH,1,recognized qualification,1
2015,zp_member,MA,1,recognized qualification,1
2015,zp_member,MA .BED.,1,recognized qualification,1
2015,zp_member,MA ENGLISH,1,recognized qualification,1
2015,zp_member,MA HINDI,1,recognized qualification,1
2015,zp_member,MA LLB,1,recognized qualification,1
2015,zp_member,"MA, B. ED",1,recognized qualification,2
2015,zp_member,"MA, BED",1,recognized qualification,1
2015,zp_member,MA- BED.,1,recognized qualification,1
2015,zp_member,NINTH STANDARD,0,recognized qualification,1
2015,zp_member,P D C,0,recognized qualification,3
2015,zp_member,P.D.C,0,recognized qualification,3
2015,zp_member,"P.D.C, J.D.C",0,recognized qualification,1
2015,zp_member,P.D.C.,0,recognized qualification,3
2015,zp_member,"P.D.C., D.H.M.S.",0,recognized qualification,1
2015,zp_member,"P.D.C., MTTC",0,recognized qualification,1
2015,zp_member,"P.D.C., TTC",0,recognized qualification,1
2015,zp_member,PDC,0,recognized qualification,14
2015,zp_member,"PDC, BA FAILED",NA,unclassified,1
2015,zp_member,"PDC, TTC",0,recognized qualification,1
2015,zp_member,PLUS TWO,0,recognized qualification,1
2015,zp_member,"PLUS TWO,TTC",0,recognized qualification,1
2015,zp_member,PLUSTWO,0,recognized qualification,1
2015,zp_member,PRE DEGREE,0,recognized qualification,12
2015,zp_member,"PRE DEGREE, DHMS",0,recognized qualification,1
2015,zp_member,PRE-DEGREE,0,recognized qualification,7
2015,zp_member,"PRE-DEGREE I GROUP, DIPLOMA IN ELECTRICAL ENGINEERING",0,recognized qualification,1
2015,zp_member,"PRE-DEGREE, COURSE COMPLETED",0,recognized qualification,1
2015,zp_member,PRE-UNIVERSITY COURSE,NA,unclassified,1
2015,zp_member,PREDEGREE,0,recognized qualification,1
2015,zp_member,PREE DEGREE,0,recognized qualification,1
2015,zp_member,"PUC , HDSE",0,recognized qualification,1
2015,zp_member,S S L C,0,recognized qualification,29
2015,zp_member,"S S L C, AFSAL-UL-ULAMA",0,recognized qualification,1
2015,zp_member,"S S L C, TTC",0,recognized qualification,1
2015,zp_member,S.S.L.C,0,recognized qualification,16
2015,zp_member,"S.S.L.C,T.T.C",0,recognized qualification,1
2015,zp_member,S.S.L.C.,0,recognized qualification,6
2015,zp_member,"S.S.L.C., I.T.C.",0,recognized qualification,1
2015,zp_member,"S.S.L.C., P.E.TRAINING",0,recognized qualification,1
2015,zp_member,S.SL.C,0,recognized qualification,1
2015,zp_member,SSLC,0,recognized qualification,18
2015,zp_member,"SSLC,JDC",0,recognized qualification,2
2015,zp_member,"SSLC,PDC,TTC",0,recognized qualification,1
2015,zp_member,STD 10TH PASS,NA,unclassified,1
2015,zp_member,TTC,0,recognized qualification,2
2015,zp_member,UNDER GRADUATE,NA,unclassified,1
2015,zp_member,VHSE,0,recognized qualification,2
2015,zp_member,VII,0,recognized qualification,1
2015,zp_member,NA,NA,missing or unspecified,15
2020,block_member,+2,0,recognized qualification,8
2020,block_member,"+2,COMPUTER",NA,unclassified,1
2020,block_member,"+2,TTC",0,recognized qualification,2
2020,block_member,10 TH,0,recognized qualification,4
2020,block_member,10TH,0,recognized qualification,9
2020,block_member,10TH PASS,0,recognized qualification,1
2020,block_member,4,0,recognized qualification,1
2020,block_member,4 TH,0,recognized qualification,1
2020,block_member,4TH,0,recognized qualification,1
2020,block_member,5,0,recognized qualification,2
2020,block_member,5 TH STD,0,recognized qualification,1
2020,block_member,5TH,0,recognized qualification,1
2020,block_member,5TH STD,0,recognized qualification,4
2020,block_member,6,0,recognized qualification,1
2020,block_member,6TH STD,0,recognized qualification,1
2020,block_member,7,0,recognized qualification,2
2020,block_member,7 TH,0,recognized qualification,4
2020,block_member,7 TH CLASS,0,recognized qualification,1
2020,block_member,7 TH STD,0,recognized qualification,4
2020,block_member,7 TH STD.,0,recognized qualification,1
2020,block_member,7NTH STANDARD,NA,unclassified,1
2020,block_member,7TH,0,recognized qualification,7
2020,block_member,7TH CLASS,0,recognized qualification,3
2020,block_member,7TH STANDARD,0,recognized qualification,2
2020,block_member,7TH STD,0,recognized qualification,1
2020,block_member,8,0,recognized qualification,5
2020,block_member,8 CLASS,0,recognized qualification,1
2020,block_member,8 STD,0,recognized qualification,1
2020,block_member,8 TH,0,recognized qualification,4
2020,block_member,8 TH STANDARD,0,recognized qualification,1
2020,block_member,8 TH STD,0,recognized qualification,2
2020,block_member,8TH,0,recognized qualification,3
2020,block_member,8TH STANDARD,0,recognized qualification,1
2020,block_member,8TH STD,0,recognized qualification,3
2020,block_member,9,0,recognized qualification,4
2020,block_member,9 TH,0,recognized qualification,4
2020,block_member,9 TH STD,0,recognized qualification,5
2020,block_member,9TH,0,recognized qualification,7
2020,block_member,9TH CLASS,0,recognized qualification,1
2020,block_member,9TH STANDARD,0,recognized qualification,1
2020,block_member,9TH STD,0,recognized qualification,2
2020,block_member,A N M,NA,unclassified,1
2020,block_member,AFSAL-UL-ULAMA PRELIMINARY,NA,unclassified,1
2020,block_member,AFZAL ULAMA PRILIMINARY,NA,unclassified,1
2020,block_member,"B .COM,M .COM",1,recognized qualification,1
2020,block_member,B A,1,recognized qualification,27
2020,block_member,B A COMPLETED,1,recognized qualification,1
2020,block_member,B A ECONOMICS,1,recognized qualification,4
2020,block_member,B A ENGLISH,1,recognized qualification,2
2020,block_member,B A POLITICS,1,recognized qualification,1
2020,block_member,"B A SAMSKRIT,TTC",1,recognized qualification,1
2020,block_member,"B A, B.ED.",1,recognized qualification,1
2020,block_member,"B A, J D C",1,recognized qualification,1
2020,block_member,"B A, L L B, L L M",1,recognized qualification,1
2020,block_member,B COM,1,recognized qualification,24
2020,block_member,B COM LLB,1,recognized qualification,1
2020,block_member,"B COM, LLB",1,recognized qualification,1
2020,block_member,"B COM,PGDCA,TALLY",1,recognized qualification,1
2020,block_member,B ED,1,recognized qualification,1
2020,block_member,B S C ZOOLOGY,NA,unclassified,1
2020,block_member,B SC,1,recognized qualification,1
2020,block_member,"B SC, BED",1,recognized qualification,1
2020,block_member,B TECH,1,recognized qualification,3
2020,block_member,"B TECH , MBA",1,recognized qualification,1
2020,block_member,B TECH CHEMICAL,1,recognized qualification,1
2020,block_member,B TECH COMPLETED,1,recognized qualification,1
2020,block_member,"B,COM",1,recognized qualification,1
2020,block_member,B. A LLB,1,recognized qualification,1
2020,block_member,B. TECH,1,recognized qualification,1
2020,block_member,B.A,1,recognized qualification,6
2020,block_member,B.A (FAILD),NA,unclassified,1
2020,block_member,"B.A ,LLB ,MBA",1,recognized qualification,1
2020,block_member,B.A BED,1,recognized qualification,1
2020,block_member,B.A DEGREE,1,recognized qualification,1
2020,block_member,B.A DIGREE,1,recognized qualification,1
2020,block_member,B.A ECONOMICS,1,recognized qualification,2
2020,block_member,B.A HISTORY,1,recognized qualification,1
2020,block_member,B.A L L B,1,recognized qualification,1
2020,block_member,B.A LLB,1,recognized qualification,1
2020,block_member,"B.A,DHT",1,recognized qualification,1
2020,block_member,B.A.,1,recognized qualification,2
2020,block_member,B.A. ECONOMICS,1,recognized qualification,1
2020,block_member,B.COM,1,recognized qualification,19
2020,block_member,B.COM (CO-OPERATION),1,recognized qualification,1
2020,block_member,B.COM CO-OPERATION,1,recognized qualification,1
2020,block_member,B.COM L.L.B,1,recognized qualification,1
2020,block_member,B.COM LLB COURSE COMPLETED,NA,unclassified,1
2020,block_member,B.COM(CO-OPERATION),1,recognized qualification,1
2020,block_member,"B.COM, HDC & BM",1,recognized qualification,1
2020,block_member,"B.COM, LLB",1,recognized qualification,1
2020,block_member,"B.COM,LLB",1,recognized qualification,2
2020,block_member,B.P.A,NA,unclassified,1
2020,block_member,B.SC,1,recognized qualification,2
2020,block_member,B.SC MATHEMATICS,1,recognized qualification,1
2020,block_member,"B.SC., B.ED",1,recognized qualification,1
2020,block_member,"B.SC., DHMS",1,recognized qualification,1
2020,block_member,B.TECH,1,recognized qualification,2
2020,block_member,BA,1,recognized qualification,39
2020,block_member,BA & LLB,1,recognized qualification,1
2020,block_member,BA (HISTORY),1,recognized qualification,1
2020,block_member,BA .HISTORY,1,recognized qualification,1
2020,block_member,BA B.ED,1,recognized qualification,2
2020,block_member,BA BED,1,recognized qualification,3
2020,block_member,BA COMMUNICATIVE ENGLISH,1,recognized qualification,1
2020,block_member,BA COMPLETE,1,recognized qualification,1
2020,block_member,BA DEGREE,1,recognized qualification,3
2020,block_member,BA ECNOMICS,1,recognized qualification,2
2020,block_member,BA ECONOMIC,1,recognized qualification,1
2020,block_member,BA ECONOMICS,1,recognized qualification,6
2020,block_member,BA HDC & BM,1,recognized qualification,1
2020,block_member,BA HISOTORY,1,recognized qualification,1
2020,block_member,BA HISTORY,1,recognized qualification,2
2020,block_member,"BA HISTORY, TTC",1,recognized qualification,1
2020,block_member,BA LLB,1,recognized qualification,4
2020,block_member,BA LLB(HONS),1,recognized qualification,1
2020,block_member,BA MALAYALAM,1,recognized qualification,1
2020,block_member,BA MUSIC,1,recognized qualification,1
2020,block_member,BA POLITICAL SCIENCE,1,recognized qualification,1
2020,block_member,BA SOCIOLOGY,1,recognized qualification,1
2020,block_member,"BA(HISTORY), BED",1,recognized qualification,1
2020,block_member,"BA,",1,recognized qualification,1
2020,block_member,"BA, B.E.D",1,recognized qualification,1
2020,block_member,"BA, B.ED",1,recognized qualification,2
2020,block_member,"BA, BED",1,recognized qualification,4
2020,block_member,"BA, HISTORY",1,recognized qualification,1
2020,block_member,"BA, HISTORY ITI",1,recognized qualification,1
2020,block_member,"BA, LLB",1,recognized qualification,8
2020,block_member,"BA,B ED",1,recognized qualification,1
2020,block_member,"BA,ECONOMICS",1,recognized qualification,1
2020,block_member,"BA,ITI",1,recognized qualification,1
2020,block_member,"BA,JDC",1,recognized qualification,1
2020,block_member,"BA,LLB",1,recognized qualification,1
2020,block_member,"BA,LLB,MSW",1,recognized qualification,1
2020,block_member,"BA,PGDCA",1,recognized qualification,1
2020,block_member,BA.LLB,NA,unclassified,1
2020,block_member,"BAL, LLB, LLM",1,recognized qualification,1
2020,block_member,BBA,1,recognized qualification,2
2020,block_member,"BBA, LLB",1,recognized qualification,1
2020,block_member,"BBA,M COM,LLB",1,recognized qualification,1
2020,block_member,BCA,1,recognized qualification,1
2020,block_member,BCOM,1,recognized qualification,13
2020,block_member,BCOM (CO-OPERATION),1,recognized qualification,1
2020,block_member,BCOM CO-OPERATION,1,recognized qualification,1
2020,block_member,BCOM LLB,1,recognized qualification,1
2020,block_member,BCOM WITH COMPUTER DIPLOMA,1,recognized qualification,1
2020,block_member,"BCOM,LLB",1,recognized qualification,2
2020,block_member,"BCOM,PGDCA",1,recognized qualification,1
2020,block_member,"BE, MBA,PH.D",1,recognized qualification,1
2020,block_member,"BE,MHRM,LLB",1,recognized qualification,1
2020,block_member,BED,1,recognized qualification,4
2020,block_member,"BED, MA MALAYALAM, MSC PSYCHOLOGY",1,recognized qualification,1
2020,block_member,BSC,1,recognized qualification,8
2020,block_member,BSC (BOTANY),1,recognized qualification,1
2020,block_member,BSC (PMCS),1,recognized qualification,1
2020,block_member,"BSC ,TTC",1,recognized qualification,1
2020,block_member,BSC B.ED,1,recognized qualification,1
2020,block_member,BSC BED,1,recognized qualification,2
2020,block_member,BSC BED MATHEMATICS,1,recognized qualification,1
2020,block_member,BSC BED PG DIPLOMA,1,recognized qualification,1
2020,block_member,BSC BOTANY,1,recognized qualification,1
2020,block_member,"BSC CHEMISTRY, BED",1,recognized qualification,1
2020,block_member,BSC ELECTRONICS,1,recognized qualification,1
2020,block_member,BSC LLB,1,recognized qualification,1
2020,block_member,BSC MLT,1,recognized qualification,2
2020,block_member,BSC NURSE,1,recognized qualification,2
2020,block_member,BSC OPTOMETRY,1,recognized qualification,1
2020,block_member,BSC PHYSICS,1,recognized qualification,3
2020,block_member,BSC(MATHS),1,recognized qualification,1
2020,block_member,"BSC, B.ED",1,recognized qualification,1
2020,block_member,"BSC, BED",1,recognized qualification,3
2020,block_member,"BSC,B ED,LLB",1,recognized qualification,1
2020,block_member,"BSC,BED",1,recognized qualification,2
2020,block_member,"BSC,HDC",1,recognized qualification,1
2020,block_member,"BSC,LLB",1,recognized qualification,3
2020,block_member,BSC. GEOGRAPHY COMPLETED,1,recognized qualification,1
2020,block_member,"C T T C,D M L T",0,recognized qualification,1
2020,block_member,CIVIL ENG.(KGCE),NA,unclassified,1
2020,block_member,CIVIL ENGINEER,NA,unclassified,1
2020,block_member,CIVIL ENGINEERING DIPLOMA,0,recognized qualification,1
2020,block_member,COMPUTER DIPLOMA,0,recognized qualification,1
2020,block_member,COMPUTER HARDWARE & MAINTENANCE DIPLOMA,0,recognized qualification,1
2020,block_member,D/ CIVIL,NA,unclassified,1
2020,block_member,DED,NA,unclassified,1
2020,block_member,DEGREE,1,recognized qualification,45
2020,block_member,DEGREE - AFSAL ULUMA,1,recognized qualification,1
2020,block_member,DEGREE BSC BOTONY,1,recognized qualification,1
2020,block_member,DEGREE DCA,1,recognized qualification,1
2020,block_member,DEGREE HINDI VIDWAN,1,recognized qualification,1
2020,block_member,"DEGREE, JDC",1,recognized qualification,1
2020,block_member,"DEGREE,DIPLOMA IN LOGISTICS AND SUPPLY CHAIN MANGER",1,recognized qualification,1
2020,block_member,DEPLOMA IN SURVEY ENGINEERING,NA,unclassified,1
2020,block_member,DHMS,NA,unclassified,1
2020,block_member,DIGREE,NA,unclassified,1
2020,block_member,DIPLOMA,0,recognized qualification,10
2020,block_member,DIPLOMA (CRAFT),0,recognized qualification,1
2020,block_member,DIPLOMA - ITI,0,recognized qualification,1
2020,block_member,DIPLOMA CIVIL,0,recognized qualification,1
2020,block_member,DIPLOMA IN AUTO MOBILE ENGINEERING,0,recognized qualification,1
2020,block_member,DIPLOMA IN CIVIL,0,recognized qualification,1
2020,block_member,DIPLOMA IN CIVIL ENGINEERING,0,recognized qualification,1
2020,block_member,DIPLOMA IN CO-OPERATIVE,0,recognized qualification,1
2020,block_member,DIPLOMA IN COMPUTER,0,recognized qualification,1
2020,block_member,DIPLOMA IN COMPUTER ENGINEERING,0,recognized qualification,1
2020,block_member,DIPLOMA IN ELECTRICAL ENGINEERING,0,recognized qualification,1
2020,block_member,DIPLOMA IN ELECTRONICS ENG.,0,recognized qualification,1
2020,block_member,DIPLOMA IN GENERAL NURSING,0,recognized qualification,1
2020,block_member,DIPLOMA IN MECH ENGINEERING,0,recognized qualification,1
2020,block_member,DIPLOMA INTEACHING & CO- OPERATION,0,recognized qualification,1
2020,block_member,"DRT,TTC",0,recognized qualification,1
2020,block_member,ENGINEERING DIPLOMA,0,recognized qualification,1
2020,block_member,GENERAL NURSING &MIDWIFERY COURSE,NA,unclassified,1
2020,block_member,GRADUATE,1,recognized qualification,1
2020,block_member,GRADUATE IN HOTEL MANGEMENT,1,recognized qualification,1
2020,block_member,GRADUATION,1,recognized qualification,2
2020,block_member,H S,NA,unclassified,1
2020,block_member,HIGH SCHOOL,0,recognized qualification,1
2020,block_member,HIGHER SECONDARY,0,recognized qualification,15
2020,block_member,"HIGHER SECONDARY, ITI",0,recognized qualification,1
2020,block_member,"HIGHER SECONDARY,DCA",0,recognized qualification,1
2020,block_member,HIGHER SECONDORY,NA,unclassified,2
2020,block_member,HINDI BHOOSHAN,NA,unclassified,1
2020,block_member,HINDI PRAVEEN-TTC,0,recognized qualification,1
2020,block_member,HINDI SAHITHYACHARYA,NA,unclassified,2
2020,block_member,HINDI VISHARATH DEGREE,1,recognized qualification,1
2020,block_member,HISTORY,NA,unclassified,1
2020,block_member,II PVC,NA,unclassified,1
2020,block_member,ITC,0,recognized qualification,3
2020,block_member,ITI,0,recognized qualification,11
2020,block_member,ITI CERTIFICATE,0,recognized qualification,1
2020,block_member,ITI ELECTRICAL,0,recognized qualification,1
2020,block_member,ITI ELECTRONICS,0,recognized qualification,1
2020,block_member,"ITI, ( D/CIVIL)",0,recognized qualification,1
2020,block_member,"ITI, NCVT",0,recognized qualification,1
2020,block_member,"ITI,JDC, DEGREE",1,recognized qualification,1
2020,block_member,"ITI,VHSC",0,recognized qualification,1
2020,block_member,IX,0,recognized qualification,2
2020,block_member,JDC,NA,unclassified,1
2020,block_member,"JDC, DIPLOMA",0,recognized qualification,1
2020,block_member,JPHN,NA,unclassified,1
2020,block_member,L L B,1,recognized qualification,3
2020,block_member,"L L B,HRM( P G DIPLOMA)",1,recognized qualification,1
2020,block_member,L.L.B,1,recognized qualification,1
2020,block_member,LLB,1,recognized qualification,9
2020,block_member,"LLB, MBA",1,recognized qualification,1
2020,block_member,LLM,1,recognized qualification,1
2020,block_member,M .COM,1,recognized qualification,1
2020,block_member,M A,1,recognized qualification,5
2020,block_member,M A B ED,1,recognized qualification,2
2020,block_member,M A ENGLISH,1,recognized qualification,1
2020,block_member,M A HISTORY,1,recognized qualification,1
2020,block_member,M A L L B,1,recognized qualification,1
2020,block_member,M A POLITICAL SCEIENCE,1,recognized qualification,1
2020,block_member,M A SOCIOLOGY,1,recognized qualification,1
2020,block_member,"M A, B ED,SET",1,recognized qualification,1
2020,block_member,"M A,B ED",1,recognized qualification,1
2020,block_member,"M A,BED",1,recognized qualification,1
2020,block_member,M COM,1,recognized qualification,1
2020,block_member,"M COM, BED COMMERCE",1,recognized qualification,1
2020,block_member,M TECH,1,recognized qualification,1
2020,block_member,M.A,1,recognized qualification,2
2020,block_member,M.A B. ED,1,recognized qualification,1
2020,block_member,M.A ECONOMICS,1,recognized qualification,1
2020,block_member,"M.A, H.D.C",1,recognized qualification,1
2020,block_member,"M.A, L.L.B",1,recognized qualification,1
2020,block_member,M.A.POLITICAL SCIENCE,NA,unclassified,1
2020,block_member,M.COM,1,recognized qualification,6
2020,block_member,M.COM M PHIL DLT,1,recognized qualification,1
2020,block_member,"M.COM, M.BA, B.ED, SET",1,recognized qualification,1
2020,block_member,"M.COM, PGDCA",1,recognized qualification,1
2020,block_member,"M.COM,MPHIL",1,recognized qualification,1
2020,block_member,M.COM.,1,recognized qualification,1
2020,block_member,M.PHIL(DOING PHD),1,recognized qualification,1
2020,block_member,M.S.C OPTOMETRY,1,recognized qualification,1
2020,block_member,MA,1,recognized qualification,5
2020,block_member,"MA ,BED",1,recognized qualification,1
2020,block_member,MA B.ED,1,recognized qualification,4
2020,block_member,MA BED,1,recognized qualification,4
2020,block_member,MA BED LLB,1,recognized qualification,1
2020,block_member,MA BED SET,1,recognized qualification,1
2020,block_member,MA ECONOMICS,1,recognized qualification,1
2020,block_member,"MA ENGLISH,BED",1,recognized qualification,1
2020,block_member,MA HISTORY,1,recognized qualification,2
2020,block_member,MA LITERATURE,1,recognized qualification,1
2020,block_member,MA MALAYALAM,1,recognized qualification,1
2020,block_member,MA POLITICAL SCIENCE,1,recognized qualification,2
2020,block_member,MA SOCIOLOGY,1,recognized qualification,1
2020,block_member,"MA, B.ED",1,recognized qualification,1
2020,block_member,"MA, BA BED",1,recognized qualification,1
2020,block_member,"MA, BED",1,recognized qualification,2
2020,block_member,"MA, BED SET",1,recognized qualification,1
2020,block_member,"MA, LLB",1,recognized qualification,3
2020,block_member,"MA, MPHIL, B ED",1,recognized qualification,1
2020,block_member,"MA, MPHIL, PHD",1,recognized qualification,1
2020,block_member,"MA, P.G DIPLOMA IN JOURNALISM",1,recognized qualification,1
2020,block_member,"MA,B ED",1,recognized qualification,1
2020,block_member,"MA,BED",1,recognized qualification,2
2020,block_member,"MA,JDC",1,recognized qualification,1
2020,block_member,"MA,MBA",1,recognized qualification,1
2020,block_member,"MA,MED",1,recognized qualification,1
2020,block_member,"MA,MPHIL,BED",1,recognized qualification,1
2020,block_member,"MA., BED",1,recognized qualification,1
2020,block_member,MASTER OF ARTS ( ENGLISH ),NA,unclassified,1
2020,block_member,MBA,1,recognized qualification,4
2020,block_member,MBA FINANCE,1,recognized qualification,1
2020,block_member,"MBA, LLB",1,recognized qualification,1
2020,block_member,MCA (MASTER OF COMPUTER APPLICATION,1,recognized qualification,1
2020,block_member,MCOM,1,recognized qualification,1
2020,block_member,MCOM LLB,1,recognized qualification,1
2020,block_member,"MCOM, LLB",1,recognized qualification,1
2020,block_member,"MCOM,BED, PGDCA",1,recognized qualification,1
2020,block_member,MSC,1,recognized qualification,1
2020,block_member,"MSC CHEMISTRY,BED(PHYSICAL SCIENCE)",1,recognized qualification,1
2020,block_member,"MSC, BED",1,recognized qualification,1
2020,block_member,"MSC, M.ED",1,recognized qualification,1
2020,block_member,"MSC,M.PHIL",1,recognized qualification,1
2020,block_member,N T T C,0,recognized qualification,1
2020,block_member,NURSE,NA,unclassified,1
2020,block_member,P D C,0,recognized qualification,31
2020,block_member,"P D C ,J D C",0,recognized qualification,1
2020,block_member,"P D C ,T T C",0,recognized qualification,1
2020,block_member,"P D C, T T C",0,recognized qualification,1
2020,block_member,"P D C,T T C",0,recognized qualification,1
2020,block_member,P DC,NA,unclassified,2
2020,block_member,"P U C,D.M.ED",NA,unclassified,1
2020,block_member,P.D.C,0,recognized qualification,8
2020,block_member,P.D.C PHARMACY,0,recognized qualification,1
2020,block_member,P.G.DIPLOMA IN TOURISM,NA,unclassified,1
2020,block_member,P.H.D,1,recognized qualification,1
2020,block_member,PDC,0,recognized qualification,108
2020,block_member,PDC & DC,0,recognized qualification,1
2020,block_member,PDC & ITI,0,recognized qualification,1
2020,block_member,"PDC , GENERAL NURSING",0,recognized qualification,1
2020,block_member,PDC ITI,0,recognized qualification,1
2020,block_member,PDC T T C,0,recognized qualification,2
2020,block_member,PDC&JDC,0,recognized qualification,1
2020,block_member,PDC(DEGREE COURSE COMPLETED),NA,unclassified,1
2020,block_member,"PDC, DTP",0,recognized qualification,1
2020,block_member,"PDC, ITC",0,recognized qualification,1
2020,block_member,"PDC, ITI",0,recognized qualification,1
2020,block_member,"PDC, JDC",0,recognized qualification,1
2020,block_member,"PDC, JDC, DCFM",0,recognized qualification,1
2020,block_member,"PDC, NURSING",0,recognized qualification,1
2020,block_member,"PDC, TTC",0,recognized qualification,2
2020,block_member,"PDC,BCOM,TTC",1,recognized qualification,1
2020,block_member,"PDC,DCA",0,recognized qualification,1
2020,block_member,"PDC,HINDI VIDVAN-MGT",0,recognized qualification,1
2020,block_member,"PDC,ITI",0,recognized qualification,1
2020,block_member,"PDC,ITI DIPLOMA(DRAFTSMAN MECH)",0,recognized qualification,1
2020,block_member,"PDC,TTC",0,recognized qualification,1
2020,block_member,PG,NA,unclassified,1
2020,block_member,PG DIPLOMA,NA,unclassified,1
2020,block_member,PG IN ENGLISH,NA,unclassified,1
2020,block_member,PG IN POLITICAL SCIENCE,NA,unclassified,1
2020,block_member,"PG, BED",1,recognized qualification,1
2020,block_member,PGDCA,NA,unclassified,1
2020,block_member,PLUS -TWO,0,recognized qualification,1
2020,block_member,PLUS 2,0,recognized qualification,6
2020,block_member,PLUS TWO,0,recognized qualification,79
2020,block_member,"PLUS TWO , NURSING",0,recognized qualification,1
2020,block_member,PLUS TWO URDU PRELIMINARY,0,recognized qualification,1
2020,block_member,"PLUS TWO, CO-DIPLOMA",0,recognized qualification,1
2020,block_member,"PLUS TWO, PPTTC",0,recognized qualification,1
2020,block_member,"PLUS TWO, TTC",0,recognized qualification,1
2020,block_member,"PLUS TWO,DIPLOMA IN BEAUTICIAN",0,recognized qualification,1
2020,block_member,"PLUS TWO,G N M",0,recognized qualification,1
2020,block_member,"PLUS TWO,IATA",0,recognized qualification,1
2020,block_member,"PLUS TWO,NTTC",0,recognized qualification,1
2020,block_member,PLUS2,0,recognized qualification,3
2020,block_member,PLUSE TWO,NA,unclassified,1
2020,block_member,PLUSS TWO,NA,unclassified,1
2020,block_member,PLUSTWO,0,recognized qualification,5
2020,block_member,POST GRADUATE,1,recognized qualification,3
2020,block_member,POST GRADUATION,1,recognized qualification,2
2020,block_member,PRE - DEGREE,0,recognized qualification,2
2020,block_member,PRE -DEGREE,0,recognized qualification,1
2020,block_member,"PRE DEG,",NA,unclassified,1
2020,block_member,PRE DEGREE,0,recognized qualification,32
2020,block_member,PRE DEGREE & TYPE WRITTING HIGHER,0,recognized qualification,1
2020,block_member,"PRE DEGREE, AFZAL-ULAMA",0,recognized qualification,1
2020,block_member,"PRE DEGREE, C T T C",0,recognized qualification,1
2020,block_member,"PRE DEGREE, DIPLOMA",0,recognized qualification,1
2020,block_member,PRE DIGREE ITI,0,recognized qualification,1
2020,block_member,PRE- DEGREE,0,recognized qualification,3
2020,block_member,"PRE- DEGREE, NTTC",0,recognized qualification,1
2020,block_member,PRE- DIGREE,0,recognized qualification,1
2020,block_member,PRE-DEGREE,0,recognized qualification,39
2020,block_member,PRE-DEGREE GENERAL NURSING,0,recognized qualification,1
2020,block_member,PRE-DEGREE T.T.C,0,recognized qualification,1
2020,block_member,"PRE-DEGREE, DIPLOMA IN S/H, TYPE WRITING",0,recognized qualification,1
2020,block_member,"PRE-DEGREE,DIPLOMA IN ELECTRONICS",0,recognized qualification,1
2020,block_member,"PRE-DEGREE,NTTC",0,recognized qualification,1
2020,block_member,"PRE-DEGREE,TTC",0,recognized qualification,1
2020,block_member,PRE.DEGREE,0,recognized qualification,4
2020,block_member,PREDEGREE,0,recognized qualification,12
2020,block_member,"PREDIGREE,DIPLOMA",0,recognized qualification,1
2020,block_member,PREE DEGREE,0,recognized qualification,17
2020,block_member,"PREE DEGREE,DIPLOMA",0,recognized qualification,1
2020,block_member,"PREE DEGREE,JDC",0,recognized qualification,1
2020,block_member,PREE DIGREE,0,recognized qualification,2
2020,block_member,PREE-DEGREE,0,recognized qualification,4
2020,block_member,PRIMARY,0,recognized qualification,2
2020,block_member,PROFESSIONAL,NA,unclassified,1
2020,block_member,S .S.L.C,NA,unclassified,1
2020,block_member,S S L C,0,recognized qualification,122
2020,block_member,"S S L C , HINDI SAHITHYACHARYA",0,recognized qualification,1
2020,block_member,"S S L C , J D C",0,recognized qualification,1
2020,block_member,"S S L C ,N T TC",0,recognized qualification,1
2020,block_member,"S S L C, DOCUMENT WRITTER AND SCRIB EXAM PASSED",0,recognized qualification,1
2020,block_member,"S S L C,JDC",0,recognized qualification,1
2020,block_member,S S LC,0,recognized qualification,1
2020,block_member,S SL C,0,recognized qualification,1
2020,block_member,S.S.L.C,0,recognized qualification,74
2020,block_member,"S.S.L.C ,JDC",0,recognized qualification,1
2020,block_member,"S.S.L.C ,PDC",0,recognized qualification,1
2020,block_member,S.S.L.C PASSED,0,recognized qualification,1
2020,block_member,"S.S.L.C, N.C.V.T",0,recognized qualification,1
2020,block_member,"S.S.L.C,PPTTC",0,recognized qualification,1
2020,block_member,S.S.L.C.,0,recognized qualification,13
2020,block_member,"S.S.L.C.,JDC",0,recognized qualification,1
2020,block_member,S.S.S.L.C,NA,unclassified,5
2020,block_member,SIXTH,0,recognized qualification,1
2020,block_member,SSC,0,recognized qualification,2
2020,block_member,SSCL,NA,unclassified,1
2020,block_member,SSLC,0,recognized qualification,474
2020,block_member,"SSLC ,ITI DIPLOMA",0,recognized qualification,1
2020,block_member,SSLC ARABIC,0,recognized qualification,1
2020,block_member,SSLC FAILED,0,recognized qualification,3
2020,block_member,SSLC JDC,0,recognized qualification,1
2020,block_member,SSLC PASSED,0,recognized qualification,1
2020,block_member,SSLC(F),0,recognized qualification,1
2020,block_member,"SSLC, CPED.",0,recognized qualification,1
2020,block_member,"SSLC, FASHION DESIGNING",0,recognized qualification,1
2020,block_member,"SSLC, ITI",0,recognized qualification,3
2020,block_member,"SSLC, KGCA (CFA)",0,recognized qualification,1
2020,block_member,"SSLC, LANGUAGE TEACHERS TRAINING COURSE",0,recognized qualification,1
2020,block_member,"SSLC, NURSING",0,recognized qualification,1
2020,block_member,"SSLC, PPTTC",0,recognized qualification,1
2020,block_member,"SSLC, PREDEGREE",0,recognized qualification,2
2020,block_member,"SSLC, TTC",0,recognized qualification,2
2020,block_member,"SSLC,AFSAL-UL-ULAMA",0,recognized qualification,1
2020,block_member,"SSLC,ITI",0,recognized qualification,7
2020,block_member,"SSLC,JDC",0,recognized qualification,2
2020,block_member,"SSLC,KGTE(M)LOWER,ENGLISH HIGHER",0,recognized qualification,1
2020,block_member,"SSLC,KGTEA",0,recognized qualification,1
2020,block_member,"SSLC,PDC",0,recognized qualification,1
2020,block_member,"SSLC,PPTTC",0,recognized qualification,1
2020,block_member,STUDENT,NA,unclassified,1
2020,block_member,SURVEYOR (NCVT),NA,unclassified,1
2020,block_member,T T C,0,recognized qualification,2
2020,block_member,T.T.C,0,recognized qualification,6
2020,block_member,T.T.C (BSC COURSE COMPLETED),NA,unclassified,1
2020,block_member,TTC,0,recognized qualification,8
2020,block_member,"TTC, PDC",0,recognized qualification,1
2020,block_member,"TTC,MTTC",0,recognized qualification,1
2020,block_member,URDU HIGHER EXAM PASSED,NA,unclassified,1
2020,block_member,V TH STD,0,recognized qualification,1
2020,block_member,V.H.S.E,0,recognized qualification,1
2020,block_member,VHSC,0,recognized qualification,1
2020,block_member,"VHSC, (+2)",0,recognized qualification,1
2020,block_member,VHSE,0,recognized qualification,6
2020,block_member,VII CLASS,0,recognized qualification,1
2020,block_member,VIII,0,recognized qualification,3
2020,block_member,VIII CLASS,0,recognized qualification,1
2020,block_member,VTH,NA,unclassified,1
2020,block_member,VTH CLASS,NA,unclassified,1
2020,block_member,X,0,recognized qualification,6
2020,block_member,X STD,0,recognized qualification,1
2020,block_member,"X,ITEC",0,recognized qualification,1
2020,block_member,NA,NA,missing or unspecified,170
2020,gp_ward,+ 2,NA,unclassified,5
2020,gp_ward,"+ 2, PPTTC",NA,unclassified,1
2020,gp_ward,+2,0,recognized qualification,125
2020,gp_ward,+2 (PLUS TWO),0,recognized qualification,1
2020,gp_ward,"+2 ,PLUS TWO",0,recognized qualification,1
2020,gp_ward,+2 V H S C,0,recognized qualification,1
2020,gp_ward,"+2, D.A.SC (DIPLOMA IN ACUPUNCTAR SCIENCE)",0,recognized qualification,1
2020,gp_ward,"+2, DCA",NA,unclassified,1
2020,gp_ward,"+2, DCTTC,DCM",NA,unclassified,1
2020,gp_ward,"+2, DIPLOMA IN FASHION DESIGNING",0,recognized qualification,1
2020,gp_ward,"+2, ITI",0,recognized qualification,2
2020,gp_ward,"+2, JDC",NA,unclassified,1
2020,gp_ward,"+2, PGDCA",NA,unclassified,1
2020,gp_ward,"+2, PLUS TWO",0,recognized qualification,1
2020,gp_ward,"+2, PPTTC",NA,unclassified,1
2020,gp_ward,"+2, TTC",0,recognized qualification,4
2020,gp_ward,"+2,DIPLOMA",0,recognized qualification,1
2020,gp_ward,"+2,NTTC,DCA",NA,unclassified,1
2020,gp_ward,"+2,TTC",0,recognized qualification,1
2020,gp_ward,-,NA,unclassified,3
2020,gp_ward,.,NA,unclassified,1
2020,gp_ward,10,0,recognized qualification,48
2020,gp_ward,10 TH,0,recognized qualification,14
2020,gp_ward,10 TH CLASS,0,recognized qualification,2
2020,gp_ward,10 TH STANDARD,0,recognized qualification,1
2020,gp_ward,10 TH STANDERD,NA,unclassified,1
2020,gp_ward,10TH,0,recognized qualification,37
2020,gp_ward,10TH CLASS,0,recognized qualification,2
2020,gp_ward,10TH PASSED,NA,unclassified,1
2020,gp_ward,10TH STANDARD,0,recognized qualification,1
2020,gp_ward,10TH STD,0,recognized qualification,10
2020,gp_ward,10TTH,NA,unclassified,1
2020,gp_ward,11,0,recognized qualification,1
2020,gp_ward,12,0,recognized qualification,11
2020,gp_ward,12 STANDARD,0,recognized qualification,4
2020,gp_ward,12 TH,0,recognized qualification,1
2020,gp_ward,12 TH STANDERD,NA,unclassified,2
2020,gp_ward,12TH,0,recognized qualification,1
2020,gp_ward,2,0,recognized qualification,1
2020,gp_ward,2 YEAR M.L.T,NA,unclassified,1
2020,gp_ward,2ND PUC,0,recognized qualification,1
2020,gp_ward,2ND STANDARD,0,recognized qualification,1
2020,gp_ward,3 YEAR DIPLOMA,0,recognized qualification,1
2020,gp_ward,3 YEAR DIPLOMA IN CIVIL ENGINEERING,0,recognized qualification,1
2020,gp_ward,3RD CLASS,0,recognized qualification,1
2020,gp_ward,4,0,recognized qualification,14
2020,gp_ward,4 CLASS,0,recognized qualification,1
2020,gp_ward,4 TH,0,recognized qualification,2
2020,gp_ward,4 TH STANDARD,0,recognized qualification,3
2020,gp_ward,4 TH STANDARED,NA,unclassified,1
2020,gp_ward,4 TH STD,0,recognized qualification,2
2020,gp_ward,4-TH STANDARD,0,recognized qualification,2
2020,gp_ward,4TH,0,recognized qualification,8
2020,gp_ward,4TH CLASS,0,recognized qualification,6
2020,gp_ward,4TH PASS,0,recognized qualification,1
2020,gp_ward,4TH STANDARD,0,recognized qualification,8
2020,gp_ward,4TH STD,0,recognized qualification,3
2020,gp_ward,5,0,recognized qualification,8
2020,gp_ward,5 - TH STANDARD,0,recognized qualification,2
2020,gp_ward,5 CLASS,0,recognized qualification,3
2020,gp_ward,5 STD,0,recognized qualification,2
2020,gp_ward,5 TH,0,recognized qualification,3
2020,gp_ward,5 TH CLASS,0,recognized qualification,2
2020,gp_ward,5 TH PASS,0,recognized qualification,1
2020,gp_ward,5 TH STANDARD,0,recognized qualification,2
2020,gp_ward,5 TH STD,0,recognized qualification,2
2020,gp_ward,5- TH,0,recognized qualification,1
2020,gp_ward,5TH,0,recognized qualification,9
2020,gp_ward,5TH CLASS,0,recognized qualification,1
2020,gp_ward,5TH STANDARD,0,recognized qualification,5
2020,gp_ward,5TH STANDERD,NA,unclassified,1
2020,gp_ward,5TH STD,0,recognized qualification,9
2020,gp_ward,6,0,recognized qualification,10
2020,gp_ward,6 TH,0,recognized qualification,5
2020,gp_ward,6 TH CLASS,0,recognized qualification,1
2020,gp_ward,6 TH STD,0,recognized qualification,3
2020,gp_ward,6TH,0,recognized qualification,8
2020,gp_ward,6TH STANDARD,0,recognized qualification,4
2020,gp_ward,6TH STD,0,recognized qualification,3
2020,gp_ward,7,0,recognized qualification,25
2020,gp_ward,7 CLASS,0,recognized qualification,2
2020,gp_ward,7 STD,0,recognized qualification,3
2020,gp_ward,7 TH,0,recognized qualification,19
2020,gp_ward,7 TH CLASS,0,recognized qualification,8
2020,gp_ward,7 TH GRADE,NA,unclassified,1
2020,gp_ward,7 TH STANDARD,0,recognized qualification,14
2020,gp_ward,7 TH STD,0,recognized qualification,7
2020,gp_ward,7STD,NA,unclassified,2
2020,gp_ward,7TH,0,recognized qualification,25
2020,gp_ward,7TH CLASS,0,recognized qualification,8
2020,gp_ward,7TH PASSED,NA,unclassified,2
2020,gp_ward,7TH STANDARD,0,recognized qualification,17
2020,gp_ward,7TH STD,0,recognized qualification,16
2020,gp_ward,7TH STD.,0,recognized qualification,2
2020,gp_ward,8,0,recognized qualification,24
2020,gp_ward,8 CLASS,0,recognized qualification,1
2020,gp_ward,8 STD,0,recognized qualification,4
2020,gp_ward,8 TH,0,recognized qualification,12
2020,gp_ward,8 TH CLASS,0,recognized qualification,2
2020,gp_ward,8 TH PASS,0,recognized qualification,2
2020,gp_ward,8 TH STANDARD,0,recognized qualification,12
2020,gp_ward,8 TH STD,0,recognized qualification,5
2020,gp_ward,8' TH,NA,unclassified,1
2020,gp_ward,8TH,0,recognized qualification,32
2020,gp_ward,8TH CLASS,0,recognized qualification,5
2020,gp_ward,8TH PASS,0,recognized qualification,1
2020,gp_ward,8TH STANDARD,0,recognized qualification,21
2020,gp_ward,8TH STANDERED,NA,unclassified,2
2020,gp_ward,8TH STD,0,recognized qualification,12
2020,gp_ward,8TH STD.,0,recognized qualification,1
2020,gp_ward,9,0,recognized qualification,44
2020,gp_ward,9 CLASS,0,recognized qualification,2
2020,gp_ward,9 STANDARD,0,recognized qualification,1
2020,gp_ward,9 STD,0,recognized qualification,2
2020,gp_ward,9 TH,0,recognized qualification,35
2020,gp_ward,9 TH CLASS,0,recognized qualification,8
2020,gp_ward,9 TH PASSED,NA,unclassified,2
2020,gp_ward,9 TH STANDARD,0,recognized qualification,13
2020,gp_ward,9 TH STANDERD,NA,unclassified,1
2020,gp_ward,9 TH STD,0,recognized qualification,10
2020,gp_ward,9-TH,0,recognized qualification,1
2020,gp_ward,9NTH,NA,unclassified,1
2020,gp_ward,9TH,0,recognized qualification,65
2020,gp_ward,9TH CLASS,0,recognized qualification,7
2020,gp_ward,9TH PASS,0,recognized qualification,3
2020,gp_ward,9TH STANDARD,0,recognized qualification,30
2020,gp_ward,9TH STD,0,recognized qualification,16
2020,gp_ward,9TH STD.,0,recognized qualification,2
2020,gp_ward,A.M.I.E(STUDENTSHIP),NA,unclassified,1
2020,gp_ward,A.N.M,NA,unclassified,1
2020,gp_ward,ACHARYA HINDI BED,1,recognized qualification,1
2020,gp_ward,AFLAL ULAMA,NA,unclassified,1
2020,gp_ward,AFLAL-UL-ULAMA(PRELIMINARY),NA,unclassified,1
2020,gp_ward,AFLALUL ULAMA PRELIMINARY,NA,unclassified,1
2020,gp_ward,AFLALULULUMA PRILIMINARY,NA,unclassified,1
2020,gp_ward,AFSAL AL ULMA ENTRANCE AND BA,1,recognized qualification,1
2020,gp_ward,AFSAL UL ULAMA,NA,unclassified,1
2020,gp_ward,AFSAL UL ULAMA DIGREE,NA,unclassified,1
2020,gp_ward,"AFSAL UL-ULAMA FINAL,L.T.T.C",NA,unclassified,1
2020,gp_ward,AFSAL UL-ULAMA PRILIMINARY,NA,unclassified,1
2020,gp_ward,AFSAL-UL ULMA,NA,unclassified,1
2020,gp_ward,AFSAL-ULAMA PRELIMINARY,NA,unclassified,1
2020,gp_ward,AFSALUL ULAMA,NA,unclassified,1
2020,gp_ward,AFSALULAMA PRELIMINARY,NA,unclassified,1
2020,gp_ward,AFZAL UL ULAMA,NA,unclassified,2
2020,gp_ward,AFZAL UL ULAMA FINAL,NA,unclassified,1
2020,gp_ward,AFZAL ULAMA PRELIMINARY,NA,unclassified,1
2020,gp_ward,AFZAL-UL-ULAMA,NA,unclassified,4
2020,gp_ward,AFZAL-UL-ULMA,NA,unclassified,1
2020,gp_ward,AGRICULTURE,NA,unclassified,1
2020,gp_ward,"AGRICULTURE (KGTE HIGHER),DIPLOMA AUTOMOBILE",0,recognized qualification,1
2020,gp_ward,"AGRICULTURE,TTE",NA,unclassified,1
2020,gp_ward,ANM NURSING,NA,unclassified,1
2020,gp_ward,ASSISTANT NURSING IN DIPLOMA,0,recognized qualification,1
2020,gp_ward,AUTOMOBILE ENGINEERING,NA,unclassified,1
2020,gp_ward,AVIATION,NA,unclassified,1
2020,gp_ward,B A,1,recognized qualification,65
2020,gp_ward,"B A , L L B",1,recognized qualification,1
2020,gp_ward,"B A ,B.ED",1,recognized qualification,1
2020,gp_ward,"B A ,L LB",1,recognized qualification,1
2020,gp_ward,B A ARABIC,1,recognized qualification,2
2020,gp_ward,B A ARABIC DEGREE,1,recognized qualification,1
2020,gp_ward,B A BED,1,recognized qualification,1
2020,gp_ward,"B A BHARATHNATTYAM, BHARATHANATHYAM DIPLOMA",1,recognized qualification,1
2020,gp_ward,B A BTD,1,recognized qualification,1
2020,gp_ward,B A COMPLETED,1,recognized qualification,1
2020,gp_ward,B A ECNOMICS,1,recognized qualification,1
2020,gp_ward,B A ECONIMICS,1,recognized qualification,1
2020,gp_ward,B A ECONOMICS,1,recognized qualification,19
2020,gp_ward,B A ECONOMICS GRADUATION,1,recognized qualification,1
2020,gp_ward,B A ECONOMICS NOT COMPLETED,NA,unclassified,1
2020,gp_ward,"B A ECONOMICS,COMPUTER",1,recognized qualification,1
2020,gp_ward,B A ENGLISH,1,recognized qualification,6
2020,gp_ward,B A FAILD,NA,unclassified,1
2020,gp_ward,B A HISTORY,1,recognized qualification,5
2020,gp_ward,B A ITI,1,recognized qualification,1
2020,gp_ward,B A LLB,1,recognized qualification,2
2020,gp_ward,B A MALAYALAM,1,recognized qualification,3
2020,gp_ward,B A PHILOSOPHY,1,recognized qualification,1
2020,gp_ward,B A POLITICAL SCIENCE,1,recognized qualification,2
2020,gp_ward,B A PSYCHOLOGY,1,recognized qualification,1
2020,gp_ward,"B A SOCILOLOGY, TTC",1,recognized qualification,1
2020,gp_ward,B A SOCIOLOGY,1,recognized qualification,1
2020,gp_ward,"B A, B ED",1,recognized qualification,1
2020,gp_ward,"B A, B-ED",1,recognized qualification,1
2020,gp_ward,"B A, B.ED",1,recognized qualification,1
2020,gp_ward,"B A, BED",1,recognized qualification,2
2020,gp_ward,"B A, L L B",1,recognized qualification,1
2020,gp_ward,B A- ECONOMICS,1,recognized qualification,1
2020,gp_ward,B B A,1,recognized qualification,1
2020,gp_ward,B COM,1,recognized qualification,94
2020,gp_ward,B COM (FAILED),NA,unclassified,1
2020,gp_ward,B COM COMPUTER APPLICATION,1,recognized qualification,1
2020,gp_ward,B COM COPERATION,1,recognized qualification,1
2020,gp_ward,B COM PGDCA,1,recognized qualification,1
2020,gp_ward,B COM WITH COMPUTER APPLICATION,1,recognized qualification,1
2020,gp_ward,B COM WITH MFA,1,recognized qualification,1
2020,gp_ward,"B COM, COOPERATION",1,recognized qualification,1
2020,gp_ward,"B COM, ITI(ELECTRICIAN), JUNIOR DIPLOMA IN COOPERATION (JDC)",1,recognized qualification,1
2020,gp_ward,"B COM, LLB",1,recognized qualification,1
2020,gp_ward,"B COM,B ED",1,recognized qualification,1
2020,gp_ward,B COM- (NOT COMPLETED),NA,unclassified,1
2020,gp_ward,B COM.,1,recognized qualification,3
2020,gp_ward,B ED,1,recognized qualification,7
2020,gp_ward,B H M,NA,unclassified,1
2020,gp_ward,B PHARM,1,recognized qualification,2
2020,gp_ward,B S C CHEMISTRY,NA,unclassified,1
2020,gp_ward,"B S C, M-ED",NA,unclassified,1
2020,gp_ward,B SC,1,recognized qualification,2
2020,gp_ward,"B SC , B ED",1,recognized qualification,1
2020,gp_ward,"B SC , BED",1,recognized qualification,1
2020,gp_ward,B SC B ED,1,recognized qualification,1
2020,gp_ward,B SC CHEMISTRY,1,recognized qualification,1
2020,gp_ward,B SC PHYSICS,1,recognized qualification,1
2020,gp_ward,B SC.,1,recognized qualification,1
2020,gp_ward,B TECH,1,recognized qualification,10
2020,gp_ward,B TECH BIOTECHNOLOGY,1,recognized qualification,1
2020,gp_ward,"B,ED, LLB",1,recognized qualification,1
2020,gp_ward,B-COM,1,recognized qualification,6
2020,gp_ward,B-ED,1,recognized qualification,4
2020,gp_ward,"B-PHARM, PGD JOURNALISM",1,recognized qualification,1
2020,gp_ward,B-TECH,1,recognized qualification,3
2020,gp_ward,B-TECH MECHANICAL,1,recognized qualification,1
2020,gp_ward,B. A,1,recognized qualification,1
2020,gp_ward,B. A.,1,recognized qualification,2
2020,gp_ward,"B. A., B.ED",1,recognized qualification,1
2020,gp_ward,B. COM,1,recognized qualification,5
2020,gp_ward,B. COM + DIPLOMA,1,recognized qualification,1
2020,gp_ward,B. TECH,1,recognized qualification,1
2020,gp_ward,B.A,1,recognized qualification,59
2020,gp_ward,B.A (ECONOMICS),1,recognized qualification,1
2020,gp_ward,"B.A , B-ED",1,recognized qualification,1
2020,gp_ward,"B.A ,JDC",1,recognized qualification,1
2020,gp_ward,B.A B-ED,1,recognized qualification,2
2020,gp_ward,B.A B.ED,1,recognized qualification,2
2020,gp_ward,B.A BED,1,recognized qualification,2
2020,gp_ward,B.A BLISC,1,recognized qualification,1
2020,gp_ward,"B.A ECNOMICS,TTC",1,recognized qualification,1
2020,gp_ward,B.A ECONOMICS,1,recognized qualification,11
2020,gp_ward,B.A ENGLISH,1,recognized qualification,1
2020,gp_ward,B.A HDC,1,recognized qualification,1
2020,gp_ward,B.A HISTORY,1,recognized qualification,2
2020,gp_ward,B.A LLB,1,recognized qualification,2
2020,gp_ward,B.A MALAYALAM,1,recognized qualification,2
2020,gp_ward,"B.A PASSED,PGDCA",1,recognized qualification,1
2020,gp_ward,"B.A, B.A.L, L.L.B",1,recognized qualification,1
2020,gp_ward,"B.A, B.E",1,recognized qualification,1
2020,gp_ward,"B.A, B.E.D",1,recognized qualification,1
2020,gp_ward,"B.A, B.ED",1,recognized qualification,3
2020,gp_ward,"B.A, B.ED, K.G.T.E, K.T.E.T",1,recognized qualification,1
2020,gp_ward,"B.A, BED",1,recognized qualification,2
2020,gp_ward,"B.A, JDC",1,recognized qualification,2
2020,gp_ward,"B.A, K TET",1,recognized qualification,1
2020,gp_ward,"B.A, L.L.B",1,recognized qualification,1
2020,gp_ward,"B.A, LL.B",1,recognized qualification,1
2020,gp_ward,"B.A, LLB",1,recognized qualification,1
2020,gp_ward,"B.A, P.P.T.T.C",1,recognized qualification,1
2020,gp_ward,"B.A, T.T.C",1,recognized qualification,1
2020,gp_ward,"B.A,B ED",1,recognized qualification,1
2020,gp_ward,"B.A,B.ED",1,recognized qualification,1
2020,gp_ward,"B.A,J.D.C",1,recognized qualification,2
2020,gp_ward,"B.A,LLB",1,recognized qualification,2
2020,gp_ward,"B.A,P.G.D.C.A",1,recognized qualification,1
2020,gp_ward,B.A.,1,recognized qualification,2
2020,gp_ward,B.A. (ECONOMICS),1,recognized qualification,1
2020,gp_ward,"B.A. , B.ED",1,recognized qualification,1
2020,gp_ward,B.A. ECONOMICS,1,recognized qualification,1
2020,gp_ward,B.A. ENGLISH,1,recognized qualification,1
2020,gp_ward,B.A. L.L.B,1,recognized qualification,1
2020,gp_ward,B.A. LLB,1,recognized qualification,1
2020,gp_ward,B.A. SOCIOLOGY,1,recognized qualification,1
2020,gp_ward,B.A.(HISTORY),1,recognized qualification,2
2020,gp_ward,"B.A., B.ED.",1,recognized qualification,2
2020,gp_ward,"B.A., ITI",1,recognized qualification,1
2020,gp_ward,B.A.ECONOMICS,NA,unclassified,6
2020,gp_ward,B.A.MALAYALAM,NA,unclassified,1
2020,gp_ward,B.A.POLITICS,NA,unclassified,1
2020,gp_ward,B.B.A,1,recognized qualification,2
2020,gp_ward,B.COM,1,recognized qualification,202
2020,gp_ward,B.COM & I T I,1,recognized qualification,1
2020,gp_ward,B.COM & L L B,1,recognized qualification,1
2020,gp_ward,"B.COM , DIPLOMA IN COMPUTER",1,recognized qualification,1
2020,gp_ward,"B.COM , HINDI TTC",1,recognized qualification,1
2020,gp_ward,"B.COM , LLB",1,recognized qualification,2
2020,gp_ward,"B.COM , PGDCA",1,recognized qualification,1
2020,gp_ward,B.COM CO-OPERATION,1,recognized qualification,3
2020,gp_ward,"B.COM CO.OPERATION, POST GRADUATE DIPLOMA IN TAXATION",1,recognized qualification,1
2020,gp_ward,B.COM COMPUTER APPLICATION,1,recognized qualification,1
2020,gp_ward,B.COM FAILED,NA,unclassified,2
2020,gp_ward,B.COM WITH AVIATION,1,recognized qualification,1
2020,gp_ward,B.COM WITH CO-OPERATION,1,recognized qualification,1
2020,gp_ward,B.COM WITH COORPERATION,1,recognized qualification,1
2020,gp_ward,"B.COM, HDC",1,recognized qualification,1
2020,gp_ward,"B.COM, HINDI VIDWAN",1,recognized qualification,1
2020,gp_ward,"B.COM, ICWA INTER",1,recognized qualification,1
2020,gp_ward,"B.COM, LLB",1,recognized qualification,1
2020,gp_ward,"B.COM, MPED, NIS",1,recognized qualification,1
2020,gp_ward,"B.COM, PGDCA",1,recognized qualification,2
2020,gp_ward,"B.COM, TTC",1,recognized qualification,1
2020,gp_ward,"B.COM, TTM,IATA-FIATA-DGR",1,recognized qualification,1
2020,gp_ward,"B.COM,B ED",1,recognized qualification,1
2020,gp_ward,"B.COM,BED",1,recognized qualification,1
2020,gp_ward,"B.COM,CNC",1,recognized qualification,1
2020,gp_ward,"B.COM,L.L.B.",1,recognized qualification,1
2020,gp_ward,"B.COM,LLB",1,recognized qualification,1
2020,gp_ward,"B.COM,TALLY,DTP,PGDCA",1,recognized qualification,1
2020,gp_ward,B.COM-CO-OPERATIVE,1,recognized qualification,1
2020,gp_ward,"B.COM-COMPUTER, ITI",1,recognized qualification,1
2020,gp_ward,B.COM.,1,recognized qualification,1
2020,gp_ward,B.COM.HDC,NA,unclassified,1
2020,gp_ward,B.E,1,recognized qualification,1
2020,gp_ward,B.ED,1,recognized qualification,11
2020,gp_ward,B.ED HINDI,1,recognized qualification,2
2020,gp_ward,"B.ED, LLB",1,recognized qualification,1
2020,gp_ward,B.P.E,NA,unclassified,1
2020,gp_ward,B.PHARM,1,recognized qualification,1
2020,gp_ward,B.S.C MATHS,1,recognized qualification,1
2020,gp_ward,B.S.C(BOTANY),1,recognized qualification,1
2020,gp_ward,"B.S.C,B.ED",1,recognized qualification,1
2020,gp_ward,B.S.W,NA,unclassified,1
2020,gp_ward,B.SC,1,recognized qualification,13
2020,gp_ward,B.SC & GENERAL NURSING,1,recognized qualification,1
2020,gp_ward,"B.SC , B.ED",1,recognized qualification,1
2020,gp_ward,"B.SC , BED",1,recognized qualification,1
2020,gp_ward,"B.SC , LLB",1,recognized qualification,1
2020,gp_ward,"B.SC AGRICULTURE,T.T.C",1,recognized qualification,1
2020,gp_ward,B.SC B ED,1,recognized qualification,1
2020,gp_ward,B.SC B.ED,1,recognized qualification,3
2020,gp_ward,B.SC COMPUTER SCIENCE,1,recognized qualification,1
2020,gp_ward,B.SC MATHEMATICS,1,recognized qualification,4
2020,gp_ward,B.SC MATHS,1,recognized qualification,2
2020,gp_ward,B.SC PHYSICS,1,recognized qualification,1
2020,gp_ward,B.SC PSYCHOLOGY,1,recognized qualification,1
2020,gp_ward,"B.SC, B.ED",1,recognized qualification,4
2020,gp_ward,"B.SC, B.ED, B.L.I.S TYPEWRITING LOWER (ENG)",1,recognized qualification,1
2020,gp_ward,"B.SC, BED",1,recognized qualification,2
2020,gp_ward,"B.SC, GNM",1,recognized qualification,1
2020,gp_ward,"B.SC, HDC",1,recognized qualification,3
2020,gp_ward,"B.SC, LLB",1,recognized qualification,1
2020,gp_ward,"B.SC, LLM",1,recognized qualification,1
2020,gp_ward,"B.SC,B.ED",1,recognized qualification,3
2020,gp_ward,"B.SC,PGDSM",1,recognized qualification,1
2020,gp_ward,B.SC.,1,recognized qualification,1
2020,gp_ward,B.SC. BED.,1,recognized qualification,1
2020,gp_ward,B.SC. MATHAMATICS,1,recognized qualification,1
2020,gp_ward,B.SC. ZOOLOGY,1,recognized qualification,1
2020,gp_ward,B.SC.( M.ED),1,recognized qualification,1
2020,gp_ward,"B.SC., B.ED.",1,recognized qualification,1
2020,gp_ward,B.SC.BOTANY,NA,unclassified,1
2020,gp_ward,B.SC.ZOOLOGY,NA,unclassified,1
2020,gp_ward,B.TECH,1,recognized qualification,8
2020,gp_ward,B.TECH (CS),1,recognized qualification,1
2020,gp_ward,B.TECH (ELECTRICAL),1,recognized qualification,1
2020,gp_ward,B.TECH CIVIL ENGINEERING,1,recognized qualification,1
2020,gp_ward,BA,1,recognized qualification,273
2020,gp_ward,BA & TTC,1,recognized qualification,1
2020,gp_ward,BA ( ECONOMICS ),1,recognized qualification,1
2020,gp_ward,BA (ECONOMICS),1,recognized qualification,3
2020,gp_ward,BA (ENGLISH),1,recognized qualification,1
2020,gp_ward,BA (HISTORY),1,recognized qualification,1
2020,gp_ward,BA (NOT COMPLETED),NA,unclassified,1
2020,gp_ward,BA (POLITICS),1,recognized qualification,1
2020,gp_ward,"BA , B ED",1,recognized qualification,1
2020,gp_ward,"BA , B-ED",1,recognized qualification,1
2020,gp_ward,"BA , BED",1,recognized qualification,1
2020,gp_ward,"BA , ECONOMICS",1,recognized qualification,1
2020,gp_ward,"BA , LLB",1,recognized qualification,3
2020,gp_ward,"BA ,B ED",1,recognized qualification,1
2020,gp_ward,"BA ,B.ED.",1,recognized qualification,1
2020,gp_ward,"BA ,BED",1,recognized qualification,3
2020,gp_ward,BA - B ED,1,recognized qualification,1
2020,gp_ward,BA - BED,1,recognized qualification,1
2020,gp_ward,BA - ECONOMICS,1,recognized qualification,1
2020,gp_ward,BA - HISTORY,1,recognized qualification,1
2020,gp_ward,BA .BED,1,recognized qualification,1
2020,gp_ward,BA / BED,1,recognized qualification,1
2020,gp_ward,BA AFSAL UL ULAMA,1,recognized qualification,1
2020,gp_ward,BA AFZAL-ULAMA,1,recognized qualification,1
2020,gp_ward,BA AGRICULTURE,1,recognized qualification,1
2020,gp_ward,BA AND TYPEWRITING,1,recognized qualification,1
2020,gp_ward,BA ARABIC,1,recognized qualification,2
2020,gp_ward,BA ARTS,1,recognized qualification,1
2020,gp_ward,BA B.ED,1,recognized qualification,2
2020,gp_ward,BA B.ED.,1,recognized qualification,1
2020,gp_ward,BA B.ED..,1,recognized qualification,1
2020,gp_ward,BA BED,1,recognized qualification,18
2020,gp_ward,BA BED DTVH,1,recognized qualification,1
2020,gp_ward,BA BPED,1,recognized qualification,1
2020,gp_ward,BA COMPLETED,1,recognized qualification,1
2020,gp_ward,BA D.PHARM,1,recognized qualification,1
2020,gp_ward,BA DEGREE,1,recognized qualification,6
2020,gp_ward,BA DTYHI,1,recognized qualification,1
2020,gp_ward,BA ECNOMICS,1,recognized qualification,1
2020,gp_ward,BA ECO,1,recognized qualification,1
2020,gp_ward,BA ECONOMICS,1,recognized qualification,54
2020,gp_ward,"BA ECONOMICS, DCA, PGDCA",1,recognized qualification,1
2020,gp_ward,"BA ECONOMICS, NURSING",1,recognized qualification,1
2020,gp_ward,BA ECONOMIX,1,recognized qualification,1
2020,gp_ward,BA ENGLISH,1,recognized qualification,11
2020,gp_ward,BA ENGLISH LITERATIRE,1,recognized qualification,1
2020,gp_ward,BA ENGLISH LRT,1,recognized qualification,1
2020,gp_ward,BA ENGLISH STENOGRAPHY ENGLISH,1,recognized qualification,1
2020,gp_ward,BA FAILED,NA,unclassified,1
2020,gp_ward,BA HDC,1,recognized qualification,1
2020,gp_ward,BA HINDI,1,recognized qualification,2
2020,gp_ward,BA HISTORY,1,recognized qualification,12
2020,gp_ward,"BA HISTORY,HDC HINDI TTC",1,recognized qualification,1
2020,gp_ward,BA LITERATURE,1,recognized qualification,1
2020,gp_ward,BA LLB,1,recognized qualification,19
2020,gp_ward,BA MALAYALAM,1,recognized qualification,4
2020,gp_ward,BA MALAYAM COMPLETED,1,recognized qualification,1
2020,gp_ward,BA PASS,1,recognized qualification,1
2020,gp_ward,BA PHILOSOPHY,1,recognized qualification,2
2020,gp_ward,BA PHYLOSOPHY,1,recognized qualification,1
2020,gp_ward,BA POLITICAL SCIENCE,1,recognized qualification,1
2020,gp_ward,BA POLITICS,1,recognized qualification,6
2020,gp_ward,BA PPTTC,1,recognized qualification,1
2020,gp_ward,BA SANSKRIT,1,recognized qualification,1
2020,gp_ward,BA TTC,1,recognized qualification,2
2020,gp_ward,BA ZOOLOGY,1,recognized qualification,1
2020,gp_ward,BA(HISTORY),1,recognized qualification,1
2020,gp_ward,BA(L) LLB,1,recognized qualification,1
2020,gp_ward,BA(LAW) L.L.B,1,recognized qualification,1
2020,gp_ward,"BA, B ED",1,recognized qualification,1
2020,gp_ward,"BA, B ED.",1,recognized qualification,1
2020,gp_ward,"BA, B PED",1,recognized qualification,1
2020,gp_ward,"BA, B-ED",1,recognized qualification,1
2020,gp_ward,"BA, B.ED",1,recognized qualification,8
2020,gp_ward,"BA, B.ED, PG DIPLOMA IN JOURNALISM",1,recognized qualification,1
2020,gp_ward,"BA, BED",1,recognized qualification,27
2020,gp_ward,"BA, BED ENGLISH",1,recognized qualification,1
2020,gp_ward,"BA, BED, HDC",1,recognized qualification,1
2020,gp_ward,"BA, BED, PGDCA",1,recognized qualification,1
2020,gp_ward,"BA, BED.",1,recognized qualification,1
2020,gp_ward,"BA, BPED, MPED",1,recognized qualification,1
2020,gp_ward,"BA, D ED",1,recognized qualification,1
2020,gp_ward,"BA, ECONOMICS",1,recognized qualification,1
2020,gp_ward,"BA, HDC",1,recognized qualification,2
2020,gp_ward,"BA, HDC, DCA",1,recognized qualification,1
2020,gp_ward,"BA, JDC",1,recognized qualification,1
2020,gp_ward,"BA, LLB",1,recognized qualification,17
2020,gp_ward,"BA, LLM",1,recognized qualification,1
2020,gp_ward,"BA, MA(ECO)",1,recognized qualification,1
2020,gp_ward,"BA, MA, TTC",1,recognized qualification,1
2020,gp_ward,"BA, MLISC",1,recognized qualification,1
2020,gp_ward,"BA, PGDCA",1,recognized qualification,1
2020,gp_ward,"BA, PPTTC",1,recognized qualification,1
2020,gp_ward,"BA, STAFF NURSE",1,recognized qualification,1
2020,gp_ward,"BA, T.T.C",1,recognized qualification,1
2020,gp_ward,"BA, TTC",1,recognized qualification,3
2020,gp_ward,"BA,ARABIC",1,recognized qualification,1
2020,gp_ward,"BA,B.ED",1,recognized qualification,2
2020,gp_ward,"BA,BED",1,recognized qualification,9
2020,gp_ward,"BA,BED (MALAYALAM)",1,recognized qualification,1
2020,gp_ward,"BA,BLISC",1,recognized qualification,1
2020,gp_ward,"BA,ENGLISH",1,recognized qualification,1
2020,gp_ward,"BA,HDC",1,recognized qualification,3
2020,gp_ward,"BA,ITI(ELECTRICAL & WIREMAN)",1,recognized qualification,1
2020,gp_ward,"BA,LLB",1,recognized qualification,4
2020,gp_ward,"BA,LLB,LLM,JDC,PGDCA",1,recognized qualification,1
2020,gp_ward,"BA,MA",1,recognized qualification,1
2020,gp_ward,"BA,PGDCA",1,recognized qualification,1
2020,gp_ward,"BA,TTC",1,recognized qualification,3
2020,gp_ward,BA- B ED,1,recognized qualification,1
2020,gp_ward,BA- L.L.B,1,recognized qualification,1
2020,gp_ward,BA-BED,1,recognized qualification,1
2020,gp_ward,BA-TAMIL,1,recognized qualification,1
2020,gp_ward,BA. B.ED,1,recognized qualification,1
2020,gp_ward,BA. BED,1,recognized qualification,2
2020,gp_ward,BA. LLB,1,recognized qualification,2
2020,gp_ward,BA.B.ED,NA,unclassified,1
2020,gp_ward,BA.BED,NA,unclassified,3
2020,gp_ward,BA.ECO,NA,unclassified,1
2020,gp_ward,BA.ENGLISH,NA,unclassified,2
2020,gp_ward,"BA.ENGLISH ,HISTORY",NA,unclassified,1
2020,gp_ward,BA.LLB,NA,unclassified,1
2020,gp_ward,BA.MALAYALAM,NA,unclassified,1
2020,gp_ward,BACHELOR OF DENTAL SURGERY,NA,unclassified,1
2020,gp_ward,BACHELOR OF ECNOMICS,NA,unclassified,1
2020,gp_ward,BACHELOR OF HISTORY,NA,unclassified,1
2020,gp_ward,BAL LLB,1,recognized qualification,2
2020,gp_ward,"BAL, LLB",1,recognized qualification,2
2020,gp_ward,BATCHELOR DEGREE IN MECHANICAL ENGINEERING,1,recognized qualification,1
2020,gp_ward,BBA,1,recognized qualification,13
2020,gp_ward,"BBA ,LLB(DEGREE)",1,recognized qualification,1
2020,gp_ward,BBA LLB (HONS),1,recognized qualification,1
2020,gp_ward,BBM,NA,unclassified,1
2020,gp_ward,"BBM, DIFA",NA,unclassified,1
2020,gp_ward,BCA,1,recognized qualification,4
2020,gp_ward,BCA WITH POLYTECHNIC DIPLOMA IN CS,1,recognized qualification,1
2020,gp_ward,BCOM,1,recognized qualification,87
2020,gp_ward,"BCOM ,LLB",1,recognized qualification,1
2020,gp_ward,BCOM BA LLB,1,recognized qualification,1
2020,gp_ward,BCOM CO-OPERATION,1,recognized qualification,1
2020,gp_ward,BCOM COMPLETED,1,recognized qualification,1
2020,gp_ward,BCOM COOPERATION,1,recognized qualification,1
2020,gp_ward,BCOM COURSE COMPLETED,NA,unclassified,1
2020,gp_ward,BCOM FAILED,NA,unclassified,1
2020,gp_ward,BCOM WITH JDC,1,recognized qualification,1
2020,gp_ward,"BCOM, CMA INTERMEDIATE",1,recognized qualification,1
2020,gp_ward,"BCOM, HDC",1,recognized qualification,1
2020,gp_ward,"BCOM, HDCM",1,recognized qualification,1
2020,gp_ward,"BCOM, LLB",1,recognized qualification,3
2020,gp_ward,"BCOM, MBA, LLB",1,recognized qualification,1
2020,gp_ward,"BCOM, PGDCA",1,recognized qualification,1
2020,gp_ward,"BCOM, SECRETARIAL COURSE",1,recognized qualification,1
2020,gp_ward,"BCOM,DCA",1,recognized qualification,1
2020,gp_ward,"BCOM,LLB",1,recognized qualification,1
2020,gp_ward,BCOM.FINANCE,NA,unclassified,1
2020,gp_ward,BCS,NA,unclassified,1
2020,gp_ward,BE,1,recognized qualification,1
2020,gp_ward,BEAUTICIAN,NA,unclassified,1
2020,gp_ward,BED,1,recognized qualification,3
2020,gp_ward,BED ARABIC,1,recognized qualification,1
2020,gp_ward,BED IN HINDI SAHITYA RATNA,1,recognized qualification,1
2020,gp_ward,BELOW 10TH STD,NA,unclassified,1
2020,gp_ward,BHM,NA,unclassified,1
2020,gp_ward,BHMS,1,recognized qualification,2
2020,gp_ward,BROADCAST JOURNALISM,NA,unclassified,1
2020,gp_ward,BSC,1,recognized qualification,56
2020,gp_ward,BSC (BOTANY),1,recognized qualification,1
2020,gp_ward,"BSC , B ED",1,recognized qualification,2
2020,gp_ward,"BSC , BATCHELOR OF EDUCATION",1,recognized qualification,1
2020,gp_ward,"BSC , BED",1,recognized qualification,2
2020,gp_ward,"BSC , LLB",1,recognized qualification,1
2020,gp_ward,"BSC ,L L B",1,recognized qualification,1
2020,gp_ward,"BSC ,LLB",1,recognized qualification,1
2020,gp_ward,BSC - BOTONY,1,recognized qualification,1
2020,gp_ward,BSC - MATHEMATICS,1,recognized qualification,1
2020,gp_ward,BSC - PHYSICS,1,recognized qualification,1
2020,gp_ward,BSC B ED,1,recognized qualification,2
2020,gp_ward,BSC B.E.D,1,recognized qualification,1
2020,gp_ward,BSC B.ED,1,recognized qualification,3
2020,gp_ward,BSC BED,1,recognized qualification,13
2020,gp_ward,"BSC BED,HDC,PDCFA",1,recognized qualification,1
2020,gp_ward,BSC BIOCHEMISTRY,1,recognized qualification,1
2020,gp_ward,BSC BIOTECHNOLOGY,1,recognized qualification,2
2020,gp_ward,BSC BOTANY,1,recognized qualification,8
2020,gp_ward,BSC BOTONY,1,recognized qualification,2
2020,gp_ward,BSC CHEMISTRY,1,recognized qualification,4
2020,gp_ward,"BSC CHEMISTRY,B COM CO-OPERATION",1,recognized qualification,1
2020,gp_ward,BSC COMPLETED,1,recognized qualification,1
2020,gp_ward,BSC COMPUTER SCIENCE,1,recognized qualification,3
2020,gp_ward,BSC DEGREE,1,recognized qualification,1
2020,gp_ward,"BSC DEGREE, STAFF NURSE",1,recognized qualification,1
2020,gp_ward,BSC FT,1,recognized qualification,1
2020,gp_ward,BSC GEOGRAPHY,1,recognized qualification,1
2020,gp_ward,BSC GEOLOGY,1,recognized qualification,1
2020,gp_ward,BSC IN COMPUTER SCIENCE,1,recognized qualification,1
2020,gp_ward,BSC LLB,1,recognized qualification,2
2020,gp_ward,BSC MATH,1,recognized qualification,1
2020,gp_ward,BSC MATHEMATICS,1,recognized qualification,2
2020,gp_ward,"BSC MATHEMATICS,BED",1,recognized qualification,1
2020,gp_ward,BSC MATHS,1,recognized qualification,5
2020,gp_ward,BSC MATHS COMPLETED,1,recognized qualification,1
2020,gp_ward,"BSC MATHS, HDC & BM",1,recognized qualification,1
2020,gp_ward,"BSC MATHS, MBA",1,recognized qualification,1
2020,gp_ward,BSC MBA,1,recognized qualification,1
2020,gp_ward,"BSC MICROBIOLOGY,BED,PGDCA",1,recognized qualification,1
2020,gp_ward,BSC MLT,1,recognized qualification,1
2020,gp_ward,BSC NURSE,1,recognized qualification,1
2020,gp_ward,BSC NURSING,1,recognized qualification,6
2020,gp_ward,BSC PHYSICS,1,recognized qualification,5
2020,gp_ward,"BSC PHYSICS, COMPUTER EDUCATION",1,recognized qualification,1
2020,gp_ward,"BSC PHYSICS, PGDCA",1,recognized qualification,1
2020,gp_ward,BSC PSYCHOLOTY,1,recognized qualification,1
2020,gp_ward,BSC WITH NTTC,1,recognized qualification,1
2020,gp_ward,BSC ZOOLOGY,1,recognized qualification,4
2020,gp_ward,"BSC ZOOLOGY, BED NS",1,recognized qualification,1
2020,gp_ward,"BSC(PHYSICS), HDC & BM",1,recognized qualification,1
2020,gp_ward,"BSC, B.ED",1,recognized qualification,3
2020,gp_ward,"BSC, BED",1,recognized qualification,13
2020,gp_ward,"BSC, BED,PGDC",1,recognized qualification,1
2020,gp_ward,"BSC, HDC",1,recognized qualification,1
2020,gp_ward,"BSC, HIC",1,recognized qualification,1
2020,gp_ward,"BSC, ITI",1,recognized qualification,1
2020,gp_ward,"BSC, ITI,DTP",1,recognized qualification,1
2020,gp_ward,"BSC, JDC",1,recognized qualification,1
2020,gp_ward,"BSC, LLB",1,recognized qualification,1
2020,gp_ward,"BSC, LLB, LLM",1,recognized qualification,1
2020,gp_ward,"BSC, MBA",1,recognized qualification,1
2020,gp_ward,"BSC, MBE",1,recognized qualification,1
2020,gp_ward,"BSC, MEDICAL MICRO BIOLOGY",1,recognized qualification,1
2020,gp_ward,"BSC, PGDCA",1,recognized qualification,1
2020,gp_ward,"BSC, TTC",1,recognized qualification,1
2020,gp_ward,"BSC,B ED",1,recognized qualification,1
2020,gp_ward,"BSC,B.ED",1,recognized qualification,1
2020,gp_ward,"BSC,BED",1,recognized qualification,6
2020,gp_ward,"BSC,DIPLOMA",1,recognized qualification,1
2020,gp_ward,"BSC,HDC",1,recognized qualification,1
2020,gp_ward,"BSC,LLB,DLL & LW",1,recognized qualification,1
2020,gp_ward,"BSC,MA,LLB(COMPLETED)",1,recognized qualification,1
2020,gp_ward,BSC- AGRICULTURE,1,recognized qualification,1
2020,gp_ward,BSC-B.ED,1,recognized qualification,1
2020,gp_ward,BSC. BOTANY,1,recognized qualification,1
2020,gp_ward,BSC. CHEMISTRY,1,recognized qualification,1
2020,gp_ward,BSC. COMPUTER SCIENCE,1,recognized qualification,1
2020,gp_ward,BSC. LLB,1,recognized qualification,1
2020,gp_ward,BSC. MLT,1,recognized qualification,1
2020,gp_ward,BSC. ZOOLOGY,1,recognized qualification,1
2020,gp_ward,BSC.BED,NA,unclassified,1
2020,gp_ward,BSC.BIOCHEMISTRY,NA,unclassified,1
2020,gp_ward,BSC.CHEMISTRY,NA,unclassified,1
2020,gp_ward,BSC.LLB,NA,unclassified,1
2020,gp_ward,"BSC.MATHS,PGDCA",NA,unclassified,1
2020,gp_ward,BTECH,1,recognized qualification,5
2020,gp_ward,BTECH - CIVIL ENGINEERING,1,recognized qualification,1
2020,gp_ward,"B_ED,BSC",1,recognized qualification,1
2020,gp_ward,C P ED,NA,unclassified,1
2020,gp_ward,C T T C,0,recognized qualification,1
2020,gp_ward,C.P.ED,NA,unclassified,2
2020,gp_ward,CIVIL DRAUGHTSMAN,NA,unclassified,2
2020,gp_ward,CIVIL ENGINEER,NA,unclassified,2
2020,gp_ward,CIVIL ENGINEERING,NA,unclassified,2
2020,gp_ward,CIVIL ENGINEERING DIPLOMA,0,recognized qualification,3
2020,gp_ward,"CIVIL, DIPLOMA IN CIVIL ENGINEERING",0,recognized qualification,1
2020,gp_ward,CLASS 10TH,NA,unclassified,10
2020,gp_ward,CLASS 5TH,NA,unclassified,1
2020,gp_ward,CLASS 6,NA,unclassified,1
2020,gp_ward,CLASS 7,NA,unclassified,1
2020,gp_ward,CLASS 8TH,NA,unclassified,1
2020,gp_ward,CLASS 9,NA,unclassified,4
2020,gp_ward,CLASS V,0,recognized qualification,1
2020,gp_ward,CO&PA NCVT COURCE,NA,unclassified,1
2020,gp_ward,COMPUTER - HARDWARE AND NETWORKING,NA,unclassified,1
2020,gp_ward,COMPUTER HARDWARE,NA,unclassified,1
2020,gp_ward,COMPUTER PARTIAL COURSE (OFFICE MANAGEMENT),NA,unclassified,1
2020,gp_ward,COMPUTERISED A/C,NA,unclassified,1
2020,gp_ward,"COPA,NCVT",NA,unclassified,1
2020,gp_ward,CPED,NA,unclassified,3
2020,gp_ward,CPED.,NA,unclassified,1
2020,gp_ward,CTTC,NA,unclassified,1
2020,gp_ward,D / CIVIL,NA,unclassified,1
2020,gp_ward,D ED,NA,unclassified,1
2020,gp_ward,D FARM,NA,unclassified,1
2020,gp_ward,D PHARM,NA,unclassified,3
2020,gp_ward,D.C. COMPLETED,NA,unclassified,1
2020,gp_ward,D.C.S.E(DIPLOMA IN COMPUTER SCIENCE ENGINEERING),0,recognized qualification,1
2020,gp_ward,D.ED,NA,unclassified,4
2020,gp_ward,D.EL.ED,NA,unclassified,1
2020,gp_ward,D.PHARM,NA,unclassified,7
2020,gp_ward,DCA,NA,unclassified,2
2020,gp_ward,DCHN (DIPLOMA IN COMPUTER HARDWARE & NETWORKING),0,recognized qualification,1
2020,gp_ward,DED,NA,unclassified,1
2020,gp_ward,DEGRE,NA,unclassified,1
2020,gp_ward,DEGREE,1,recognized qualification,270
2020,gp_ward,DEGREE & DIPLOMA,1,recognized qualification,1
2020,gp_ward,"DEGREE ,D.ED",1,recognized qualification,1
2020,gp_ward,DEGREE AND JDC,1,recognized qualification,1
2020,gp_ward,DEGREE COMPLETED,1,recognized qualification,2
2020,gp_ward,DEGREE COURSE COMPLETED,NA,unclassified,1
2020,gp_ward,DEGREE DOING,1,recognized qualification,1
2020,gp_ward,DEGREE IN HINDI,1,recognized qualification,2
2020,gp_ward,DEGREE OF RASTRABHASHA VISHARATH,1,recognized qualification,1
2020,gp_ward,DEGREE( BA),1,recognized qualification,1
2020,gp_ward,"DEGREE, B.ED",1,recognized qualification,1
2020,gp_ward,"DEGREE, D.EL. ED",1,recognized qualification,1
2020,gp_ward,"DEGREE, DCTT",1,recognized qualification,1
2020,gp_ward,"DEGREE, PGDCA",1,recognized qualification,1
2020,gp_ward,"DEGREE, TTC",1,recognized qualification,1
2020,gp_ward,"DEGREE,CIVIL ENGINEERING",1,recognized qualification,1
2020,gp_ward,"DEGREE,ITI,CCNA,HARDWARE & NETWORKING",1,recognized qualification,1
2020,gp_ward,"DEGREE,PG DIPLOMA",1,recognized qualification,1
2020,gp_ward,DEGREE- BCOM,1,recognized qualification,1
2020,gp_ward,DEGREE- SOCIOLOGY,1,recognized qualification,1
2020,gp_ward,DEGREE- TTC,1,recognized qualification,1
2020,gp_ward,DEPLOMA,NA,unclassified,1
2020,gp_ward,DGREE,NA,unclassified,2
2020,gp_ward,DHMS,NA,unclassified,3
2020,gp_ward,DIGREE,NA,unclassified,4
2020,gp_ward,DIGREE BOTTANY,NA,unclassified,1
2020,gp_ward,DIGREE FAILED,NA,unclassified,1
2020,gp_ward,"DIGREE, HDC & BM",NA,unclassified,1
2020,gp_ward,"DIGREE, NTTC,MS OFFICE, TALLY",NA,unclassified,1
2020,gp_ward,DILPOMA IN COMMERCIAL PRACTICE,NA,unclassified,1
2020,gp_ward,DILPOMA IN MECHANICAL ENGINEERING,NA,unclassified,1
2020,gp_ward,DIPLOMA,0,recognized qualification,67
2020,gp_ward,DIPLOMA - CIVIL,0,recognized qualification,1
2020,gp_ward,DIPLOMA -CIVIL,0,recognized qualification,1
2020,gp_ward,DIPLOMA CIVIL,0,recognized qualification,2
2020,gp_ward,DIPLOMA ENGINEERING,0,recognized qualification,1
2020,gp_ward,DIPLOMA GENERAL NURSING AND MIDWIFERY (GNM),0,recognized qualification,1
2020,gp_ward,DIPLOMA IN,0,recognized qualification,1
2020,gp_ward,DIPLOMA IN AGRICULTURAL ENGINEERING,0,recognized qualification,1
2020,gp_ward,DIPLOMA IN AGRICULTURE SCIENCE,0,recognized qualification,1
2020,gp_ward,DIPLOMA IN ARCHITECTURE,0,recognized qualification,2
2020,gp_ward,DIPLOMA IN AUTOMOBILE ENG.,0,recognized qualification,1
2020,gp_ward,DIPLOMA IN AUTOMOBILE ENGINEER,0,recognized qualification,1
2020,gp_ward,DIPLOMA IN AUTOMOBILE ENGINEERING,0,recognized qualification,2
2020,gp_ward,DIPLOMA IN AVIATION,0,recognized qualification,1
2020,gp_ward,DIPLOMA IN AYURVEDA MEDICINE,0,recognized qualification,1
2020,gp_ward,DIPLOMA IN CIVIL,0,recognized qualification,1
2020,gp_ward,DIPLOMA IN CIVIL ENGINEER,0,recognized qualification,1
2020,gp_ward,DIPLOMA IN CIVIL ENGINEERING,0,recognized qualification,14
2020,gp_ward,DIPLOMA IN CIVIL ENGINEERING (COURSE COMPLETED),0,recognized qualification,1
2020,gp_ward,"DIPLOMA IN CIVIL ENGINEERING, B.COM, JDC",1,recognized qualification,1
2020,gp_ward,DIPLOMA IN CLASSICAL DANCE KALAMANDALAM,0,recognized qualification,1
2020,gp_ward,DIPLOMA IN CO OPERATION,0,recognized qualification,1
2020,gp_ward,DIPLOMA IN CO-OPERATION,0,recognized qualification,1
2020,gp_ward,DIPLOMA IN COMMERCIAL PRACTICE,0,recognized qualification,5
2020,gp_ward,DIPLOMA IN COMPUTER HARDWARE,0,recognized qualification,2
2020,gp_ward,DIPLOMA IN COMPUTER SCIENCE,0,recognized qualification,2
2020,gp_ward,DIPLOMA IN EDUCATION,0,recognized qualification,2
2020,gp_ward,DIPLOMA IN EDUCATION (ARABIC),0,recognized qualification,1
2020,gp_ward,DIPLOMA IN ELECTICAL ENGINEERING,0,recognized qualification,1
2020,gp_ward,DIPLOMA IN ELECTRICAL,0,recognized qualification,2
2020,gp_ward,DIPLOMA IN ELECTRICAL AND ELECTRONICS ENGINEERING,0,recognized qualification,1
2020,gp_ward,DIPLOMA IN ELECTRICAL ENGINEERING,0,recognized qualification,4
2020,gp_ward,DIPLOMA IN ELECTRONIC,0,recognized qualification,1
2020,gp_ward,DIPLOMA IN ELECTRONICS,0,recognized qualification,2
2020,gp_ward,DIPLOMA IN ELECTRONICS & INSTRUMENTATION,0,recognized qualification,1
2020,gp_ward,DIPLOMA IN ELECTRONICS AND COMMUNICATION,0,recognized qualification,1
2020,gp_ward,DIPLOMA IN ELECTRONICS ENGINEERING,0,recognized qualification,2
2020,gp_ward,DIPLOMA IN ENGINEERING,0,recognized qualification,2
2020,gp_ward,DIPLOMA IN FASHION DESIGNING,0,recognized qualification,2
2020,gp_ward,DIPLOMA IN FIRE AND SAFETY,0,recognized qualification,1
2020,gp_ward,DIPLOMA IN GENERAL NURSING,0,recognized qualification,2
2020,gp_ward,DIPLOMA IN GENERAL NURSING & MIDWIFERY,0,recognized qualification,1
2020,gp_ward,DIPLOMA IN GENERAL NURSING AND MIDWIFERY,0,recognized qualification,1
2020,gp_ward,DIPLOMA IN HINDI TEACHING,0,recognized qualification,2
2020,gp_ward,DIPLOMA IN HOSPITAL MANAGEMENT,0,recognized qualification,1
2020,gp_ward,DIPLOMA IN INFORMATION &SYSTEM MANAGEMENT,0,recognized qualification,1
2020,gp_ward,DIPLOMA IN MECHANICAL ENGINEERING,0,recognized qualification,9
2020,gp_ward,DIPLOMA IN MULTI MEDIA,0,recognized qualification,1
2020,gp_ward,DIPLOMA IN NURSING,0,recognized qualification,6
2020,gp_ward,DIPLOMA IN NURSING ASSISTANT,0,recognized qualification,1
2020,gp_ward,DIPLOMA IN OPTOMETRY,0,recognized qualification,1
2020,gp_ward,DIPLOMA IN PARAMEDICINE,0,recognized qualification,1
2020,gp_ward,DIPLOMA IN PHARAMACY,0,recognized qualification,1
2020,gp_ward,DIPLOMA IN PHARMACY,0,recognized qualification,3
2020,gp_ward,DIPLOMA IN PRINTING TECHNOLOGY,0,recognized qualification,1
2020,gp_ward,DIPLOMA IN SOFTWARE,0,recognized qualification,1
2020,gp_ward,DIPLOMA IN SOUND ENGINEERING,0,recognized qualification,1
2020,gp_ward,DIPLOMA IN THEOLOGY,0,recognized qualification,1
2020,gp_ward,DIPLOMA IN TRAVEL AND TOURISAM,0,recognized qualification,1
2020,gp_ward,DIPLOMA NURSING AIDE,0,recognized qualification,1
2020,gp_ward,DIPLOMA TOURISUM HOSPITALITY,0,recognized qualification,1
2020,gp_ward,DIPLOMA(CIVIL),0,recognized qualification,1
2020,gp_ward,DIPLOMA(MECHANICAL),0,recognized qualification,1
2020,gp_ward,DIPLOMO,NA,unclassified,1
2020,gp_ward,"DIPLOMS IN NURSING , DIPLOMA INFASHIN DESIGNING",0,recognized qualification,1
2020,gp_ward,DLED,NA,unclassified,1
2020,gp_ward,DLED HINDI,NA,unclassified,1
2020,gp_ward,DM TTC,0,recognized qualification,1
2020,gp_ward,DME,NA,unclassified,1
2020,gp_ward,DMLT,NA,unclassified,6
2020,gp_ward,DOING PHD (SOCIAL SCIENCE),1,recognized qualification,1
2020,gp_ward,"DOTAT, LTTC",NA,unclassified,1
2020,gp_ward,DRAFTMAN CIVIL (ITI),0,recognized qualification,1
2020,gp_ward,DRAFTSMAN CIVIL,NA,unclassified,1
2020,gp_ward,DRAWING AND PAINTING DIPLOMA,0,recognized qualification,1
2020,gp_ward,"DTPO (NCVT), B COM",1,recognized qualification,1
2020,gp_ward,ECONOMICS,NA,unclassified,3
2020,gp_ward,EIGHT,NA,unclassified,2
2020,gp_ward,EIGHT PASS,NA,unclassified,1
2020,gp_ward,EIGHT STANDARD,NA,unclassified,2
2020,gp_ward,EIGHTH,0,recognized qualification,2
2020,gp_ward,EIGHTH STANDARD,0,recognized qualification,3
2020,gp_ward,EIGHTSTANDARD,NA,unclassified,1
2020,gp_ward,EIGTH STANDARD,NA,unclassified,1
2020,gp_ward,ELECTRIC DIPLOMA,0,recognized qualification,1
2020,gp_ward,ELECTRICAL ENGINEERING,NA,unclassified,1
2020,gp_ward,ELECTRICAL ENGINEERING DIPLOMA,0,recognized qualification,1
2020,gp_ward,ELECTRONICS & TELECOMMUNICATION DIPLOMA,0,recognized qualification,1
2020,gp_ward,FIFTH,0,recognized qualification,1
2020,gp_ward,FIFTH CLASS,0,recognized qualification,4
2020,gp_ward,FIFTH PASS,0,recognized qualification,1
2020,gp_ward,FIFTH STANDARD,0,recognized qualification,1
2020,gp_ward,FIFTH STD,0,recognized qualification,1
2020,gp_ward,FIRE AND SAFETY ENGINEERING,NA,unclassified,1
2020,gp_ward,FISHERMAN,NA,unclassified,1
2020,gp_ward,FOUR,NA,unclassified,2
2020,gp_ward,FOURTH STANDARD,0,recognized qualification,1
2020,gp_ward,G N M & LAB TECHINICIAN,NA,unclassified,1
2020,gp_ward,G N M NURSE,NA,unclassified,1
2020,gp_ward,GEGREE,NA,unclassified,1
2020,gp_ward,GENERAL NURSE,NA,unclassified,2
2020,gp_ward,GENERAL NURSING,NA,unclassified,5
2020,gp_ward,GENERAL NURSING & MIDWIFERY,NA,unclassified,1
2020,gp_ward,GENERAL NURSING AND MIDWIFARY,NA,unclassified,1
2020,gp_ward,GENERAL NURSING AND MIDWIFERY,NA,unclassified,2
2020,gp_ward,GNM,NA,unclassified,6
2020,gp_ward,GNM DIPLOMA,0,recognized qualification,1
2020,gp_ward,GNM NURSING,NA,unclassified,1
2020,gp_ward,GRADUATE,1,recognized qualification,7
2020,gp_ward,"GRADUATE IN HINDI WITH B.ED,",1,recognized qualification,1
2020,gp_ward,GRADUATION,1,recognized qualification,16
2020,gp_ward,HDC,NA,unclassified,1
2020,gp_ward,"HDC&BM, PGDCA",NA,unclassified,1
2020,gp_ward,HEALTH AND SANITARY INSPECTOR DIPLOMA,0,recognized qualification,1
2020,gp_ward,HIGER SECONDARY,NA,unclassified,1
2020,gp_ward,HIGH SCHOOL,0,recognized qualification,5
2020,gp_ward,HIGHER SECONDARY,0,recognized qualification,133
2020,gp_ward,HIGHER SECONDARY(PLUS TWO),0,recognized qualification,1
2020,gp_ward,"HIGHER SECONDARY,",0,recognized qualification,1
2020,gp_ward,"HIGHER SECONDARY, JDC",0,recognized qualification,1
2020,gp_ward,"HIGHER SECONDARY, TALLY, COMPUTER NETWORKING",0,recognized qualification,1
2020,gp_ward,HIGHER SECONDERY,NA,unclassified,3
2020,gp_ward,HINDHI BED,1,recognized qualification,1
2020,gp_ward,"HINDI B.ED, COMPUTER T.T.C",1,recognized qualification,1
2020,gp_ward,HINDI M.A,1,recognized qualification,1
2020,gp_ward,HINDI PRAVEEN,NA,unclassified,1
2020,gp_ward,HINDI SAHITHYACHARYA,NA,unclassified,1
2020,gp_ward,HINDI TTC,0,recognized qualification,1
2020,gp_ward,HINDI VIDHWAN,NA,unclassified,1
2020,gp_ward,"HINDI VIDVAN, BA",1,recognized qualification,1
2020,gp_ward,HINDI VIDWAN,NA,unclassified,1
2020,gp_ward,HISTORY,NA,unclassified,1
2020,gp_ward,HOME SCIENCE DIPLOMA,0,recognized qualification,1
2020,gp_ward,HOSPITALITY MANAGEMENT,NA,unclassified,1
2020,gp_ward,HSC(+2),0,recognized qualification,1
2020,gp_ward,"HSC, TTC",0,recognized qualification,1
2020,gp_ward,HSE,NA,unclassified,3
2020,gp_ward,I T C,NA,unclassified,3
2020,gp_ward,I T I,NA,unclassified,4
2020,gp_ward,I TC,NA,unclassified,1
2020,gp_ward,I.T.C,0,recognized qualification,3
2020,gp_ward,I.T.C.,0,recognized qualification,1
2020,gp_ward,I.T.I,0,recognized qualification,7
2020,gp_ward,I.T.I DIPLOMA,0,recognized qualification,1
2020,gp_ward,I.T.I.,0,recognized qualification,4
2020,gp_ward,II PUC,0,recognized qualification,1
2020,gp_ward,III,NA,unclassified,1
2020,gp_ward,IIND STANDARD,NA,unclassified,1
2020,gp_ward,INTERMEDIATE,NA,unclassified,1
2020,gp_ward,INTERMEDIATE (+2),NA,unclassified,1
2020,gp_ward,IT,NA,unclassified,1
2020,gp_ward,ITC,0,recognized qualification,20
2020,gp_ward,ITC - CIVIL,0,recognized qualification,1
2020,gp_ward,ITC DRAFTMAN CIVIL,0,recognized qualification,1
2020,gp_ward,ITC(CIVIL),0,recognized qualification,1
2020,gp_ward,ITI,0,recognized qualification,90
2020,gp_ward,ITI ( INTERIAL DESIGN AND DECORATION),0,recognized qualification,1
2020,gp_ward,ITI (FITTER),0,recognized qualification,1
2020,gp_ward,"ITI ,GRADUATE",1,recognized qualification,1
2020,gp_ward,ITI CIVIL,0,recognized qualification,2
2020,gp_ward,ITI CIVIL ENGINEER,0,recognized qualification,2
2020,gp_ward,ITI COMPUTER,0,recognized qualification,1
2020,gp_ward,ITI DIPLOMA,0,recognized qualification,1
2020,gp_ward,ITI DIPLOMA(WELDER),0,recognized qualification,1
2020,gp_ward,ITI ELECTRICAL,0,recognized qualification,1
2020,gp_ward,ITI ELECTRONICS,0,recognized qualification,1
2020,gp_ward,ITI PLUS TWO,0,recognized qualification,1
2020,gp_ward,"ITI WIREMAN, BA ENGLISH",1,recognized qualification,1
2020,gp_ward,ITI(MVRTV),0,recognized qualification,1
2020,gp_ward,ITI(STENOGRAPHY),0,recognized qualification,1
2020,gp_ward,"ITI, DIPLOMA",0,recognized qualification,1
2020,gp_ward,"ITI, JDC",0,recognized qualification,1
2020,gp_ward,"ITI, VHSE",0,recognized qualification,1
2020,gp_ward,"ITI,DCA",0,recognized qualification,1
2020,gp_ward,"ITI,DIPLOMA",0,recognized qualification,1
2020,gp_ward,"ITI,ELECTRICAL ENGINEERING",0,recognized qualification,1
2020,gp_ward,"ITI,PDC",0,recognized qualification,1
2020,gp_ward,"ITI,PLUS TWO",0,recognized qualification,1
2020,gp_ward,IV,0,recognized qualification,1
2020,gp_ward,IX,0,recognized qualification,28
2020,gp_ward,IX CLASS,0,recognized qualification,1
2020,gp_ward,IX STANDARD,0,recognized qualification,3
2020,gp_ward,IX STD,0,recognized qualification,2
2020,gp_ward,IX TH,0,recognized qualification,5
2020,gp_ward,IX TH STANDARED,0,recognized qualification,1
2020,gp_ward,IXTH CLASS,NA,unclassified,1
2020,gp_ward,IXTH STANDARD,NA,unclassified,1
2020,gp_ward,IXTH STD,NA,unclassified,1
2020,gp_ward,J D C,NA,unclassified,2
2020,gp_ward,"J T S L C , ITI",0,recognized qualification,1
2020,gp_ward,J. D. C,NA,unclassified,1
2020,gp_ward,J.D.C,NA,unclassified,1
2020,gp_ward,J.O.C,NA,unclassified,1
2020,gp_ward,JDC,NA,unclassified,9
2020,gp_ward,"JDC, REFRIGERATION AND AIR CONDITIONING (C.D.T.P)",NA,unclassified,1
2020,gp_ward,JTSLC,NA,unclassified,2
2020,gp_ward,JUNIOR DIPLOMA IN CO-OPERATION,0,recognized qualification,1
2020,gp_ward,JUNIOR DIPLOMA IN COOPERATION,0,recognized qualification,2
2020,gp_ward,JUNIOR DIPLOMA IN CORPORATION,0,recognized qualification,1
2020,gp_ward,JUNIOR TECHNICAL SCHOOL LEAVING CERTIFICATE,NA,unclassified,2
2020,gp_ward,KG CE,NA,unclassified,1
2020,gp_ward,KGCG,NA,unclassified,1
2020,gp_ward,KGTA,NA,unclassified,1
2020,gp_ward,L L B,1,recognized qualification,1
2020,gp_ward,L.L.B,1,recognized qualification,4
2020,gp_ward,LAB TECHNICIAN COURSE,NA,unclassified,1
2020,gp_ward,LLB,1,recognized qualification,20
2020,gp_ward,"LLB, LLM",1,recognized qualification,1
2020,gp_ward,LP,NA,unclassified,1
2020,gp_ward,LTTC,NA,unclassified,2
2020,gp_ward,M A,1,recognized qualification,8
2020,gp_ward,M A ( MALAYALAM ),1,recognized qualification,1
2020,gp_ward,"M A (ECONOMICS), B.ED (SOCIAL SCIENCE)",1,recognized qualification,1
2020,gp_ward,"M A , B ED",1,recognized qualification,1
2020,gp_ward,"M A , B-ED",1,recognized qualification,1
2020,gp_ward,"M A , B.ED",1,recognized qualification,1
2020,gp_ward,"M A , BED",1,recognized qualification,2
2020,gp_ward,"M A ,B.ED",1,recognized qualification,2
2020,gp_ward,M A B ED,1,recognized qualification,1
2020,gp_ward,M A B.ED,1,recognized qualification,2
2020,gp_ward,M A BED,1,recognized qualification,3
2020,gp_ward,M A ECONOMICS,1,recognized qualification,2
2020,gp_ward,M A ENGLISH,1,recognized qualification,1
2020,gp_ward,M A HISTORY,1,recognized qualification,1
2020,gp_ward,M A PSYCHOLOGY,1,recognized qualification,1
2020,gp_ward,M A SANSKRIT,1,recognized qualification,1
2020,gp_ward,M A SOCIOLOGY,1,recognized qualification,1
2020,gp_ward,"M A, B ED",1,recognized qualification,2
2020,gp_ward,"M A, BED",1,recognized qualification,1
2020,gp_ward,"M A, L L B, D J",1,recognized qualification,1
2020,gp_ward,"M A, NTTC",1,recognized qualification,1
2020,gp_ward,"M A,B.ED",1,recognized qualification,1
2020,gp_ward,M B A,1,recognized qualification,1
2020,gp_ward,M COM,1,recognized qualification,8
2020,gp_ward,M COM & BED,1,recognized qualification,1
2020,gp_ward,M COM.,1,recognized qualification,1
2020,gp_ward,M E,NA,unclassified,1
2020,gp_ward,M SC,1,recognized qualification,1
2020,gp_ward,"M SC ZOOLOGY, B ED - NATURAL SCIENCE",1,recognized qualification,1
2020,gp_ward,M TECH,1,recognized qualification,2
2020,gp_ward,"M. A, B.ED",1,recognized qualification,1
2020,gp_ward,M. COM,1,recognized qualification,2
2020,gp_ward,M.A,1,recognized qualification,21
2020,gp_ward,M.A (ARABIC),1,recognized qualification,1
2020,gp_ward,"M.A , B -ED",1,recognized qualification,1
2020,gp_ward,"M.A , B.ED , SET",1,recognized qualification,1
2020,gp_ward,"M.A , PGDCA",1,recognized qualification,1
2020,gp_ward,M.A ARABIC,1,recognized qualification,3
2020,gp_ward,"M.A ARABIC, M.A ENGLISH, B.ED, SET",1,recognized qualification,1
2020,gp_ward,M.A BED,1,recognized qualification,1
2020,gp_ward,M.A ECNOMICS,1,recognized qualification,1
2020,gp_ward,"M.A ENGLISH, NET",1,recognized qualification,1
2020,gp_ward,M.A H D C,1,recognized qualification,1
2020,gp_ward,M.A POLITICAL SCIENCE,1,recognized qualification,1
2020,gp_ward,"M.A, B.ED",1,recognized qualification,4
2020,gp_ward,"M.A, M.ED",1,recognized qualification,1
2020,gp_ward,"M.A, M.SC, B.ED",1,recognized qualification,1
2020,gp_ward,"M.A,B.ED",1,recognized qualification,3
2020,gp_ward,"M.A,B.ED,SET",1,recognized qualification,1
2020,gp_ward,"M.A,M.PHIL,BED",1,recognized qualification,1
2020,gp_ward,"M.A,MED,LLB",1,recognized qualification,1
2020,gp_ward,M.A- B.ED,1,recognized qualification,1
2020,gp_ward,M.A. ECONOMICS,1,recognized qualification,1
2020,gp_ward,M.A. HISTORY,1,recognized qualification,1
2020,gp_ward,M.A. JDC,1,recognized qualification,1
2020,gp_ward,M.A. PUBLIC ADMINISTRATION,1,recognized qualification,1
2020,gp_ward,"M.A., HDC",1,recognized qualification,1
2020,gp_ward,"M.A., M PHIL, PH D",1,recognized qualification,1
2020,gp_ward,"M.A.B.ED, M.B.A, MPHIL (DOING)",1,recognized qualification,1
2020,gp_ward,M.A.ECONOMICS,NA,unclassified,1
2020,gp_ward,M.B.A,1,recognized qualification,1
2020,gp_ward,"M.B.A, L.L.B",1,recognized qualification,1
2020,gp_ward,"M.B.A, M.PHIL",1,recognized qualification,1
2020,gp_ward,M.C.J,NA,unclassified,1
2020,gp_ward,M.COM,1,recognized qualification,28
2020,gp_ward,"M.COM , B.ED",1,recognized qualification,1
2020,gp_ward,M.COM B.ED,1,recognized qualification,1
2020,gp_ward,M.COM WITH PGDCA,1,recognized qualification,1
2020,gp_ward,"M.COM, B.ED",1,recognized qualification,2
2020,gp_ward,"M.COM, BED, SET",1,recognized qualification,1
2020,gp_ward,"M.COM, H D C",1,recognized qualification,1
2020,gp_ward,"M.COM,B ED,SET",1,recognized qualification,1
2020,gp_ward,"M.COM,B.ED",1,recognized qualification,3
2020,gp_ward,"M.COM,MBA",1,recognized qualification,1
2020,gp_ward,"M.COM.BED,SET,NET",NA,unclassified,1
2020,gp_ward,"M.L.I.SC,DOING PHD",1,recognized qualification,1
2020,gp_ward,M.PHIL,NA,unclassified,4
2020,gp_ward,M.S.W,1,recognized qualification,1
2020,gp_ward,M.SC,1,recognized qualification,4
2020,gp_ward,M.SC B.ED,1,recognized qualification,1
2020,gp_ward,M.SC B.ED SET,1,recognized qualification,1
2020,gp_ward,M.SC PHYSICS,1,recognized qualification,2
2020,gp_ward,"M.SC, B.ED",1,recognized qualification,6
2020,gp_ward,"M.SC,BED",1,recognized qualification,1
2020,gp_ward,M.SC. OR&CA,1,recognized qualification,1
2020,gp_ward,M.SC.COMPUTER SCIENCE,NA,unclassified,1
2020,gp_ward,M.TECH,1,recognized qualification,2
2020,gp_ward,MA,1,recognized qualification,35
2020,gp_ward,MA (ECONOMICS),1,recognized qualification,1
2020,gp_ward,"MA (ECONOMICS), M.ED. NET",1,recognized qualification,1
2020,gp_ward,"MA (SOCIOLOGY), B.ED",1,recognized qualification,1
2020,gp_ward,"MA , B ED",1,recognized qualification,1
2020,gp_ward,"MA , B.ED",1,recognized qualification,1
2020,gp_ward,"MA , BED",1,recognized qualification,3
2020,gp_ward,"MA , BED , SET",1,recognized qualification,1
2020,gp_ward,"MA , LLB",1,recognized qualification,2
2020,gp_ward,"MA , MED",1,recognized qualification,1
2020,gp_ward,"MA ,LLB",1,recognized qualification,1
2020,gp_ward,MA - B ED,1,recognized qualification,2
2020,gp_ward,MA - B.ED,1,recognized qualification,1
2020,gp_ward,MA ARABIC,1,recognized qualification,2
2020,gp_ward,MA B ED,1,recognized qualification,2
2020,gp_ward,MA B.ED,1,recognized qualification,6
2020,gp_ward,"MA B.ED, SET",1,recognized qualification,1
2020,gp_ward,MA BED,1,recognized qualification,10
2020,gp_ward,MA BED SET,1,recognized qualification,1
2020,gp_ward,MA BED( MALAYALAM),1,recognized qualification,1
2020,gp_ward,"MA ECO, MED SOCIAL SCIENCE",1,recognized qualification,1
2020,gp_ward,MA ECONOMICS,1,recognized qualification,2
2020,gp_ward,MA ENGLISH,1,recognized qualification,4
2020,gp_ward,MA ENGLISH LITERATURE,1,recognized qualification,1
2020,gp_ward,"MA ENGLISH, BED",1,recognized qualification,1
2020,gp_ward,"MA ENGLISH, MA HISTORY",1,recognized qualification,1
2020,gp_ward,MA HINDI,1,recognized qualification,2
2020,gp_ward,MA LLB,1,recognized qualification,2
2020,gp_ward,MA MALAYALAM,1,recognized qualification,1
2020,gp_ward,"MA MALAYALAM, BED",1,recognized qualification,1
2020,gp_ward,MA SOCIOLOGY,1,recognized qualification,2
2020,gp_ward,"MA(RD), BED-PGDSRD",1,recognized qualification,1
2020,gp_ward,"MA, B ED",1,recognized qualification,2
2020,gp_ward,"MA, B.ED",1,recognized qualification,15
2020,gp_ward,"MA, B.ED IN ENGLISH",1,recognized qualification,1
2020,gp_ward,"MA, BED",1,recognized qualification,10
2020,gp_ward,"MA, BED & SET",1,recognized qualification,1
2020,gp_ward,"MA, BED, LLB",1,recognized qualification,1
2020,gp_ward,"MA, BED, MPHIL",1,recognized qualification,1
2020,gp_ward,"MA, BED, PGDIPLOMA IN ELT",1,recognized qualification,1
2020,gp_ward,"MA, BED, SET",1,recognized qualification,1
2020,gp_ward,"MA, BED.",1,recognized qualification,1
2020,gp_ward,"MA, LLB",1,recognized qualification,1
2020,gp_ward,"MA, M ED",1,recognized qualification,2
2020,gp_ward,"MA, M.PHIL",1,recognized qualification,1
2020,gp_ward,"MA, M.PHIL, NET(UGC)",1,recognized qualification,1
2020,gp_ward,"MA, MPHIL",1,recognized qualification,1
2020,gp_ward,"MA, PGDCA",1,recognized qualification,1
2020,gp_ward,"MA, PHD",1,recognized qualification,1
2020,gp_ward,"MA, T.T.C",1,recognized qualification,1
2020,gp_ward,"MA, TTC",1,recognized qualification,1
2020,gp_ward,"MA,B-ED",1,recognized qualification,1
2020,gp_ward,"MA,B.ED",1,recognized qualification,1
2020,gp_ward,"MA,B.ED,SET,BLISC",1,recognized qualification,1
2020,gp_ward,"MA,BED",1,recognized qualification,6
2020,gp_ward,"MA,BED,SET",1,recognized qualification,2
2020,gp_ward,"MA,LLB",1,recognized qualification,1
2020,gp_ward,"MA,LLB DOING",1,recognized qualification,1
2020,gp_ward,"MA,LLB,B ED,PGDJ",1,recognized qualification,1
2020,gp_ward,"MA,M.ED",1,recognized qualification,1
2020,gp_ward,"MA,MPHIL,PHD",1,recognized qualification,1
2020,gp_ward,MA-B ED,1,recognized qualification,1
2020,gp_ward,MA-BED- SET,1,recognized qualification,1
2020,gp_ward,MA. B ED,1,recognized qualification,1
2020,gp_ward,MA. BED,1,recognized qualification,1
2020,gp_ward,MA. BED LLB,1,recognized qualification,1
2020,gp_ward,MA. LLB,1,recognized qualification,1
2020,gp_ward,MA. SOCIOLOGY,1,recognized qualification,1
2020,gp_ward,MA.BED,NA,unclassified,1
2020,gp_ward,MA.BED (HISTORY),NA,unclassified,1
2020,gp_ward,"MA.BED,SET",NA,unclassified,2
2020,gp_ward,MARINE OFFICER COURSE,NA,unclassified,1
2020,gp_ward,MASTER OF BUSINESS ADMINISTRATION(MBA),1,recognized qualification,1
2020,gp_ward,MASTER OF INFORMATION TECHOLOGY,NA,unclassified,1
2020,gp_ward,MASTER OF INTERNATIONAL BUSINESS,NA,unclassified,1
2020,gp_ward,MASTER OF LAW,NA,unclassified,1
2020,gp_ward,MASTER OF PHYSICAL EDUCATION,NA,unclassified,1
2020,gp_ward,MASTER OF SOCIAL WORK,NA,unclassified,1
2020,gp_ward,MASTER OF SOCIAL WORKER,NA,unclassified,1
2020,gp_ward,MASTER OF TOURISM ADMINISTRATION,NA,unclassified,1
2020,gp_ward,MASTERS IN ARTS,NA,unclassified,1
2020,gp_ward,MASTERS OF SOCIAL WORK,NA,unclassified,1
2020,gp_ward,MATRICULATION,NA,unclassified,4
2020,gp_ward,MBA,1,recognized qualification,23
2020,gp_ward,MBA (INFORMATION TECHNOLOGY),1,recognized qualification,1
2020,gp_ward,MBA FINANCE,1,recognized qualification,2
2020,gp_ward,MBA HUMAN RESOUSE & FINANCE,1,recognized qualification,1
2020,gp_ward,MBA LOGISTICS & SCM,1,recognized qualification,1
2020,gp_ward,"MBA, FIII",1,recognized qualification,1
2020,gp_ward,"MBA, MHA",1,recognized qualification,1
2020,gp_ward,"MBA,M.COM",1,recognized qualification,1
2020,gp_ward,MBA- FINANCE,1,recognized qualification,1
2020,gp_ward,MCA,1,recognized qualification,8
2020,gp_ward,MCJ,NA,unclassified,3
2020,gp_ward,MCOM,1,recognized qualification,6
2020,gp_ward,"MCOM , BED, SET",1,recognized qualification,1
2020,gp_ward,MCOM FINANCE,1,recognized qualification,2
2020,gp_ward,MCOM MED,1,recognized qualification,1
2020,gp_ward,MCOM+NET,1,recognized qualification,1
2020,gp_ward,"MCOM, ITI",1,recognized qualification,1
2020,gp_ward,"MCOM, LLB",1,recognized qualification,1
2020,gp_ward,"MCOM, PGDT, CA INTEL",1,recognized qualification,1
2020,gp_ward,"MCOM,B.ED.",1,recognized qualification,1
2020,gp_ward,MECHANICAL ENGINEER,NA,unclassified,1
2020,gp_ward,MECHANICAL ENGINEERING,NA,unclassified,1
2020,gp_ward,MEDICAL LAB TECHNICIAN,NA,unclassified,1
2020,gp_ward,MLT,NA,unclassified,1
2020,gp_ward,MODERN MONTESSORI INTERNATIONAL,NA,unclassified,1
2020,gp_ward,MONTISSORY T T C,0,recognized qualification,1
2020,gp_ward,MPED,NA,unclassified,2
2020,gp_ward,MSC,1,recognized qualification,4
2020,gp_ward,"MSC , BED",1,recognized qualification,2
2020,gp_ward,"MSC , MPHIL",1,recognized qualification,1
2020,gp_ward,"MSC ,B-ED",1,recognized qualification,1
2020,gp_ward,MSC APPLIED PSYCOLOGY,1,recognized qualification,1
2020,gp_ward,MSC B-ED,1,recognized qualification,1
2020,gp_ward,MSC BED,1,recognized qualification,5
2020,gp_ward,MSC BED(MATHEMATICS),1,recognized qualification,1
2020,gp_ward,"MSC BIO TECHNOLOGY,M.TECH NANOMEDICAL SCIENCE",1,recognized qualification,1
2020,gp_ward,MSC CHEMISTRY,1,recognized qualification,2
2020,gp_ward,"MSC CHEMISTRY,BED",1,recognized qualification,1
2020,gp_ward,MSC COMPUTER SCIENCE,1,recognized qualification,3
2020,gp_ward,MSC EARTHSCIENCE,1,recognized qualification,1
2020,gp_ward,MSC GEOLOGY,1,recognized qualification,1
2020,gp_ward,MSC LLB,1,recognized qualification,1
2020,gp_ward,MSC MATHEMATICS,1,recognized qualification,3
2020,gp_ward,MSC MATHS,1,recognized qualification,1
2020,gp_ward,MSC PHYSICS,1,recognized qualification,3
2020,gp_ward,MSC STATISTICS,1,recognized qualification,1
2020,gp_ward,"MSC, B-ED",1,recognized qualification,1
2020,gp_ward,"MSC, B.ED",1,recognized qualification,1
2020,gp_ward,"MSC, B.ED, SET",1,recognized qualification,1
2020,gp_ward,"MSC, BED",1,recognized qualification,1
2020,gp_ward,"MSC, MTECH",1,recognized qualification,1
2020,gp_ward,"MSC,B-ED",1,recognized qualification,1
2020,gp_ward,"MSC,BED",1,recognized qualification,2
2020,gp_ward,"MSC,LLB",1,recognized qualification,1
2020,gp_ward,"MSC,M.ED",1,recognized qualification,1
2020,gp_ward,MSW,1,recognized qualification,12
2020,gp_ward,"MSW (HR), LLB",1,recognized qualification,1
2020,gp_ward,"MSW, M PHIL",1,recognized qualification,1
2020,gp_ward,MTECH,1,recognized qualification,1
2020,gp_ward,MTTC,NA,unclassified,1
2020,gp_ward,N.T.T.C,NA,unclassified,2
2020,gp_ward,NET WORKING,NA,unclassified,1
2020,gp_ward,NIL,NA,missing or unspecified,3
2020,gp_ward,NINE,NA,unclassified,2
2020,gp_ward,NINE STANDARD,NA,unclassified,1
2020,gp_ward,NINE TH,NA,unclassified,1
2020,gp_ward,NINETH,0,recognized qualification,6
2020,gp_ward,NINETH CLASS,0,recognized qualification,2
2020,gp_ward,NINETH STANDARD,0,recognized qualification,4
2020,gp_ward,NINETH STD.,0,recognized qualification,1
2020,gp_ward,NINTH,0,recognized qualification,4
2020,gp_ward,NINTH STANDARD,0,recognized qualification,2
2020,gp_ward,NTTC,NA,unclassified,4
2020,gp_ward,NURSE,NA,unclassified,1
2020,gp_ward,NURSING,NA,unclassified,7
2020,gp_ward,NURSING (ANM),NA,unclassified,1
2020,gp_ward,NUSRSING,NA,unclassified,1
2020,gp_ward,OTHERS,NA,missing or unspecified,3
2020,gp_ward,P D C,0,recognized qualification,79
2020,gp_ward,"P D C, ITI",0,recognized qualification,2
2020,gp_ward,"P D C, T T C",0,recognized qualification,1
2020,gp_ward,"P D C,T T C",0,recognized qualification,1
2020,gp_ward,"P D C,TEACHERS TRAINING CERTIFICATE",0,recognized qualification,1
2020,gp_ward,P G,NA,unclassified,1
2020,gp_ward,P P T T C,0,recognized qualification,2
2020,gp_ward,P P TTC,0,recognized qualification,1
2020,gp_ward,P. D. C,0,recognized qualification,3
2020,gp_ward,P. D.C,NA,unclassified,4
2020,gp_ward,"P. D.C - LAB TECHNICIAN, TAILORING",NA,unclassified,1
2020,gp_ward,P.D.C,0,recognized qualification,107
2020,gp_ward,P.D.C & J.D.C,0,recognized qualification,1
2020,gp_ward,"P.D.C , T.T.C",0,recognized qualification,1
2020,gp_ward,P.D.C PASS,0,recognized qualification,1
2020,gp_ward,"P.D.C, I.T.I",0,recognized qualification,2
2020,gp_ward,"P.D.C, ITI",0,recognized qualification,1
2020,gp_ward,"P.D.C, P.P.T.T.C",0,recognized qualification,1
2020,gp_ward,"P.D.C, T.T.C",0,recognized qualification,1
2020,gp_ward,"P.D.C,P.P.T.T.C",0,recognized qualification,1
2020,gp_ward,P.D.C.,0,recognized qualification,8
2020,gp_ward,"P.G,HDC",NA,unclassified,1
2020,gp_ward,P.P TTC,0,recognized qualification,1
2020,gp_ward,P.P.T.T.C,NA,unclassified,1
2020,gp_ward,PDC,0,recognized qualification,862
2020,gp_ward,PDC & GDC,0,recognized qualification,1
2020,gp_ward,PDC & ITI,0,recognized qualification,1
2020,gp_ward,PDC & JDC,0,recognized qualification,1
2020,gp_ward,PDC (KGSTA),0,recognized qualification,1
2020,gp_ward,"PDC , ANM",0,recognized qualification,1
2020,gp_ward,"PDC , ELECTRONICS DIPLOMA",0,recognized qualification,1
2020,gp_ward,"PDC , ITI",0,recognized qualification,1
2020,gp_ward,"PDC ,CTTC",0,recognized qualification,1
2020,gp_ward,"PDC ,NURSING",0,recognized qualification,1
2020,gp_ward,"PDC ,TTC",0,recognized qualification,1
2020,gp_ward,PDC - TTC,0,recognized qualification,1
2020,gp_ward,PDC COURSE COMPLETED,0,recognized qualification,1
2020,gp_ward,PDC FAILED,0,recognized qualification,1
2020,gp_ward,"PDC FAILED, NURSING",0,recognized qualification,1
2020,gp_ward,"PDC FDGT, MLT",0,recognized qualification,1
2020,gp_ward,PDC HINDI VIDWAN,0,recognized qualification,1
2020,gp_ward,PDC ITA,0,recognized qualification,1
2020,gp_ward,PDC ITC,0,recognized qualification,1
2020,gp_ward,PDC ITI,0,recognized qualification,3
2020,gp_ward,PDC JDC,0,recognized qualification,1
2020,gp_ward,PDC MLT,0,recognized qualification,1
2020,gp_ward,PDC NTTC,0,recognized qualification,1
2020,gp_ward,PDC PASSED,0,recognized qualification,1
2020,gp_ward,PDC TTC,0,recognized qualification,1
2020,gp_ward,PDC WITH ELECTRICAN,0,recognized qualification,1
2020,gp_ward,PDC WITH HEALTH INSPECTORS DEPLOMA,0,recognized qualification,1
2020,gp_ward,PDC WITH ITI MMV,0,recognized qualification,1
2020,gp_ward,PDC(B.A),1,recognized qualification,1
2020,gp_ward,PDC+GENERAL NURSING,0,recognized qualification,1
2020,gp_ward,PDC+MULTI PURPOSE HEALTH WORKERS COURSE,0,recognized qualification,1
2020,gp_ward,"PDC,",0,recognized qualification,1
2020,gp_ward,"PDC, 'O' LEVEL",0,recognized qualification,1
2020,gp_ward,"PDC, B.COM",1,recognized qualification,1
2020,gp_ward,"PDC, BA COURSE COMPLETED",NA,unclassified,1
2020,gp_ward,"PDC, CIVIL ENGINEER",0,recognized qualification,1
2020,gp_ward,"PDC, COURSE COMPLETED",0,recognized qualification,1
2020,gp_ward,"PDC, DILPOMA IN ENGINEERING COMMUNICATION",0,recognized qualification,1
2020,gp_ward,"PDC, DIPLOMA",0,recognized qualification,3
2020,gp_ward,"PDC, FINE ARTS DIPLOMA",0,recognized qualification,1
2020,gp_ward,"PDC, GENERAL NURSING",0,recognized qualification,1
2020,gp_ward,"PDC, HOTEL MANAGEMENT",0,recognized qualification,1
2020,gp_ward,"PDC, ITC",0,recognized qualification,3
2020,gp_ward,"PDC, ITI",0,recognized qualification,10
2020,gp_ward,"PDC, ITI ELECTRONICS",0,recognized qualification,1
2020,gp_ward,"PDC, JDC",0,recognized qualification,3
2020,gp_ward,"PDC, LTTC",0,recognized qualification,1
2020,gp_ward,"PDC, NAC",0,recognized qualification,1
2020,gp_ward,"PDC, PPTTC",0,recognized qualification,1
2020,gp_ward,"PDC, T T C",0,recognized qualification,1
2020,gp_ward,"PDC, TTC",0,recognized qualification,12
2020,gp_ward,"PDC, TTC, KSR",0,recognized qualification,1
2020,gp_ward,"PDC,DCA",0,recognized qualification,1
2020,gp_ward,"PDC,DCA,DTP",0,recognized qualification,1
2020,gp_ward,"PDC,GNM",0,recognized qualification,1
2020,gp_ward,"PDC,GRAFTSMAN CIVIL",0,recognized qualification,1
2020,gp_ward,"PDC,HIC",0,recognized qualification,1
2020,gp_ward,"PDC,HINDHI PRAVEEN",0,recognized qualification,1
2020,gp_ward,"PDC,ITC SURVEYOR",0,recognized qualification,1
2020,gp_ward,"PDC,ITI",0,recognized qualification,5
2020,gp_ward,"PDC,JDC",0,recognized qualification,1
2020,gp_ward,"PDC,NURSING",0,recognized qualification,1
2020,gp_ward,"PDC,TTC",0,recognized qualification,4
2020,gp_ward,PDC- ITI,0,recognized qualification,1
2020,gp_ward,PDC-DIPLOMA,0,recognized qualification,1
2020,gp_ward,PDC.ITI,NA,unclassified,1
2020,gp_ward,PDC/PHN,0,recognized qualification,1
2020,gp_ward,PDC/TTC,0,recognized qualification,1
2020,gp_ward,PEDIGREE,NA,unclassified,1
2020,gp_ward,PEDIGREE FAILED,NA,unclassified,1
2020,gp_ward,PG,NA,unclassified,8
2020,gp_ward,"PG , BED , SET",1,recognized qualification,1
2020,gp_ward,PG DIPLOMA IN JOURNALISAM,NA,unclassified,1
2020,gp_ward,PG DIPLOMA IN JOURNALISM,NA,unclassified,1
2020,gp_ward,PG IN JOURNALISM,NA,unclassified,1
2020,gp_ward,PG URDU,NA,unclassified,1
2020,gp_ward,"PG, B.ED",1,recognized qualification,2
2020,gp_ward,PGDCA,NA,unclassified,4
2020,gp_ward,PH D SCHOLAR,NA,unclassified,1
2020,gp_ward,PHARM D,NA,unclassified,1
2020,gp_ward,PHARMACIST,NA,unclassified,1
2020,gp_ward,PHARMACY,NA,unclassified,2
2020,gp_ward,PHARMACY & NURSING,NA,unclassified,1
2020,gp_ward,PHD IN ZOOLOGY,1,recognized qualification,1
2020,gp_ward,PHYSICAL EDUCATION (CPED),NA,unclassified,1
2020,gp_ward,PLU TWO,NA,unclassified,3
2020,gp_ward,PLUES TWO,NA,unclassified,1
2020,gp_ward,PLUS 2,0,recognized qualification,47
2020,gp_ward,"PLUS 2, HOTEL MANAGEMENT",0,recognized qualification,1
2020,gp_ward,"PLUS 2, ITI",0,recognized qualification,2
2020,gp_ward,"PLUS 2, TTC",0,recognized qualification,1
2020,gp_ward,"PLUS 2,TTC",0,recognized qualification,1
2020,gp_ward,PLUS ONE,0,recognized qualification,3
2020,gp_ward,PLUS TWO,0,recognized qualification,742
2020,gp_ward,PLUS TWO & DIPLOMA,0,recognized qualification,1
2020,gp_ward,PLUS TWO (SCIENCE),0,recognized qualification,1
2020,gp_ward,PLUS TWO + ITI,0,recognized qualification,1
2020,gp_ward,"PLUS TWO , ITC (DRAFTSMAN)",0,recognized qualification,1
2020,gp_ward,"PLUS TWO , J D C",0,recognized qualification,1
2020,gp_ward,"PLUS TWO , KGT",0,recognized qualification,1
2020,gp_ward,"PLUS TWO , NTTC",0,recognized qualification,1
2020,gp_ward,"PLUS TWO ,COMPUTER DIPLOMA",0,recognized qualification,1
2020,gp_ward,"PLUS TWO ,DIPLOMA",0,recognized qualification,1
2020,gp_ward,"PLUS TWO ,ITI",0,recognized qualification,1
2020,gp_ward,"PLUS TWO ,TTC",0,recognized qualification,1
2020,gp_ward,PLUS TWO / DIPLOMA,0,recognized qualification,1
2020,gp_ward,PLUS TWO AND D ED,0,recognized qualification,1
2020,gp_ward,PLUS TWO I T I,0,recognized qualification,1
2020,gp_ward,PLUS TWO ITI,0,recognized qualification,1
2020,gp_ward,"PLUS TWO JDC, K.G.T.E HIGHER",0,recognized qualification,1
2020,gp_ward,PLUS TWO PPTTC,0,recognized qualification,1
2020,gp_ward,PLUS TWO TTC,0,recognized qualification,2
2020,gp_ward,PLUS TWO(VHSE),0,recognized qualification,1
2020,gp_ward,"PLUS TWO,",0,recognized qualification,1
2020,gp_ward,"PLUS TWO, AYURVEDA PHARMACIST COURSE",0,recognized qualification,1
2020,gp_ward,"PLUS TWO, CA IPCC",0,recognized qualification,1
2020,gp_ward,"PLUS TWO, DCA",0,recognized qualification,1
2020,gp_ward,"PLUS TWO, DCH, PPTC",0,recognized qualification,1
2020,gp_ward,"PLUS TWO, DIPLOMA",0,recognized qualification,1
2020,gp_ward,"PLUS TWO, DIPLOMA IN FASHION DESIGN",0,recognized qualification,1
2020,gp_ward,"PLUS TWO, DIPLOMA IN FASHION DESIGNING",0,recognized qualification,1
2020,gp_ward,"PLUS TWO, DIPLOMA PHARMACY",0,recognized qualification,1
2020,gp_ward,"PLUS TWO, DMLT",0,recognized qualification,1
2020,gp_ward,"PLUS TWO, DRT",0,recognized qualification,1
2020,gp_ward,"PLUS TWO, GENERAL NURSING",0,recognized qualification,1
2020,gp_ward,"PLUS TWO, GNM",0,recognized qualification,1
2020,gp_ward,"PLUS TWO, HINDI BHOOSHAN",0,recognized qualification,2
2020,gp_ward,"PLUS TWO, IATA",0,recognized qualification,1
2020,gp_ward,"PLUS TWO, ITC",0,recognized qualification,1
2020,gp_ward,"PLUS TWO, ITI",0,recognized qualification,4
2020,gp_ward,"PLUS TWO, ITI- DIPLOMA IN INTERIOR DESIGNING",0,recognized qualification,1
2020,gp_ward,"PLUS TWO, LAB",0,recognized qualification,1
2020,gp_ward,"PLUS TWO, LAB TECHNICIAN",0,recognized qualification,1
2020,gp_ward,"PLUS TWO, LLB GOING",1,recognized qualification,1
2020,gp_ward,"PLUS TWO, N.T.T.C",0,recognized qualification,1
2020,gp_ward,"PLUS TWO, NTTC",0,recognized qualification,3
2020,gp_ward,"PLUS TWO, NURSING",0,recognized qualification,2
2020,gp_ward,"PLUS TWO, P P T T C",0,recognized qualification,1
2020,gp_ward,"PLUS TWO, P.P.T.T.I",0,recognized qualification,1
2020,gp_ward,"PLUS TWO, POLYTECHNIC",0,recognized qualification,1
2020,gp_ward,"PLUS TWO, PTTC",0,recognized qualification,1
2020,gp_ward,"PLUS TWO, SAFETY ENG",0,recognized qualification,1
2020,gp_ward,"PLUS TWO, STAFF NURSE",0,recognized qualification,1
2020,gp_ward,"PLUS TWO, T.T.C",0,recognized qualification,1
2020,gp_ward,"PLUS TWO, TTC",0,recognized qualification,9
2020,gp_ward,"PLUS TWO, TTC (SANSKRIT)",0,recognized qualification,1
2020,gp_ward,"PLUS TWO, WELDING",0,recognized qualification,1
2020,gp_ward,"PLUS TWO,C.TTC",0,recognized qualification,1
2020,gp_ward,"PLUS TWO,CTTC",0,recognized qualification,1
2020,gp_ward,"PLUS TWO,D.ED(ST)MR",0,recognized qualification,1
2020,gp_ward,"PLUS TWO,DIPLOMA",0,recognized qualification,1
2020,gp_ward,"PLUS TWO,DIPLOMA IN AYURVEDA NURSING",0,recognized qualification,1
2020,gp_ward,"PLUS TWO,DIPLOMA IN EDUCATION",0,recognized qualification,1
2020,gp_ward,"PLUS TWO,DIPLOMA IN MECHANICAL ENGINEERING",0,recognized qualification,1
2020,gp_ward,"PLUS TWO,DMLT",0,recognized qualification,1
2020,gp_ward,"PLUS TWO,ITA",0,recognized qualification,1
2020,gp_ward,"PLUS TWO,ITC",0,recognized qualification,2
2020,gp_ward,"PLUS TWO,ITI",0,recognized qualification,2
2020,gp_ward,"PLUS TWO,JDC",0,recognized qualification,1
2020,gp_ward,"PLUS TWO,NTTC",0,recognized qualification,1
2020,gp_ward,"PLUS TWO,PGDCA",0,recognized qualification,2
2020,gp_ward,"PLUS TWO,PPTTC",0,recognized qualification,1
2020,gp_ward,"PLUS TWO,SECRETARIAL COURSE",0,recognized qualification,1
2020,gp_ward,"PLUS TWO,TTC",0,recognized qualification,5
2020,gp_ward,PLUS-2,0,recognized qualification,1
2020,gp_ward,PLUS-TWO,0,recognized qualification,10
2020,gp_ward,"PLUS-TWO, T.T.D.C",0,recognized qualification,1
2020,gp_ward,PLUS2,0,recognized qualification,2
2020,gp_ward,PLUSE TWO,NA,unclassified,5
2020,gp_ward,"PLUSE TWO, DIPLOMA(PURSUING)",0,recognized qualification,1
2020,gp_ward,"PLUSS 2, CTTC",NA,unclassified,1
2020,gp_ward,PLUSTWO,0,recognized qualification,24
2020,gp_ward,"PLUSTWO ,BA ON GOING",1,recognized qualification,1
2020,gp_ward,PLUSTWO NURSING,0,recognized qualification,1
2020,gp_ward,PLUSTWO(VHSE),0,recognized qualification,1
2020,gp_ward,"PLUSTWO, DIPLOMA IN RADIOLOGY",0,recognized qualification,1
2020,gp_ward,"PLUSTWO,DIPLOMA",0,recognized qualification,1
2020,gp_ward,PLUSU TWO,NA,unclassified,1
2020,gp_ward,PLUTWO,NA,unclassified,1
2020,gp_ward,POLYTECHNIC,NA,unclassified,1
2020,gp_ward,POST GRADUATE,1,recognized qualification,2
2020,gp_ward,POST GRADUATE DIPLOMA IN COMPUTER APPLICATION,1,recognized qualification,1
2020,gp_ward,POST GRADUATION,1,recognized qualification,8
2020,gp_ward,POST GRADUATION DIPLOMA IN JOURNALISUM,1,recognized qualification,1
2020,gp_ward,PPE-DEGREE,1,recognized qualification,1
2020,gp_ward,PPTC,NA,unclassified,1
2020,gp_ward,PRE - DEGREE,0,recognized qualification,13
2020,gp_ward,"PRE - DEGREE, NURSING",0,recognized qualification,1
2020,gp_ward,PRE -DEGREE,0,recognized qualification,2
2020,gp_ward,PRE DEGEREE,NA,unclassified,2
2020,gp_ward,PRE DEGREE,0,recognized qualification,421
2020,gp_ward,PRE DEGREE & ELECTRONICS & COMMUNICATION,0,recognized qualification,1
2020,gp_ward,PRE DEGREE & J.D.C,0,recognized qualification,1
2020,gp_ward,"PRE DEGREE , ITI",0,recognized qualification,2
2020,gp_ward,"PRE DEGREE , TTC",0,recognized qualification,1
2020,gp_ward,"PRE DEGREE ,ITI",0,recognized qualification,1
2020,gp_ward,PRE DEGREE - TTC,0,recognized qualification,1
2020,gp_ward,PRE DEGREE COMPLETED,0,recognized qualification,1
2020,gp_ward,PRE DEGREE COURCE,0,recognized qualification,4
2020,gp_ward,PRE DEGREE COURSE,0,recognized qualification,3
2020,gp_ward,PRE DEGREE JDC,0,recognized qualification,1
2020,gp_ward,PRE DEGREE NTTC,0,recognized qualification,1
2020,gp_ward,PRE DEGREE PASS,0,recognized qualification,1
2020,gp_ward,"PRE DEGREE, COMPUTER KNOWLEDGE, DTP(ENGLISH, MALAYALAM, HINDI)",0,recognized qualification,1
2020,gp_ward,"PRE DEGREE, DCA",0,recognized qualification,1
2020,gp_ward,"PRE DEGREE, DIPLOMA",0,recognized qualification,1
2020,gp_ward,"PRE DEGREE, DIPLOMA IN AUTOMOBILE ENG",0,recognized qualification,1
2020,gp_ward,"PRE DEGREE, DIPLOMA IN MARINE ENG",0,recognized qualification,1
2020,gp_ward,"PRE DEGREE, DMLT",0,recognized qualification,1
2020,gp_ward,"PRE DEGREE, ITI",0,recognized qualification,1
2020,gp_ward,"PRE DEGREE, JDC",0,recognized qualification,1
2020,gp_ward,"PRE DEGREE, MLT",0,recognized qualification,1
2020,gp_ward,"PRE DEGREE,ANM",0,recognized qualification,1
2020,gp_ward,"PRE DEGREE,HINDI SAHITHYACHARYA DEGREE",0,recognized qualification,1
2020,gp_ward,"PRE DEGREE,ITC",0,recognized qualification,1
2020,gp_ward,"PRE DEGREE,ITI",0,recognized qualification,4
2020,gp_ward,"PRE DEGREE,TTC",0,recognized qualification,1
2020,gp_ward,PRE DIGREE,0,recognized qualification,6
2020,gp_ward,"PRE DIGREE,",0,recognized qualification,1
2020,gp_ward,"PRE DIGREE, ITC",0,recognized qualification,1
2020,gp_ward,PRE GEDREE,NA,unclassified,2
2020,gp_ward,PRE PRIMARY TEACHING,0,recognized qualification,1
2020,gp_ward,PRE PRIMARY TTC,0,recognized qualification,1
2020,gp_ward,PRE- DEGREE,0,recognized qualification,14
2020,gp_ward,"PRE- DEGREE, ITI CIVIL",0,recognized qualification,1
2020,gp_ward,PRE- DIGREE + ITI,0,recognized qualification,1
2020,gp_ward,PRE- PRIMARY TEACHER,0,recognized qualification,1
2020,gp_ward,PRE-DEGREE,0,recognized qualification,183
2020,gp_ward,PRE-DEGREE & FASHION DESIGNING,0,recognized qualification,1
2020,gp_ward,PRE-DEGREE & GNM,0,recognized qualification,1
2020,gp_ward,PRE-DEGREE & TTC,0,recognized qualification,1
2020,gp_ward,"PRE-DEGREE , NURSING , DTP",0,recognized qualification,1
2020,gp_ward,PRE-DEGREE COURSE,0,recognized qualification,3
2020,gp_ward,"PRE-DEGREE, DIPLOMA IN ELECTRONICS ENGINEERING",0,recognized qualification,1
2020,gp_ward,"PRE-DEGREE, HINDI VIDWAN",0,recognized qualification,1
2020,gp_ward,"PRE-DEGREE, ITI",0,recognized qualification,2
2020,gp_ward,"PRE-DEGREE, PGDCA+DCA",0,recognized qualification,1
2020,gp_ward,"PRE-DEGREE,ITI",0,recognized qualification,1
2020,gp_ward,PRE-DEGREE- COURSE COMPLETED,0,recognized qualification,1
2020,gp_ward,PRE. DEGREE,0,recognized qualification,1
2020,gp_ward,PREDEGREE,0,recognized qualification,68
2020,gp_ward,"PREDEGREE ,ITI",0,recognized qualification,1
2020,gp_ward,PREDEGREE TTC,0,recognized qualification,1
2020,gp_ward,"PREDEGREE, ITI",0,recognized qualification,1
2020,gp_ward,PREDGREE,NA,unclassified,1
2020,gp_ward,PREDIGREE,0,recognized qualification,2
2020,gp_ward,PREE -DEGREE,0,recognized qualification,3
2020,gp_ward,PREE DEGREE,0,recognized qualification,90
2020,gp_ward,"PREE DEGREE , URDDU",0,recognized qualification,1
2020,gp_ward,PREE DEGREE COMPLETED,0,recognized qualification,1
2020,gp_ward,"PREE DEGREE, ITI",0,recognized qualification,1
2020,gp_ward,"PREE DEGREE, M.R.T.V",0,recognized qualification,1
2020,gp_ward,"PREE DEGREE, MS OFFICE",0,recognized qualification,1
2020,gp_ward,"PREE DEGREE, PRE PRIMARY TEACHERS TRAINING",0,recognized qualification,1
2020,gp_ward,"PREE DEGREE,RADIO ENGINEERING",0,recognized qualification,1
2020,gp_ward,PREE DIGREE,0,recognized qualification,6
2020,gp_ward,PREE- DEGREE,0,recognized qualification,4
2020,gp_ward,PREE-DEGREE,0,recognized qualification,14
2020,gp_ward,"PREE-DEGREE, NURSING",0,recognized qualification,1
2020,gp_ward,PREE-DIGREE,0,recognized qualification,3
2020,gp_ward,PREEDEGREE,0,recognized qualification,12
2020,gp_ward,PREEDGREE,NA,unclassified,2
2020,gp_ward,PREEDIGREE,0,recognized qualification,1
2020,gp_ward,PRELIMINARY AFSAL,NA,unclassified,1
2020,gp_ward,PRELIMINARY ARABIC,NA,unclassified,1
2020,gp_ward,PRIMARY,0,recognized qualification,3
2020,gp_ward,PROFESSIONAL,NA,unclassified,10
2020,gp_ward,PROFFESSIONAL,NA,unclassified,1
2020,gp_ward,PTTC,NA,unclassified,1
2020,gp_ward,PUBLIC ADMINISTRATION,NA,unclassified,1
2020,gp_ward,PUC,0,recognized qualification,10
2020,gp_ward,PULS 2,NA,unclassified,3
2020,gp_ward,PULS TWO,NA,unclassified,1
2020,gp_ward,Q C ENGINEER,NA,unclassified,1
2020,gp_ward,RADIOLOGY,NA,unclassified,1
2020,gp_ward,RASHTRA BHASHA PRAVEEN,NA,unclassified,1
2020,gp_ward,RASHTRABHASHA - PRAVEEN,NA,unclassified,1
2020,gp_ward,S,NA,unclassified,1
2020,gp_ward,S S C,NA,unclassified,1
2020,gp_ward,S S L C,0,recognized qualification,530
2020,gp_ward,"S S L C , AYURVEDA PANCHAKARMA ,YOGA DIPLOMA",0,recognized qualification,1
2020,gp_ward,"S S L C , I TC",0,recognized qualification,1
2020,gp_ward,"S S L C , JDC",0,recognized qualification,1
2020,gp_ward,"S S L C , MECHANICAL ENGINEERING PARTIAL",0,recognized qualification,1
2020,gp_ward,S S L C FAILED,0,recognized qualification,1
2020,gp_ward,S S L C HINDI PRAVEEN,0,recognized qualification,1
2020,gp_ward,S S L C PASS,0,recognized qualification,1
2020,gp_ward,"S S L C, AFZAL ULUMA",0,recognized qualification,1
2020,gp_ward,"S S L C, BASIC NURSING & MIDWIFERY",0,recognized qualification,1
2020,gp_ward,"S S L C, ITC, N C V T(ELECTRONICS)",0,recognized qualification,1
2020,gp_ward,"S S L C, ITI",0,recognized qualification,1
2020,gp_ward,"S S L C, K G T E",0,recognized qualification,1
2020,gp_ward,"S S L C, PDC, TTC",0,recognized qualification,1
2020,gp_ward,"S S L C, PRE DEGREE ITI",0,recognized qualification,1
2020,gp_ward,"S S L C, T T C",0,recognized qualification,2
2020,gp_ward,"S S L C,B.S.T.C",0,recognized qualification,1
2020,gp_ward,"S S L C,ITI FITTER",0,recognized qualification,1
2020,gp_ward,"S S L C,MLT",0,recognized qualification,1
2020,gp_ward,"S S L C,PREE PRIMARY T T C",0,recognized qualification,1
2020,gp_ward,S. S. L. C,0,recognized qualification,2
2020,gp_ward,S. S. L.C,0,recognized qualification,2
2020,gp_ward,S. S.L.C,NA,unclassified,1
2020,gp_ward,S.S.C,0,recognized qualification,2
2020,gp_ward,S.S.L C,NA,unclassified,8
2020,gp_ward,S.S.L..C,0,recognized qualification,1
2020,gp_ward,S.S.L.C,0,recognized qualification,670
2020,gp_ward,"S.S.L.C , I T C",0,recognized qualification,1
2020,gp_ward,"S.S.L.C , ITI",0,recognized qualification,1
2020,gp_ward,"S.S.L.C , J.H.I COURSE",0,recognized qualification,1
2020,gp_ward,S.S.L.C AND KGT,0,recognized qualification,1
2020,gp_ward,S.S.L.C FAILED,0,recognized qualification,2
2020,gp_ward,S.S.L.C ITI,0,recognized qualification,1
2020,gp_ward,S.S.L.C PASS,0,recognized qualification,7
2020,gp_ward,S.S.L.C PASSED,0,recognized qualification,1
2020,gp_ward,S.S.L.C(FAILED),0,recognized qualification,1
2020,gp_ward,"S.S.L.C, AFZALAL ULAMA",0,recognized qualification,1
2020,gp_ward,"S.S.L.C, DRAUGHTMAN CIVIL",0,recognized qualification,1
2020,gp_ward,"S.S.L.C, I.T.C",0,recognized qualification,3
2020,gp_ward,"S.S.L.C, I.T.I",0,recognized qualification,2
2020,gp_ward,"S.S.L.C, ITI",0,recognized qualification,2
2020,gp_ward,"S.S.L.C, JDC",0,recognized qualification,1
2020,gp_ward,"S.S.L.C, P.D.C",0,recognized qualification,1
2020,gp_ward,"S.S.L.C, P.P.T.T.C",0,recognized qualification,1
2020,gp_ward,"S.S.L.C, PDC",0,recognized qualification,1
2020,gp_ward,"S.S.L.C, RASHTRA BHASHA PRAVEEN",0,recognized qualification,1
2020,gp_ward,"S.S.L.C, T.T.C",0,recognized qualification,3
2020,gp_ward,"S.S.L.C,I.T.I",0,recognized qualification,1
2020,gp_ward,"S.S.L.C,ITC",0,recognized qualification,1
2020,gp_ward,"S.S.L.C,ITI",0,recognized qualification,2
2020,gp_ward,"S.S.L.C,MECHANIC",0,recognized qualification,1
2020,gp_ward,"S.S.L.C,T.C.H",0,recognized qualification,1
2020,gp_ward,"S.S.L.C,TTC",0,recognized qualification,1
2020,gp_ward,S.S.L.C.,0,recognized qualification,54
2020,gp_ward,S.S.L.C.DMLT,NA,unclassified,1
2020,gp_ward,S.S.LC,0,recognized qualification,7
2020,gp_ward,SEC TTC,0,recognized qualification,1
2020,gp_ward,SECONDARY SCHOOL LEAVING CERTIFICATE,NA,unclassified,1
2020,gp_ward,SEVEN,NA,unclassified,1
2020,gp_ward,SEVENTH,0,recognized qualification,4
2020,gp_ward,SEVENTH PASS,0,recognized qualification,1
2020,gp_ward,SEVENTH STANDARD,0,recognized qualification,1
2020,gp_ward,SEVENTH STANDERED,0,recognized qualification,2
2020,gp_ward,SEVENTH STD,0,recognized qualification,1
2020,gp_ward,SEVNTH STD,NA,unclassified,1
2020,gp_ward,SIX STANDERD,NA,unclassified,1
2020,gp_ward,SIXTH,0,recognized qualification,2
2020,gp_ward,SIXTH PASS,0,recognized qualification,1
2020,gp_ward,SIXTH STANDARD,0,recognized qualification,1
2020,gp_ward,SIXTH STANDARED,0,recognized qualification,1
2020,gp_ward,SIXTH STD,0,recognized qualification,1
2020,gp_ward,SSC,0,recognized qualification,3
2020,gp_ward,"SSC,ITI",0,recognized qualification,1
2020,gp_ward,SSLC,0,recognized qualification,4646
2020,gp_ward,SSLC & ABOVE,0,recognized qualification,1
2020,gp_ward,SSLC & JDC,0,recognized qualification,1
2020,gp_ward,SSLC &PUC,0,recognized qualification,1
2020,gp_ward,SSLC (FAILED),0,recognized qualification,3
2020,gp_ward,"SSLC , AFZUL ARABIC FINAL",0,recognized qualification,1
2020,gp_ward,"SSLC , I T C",0,recognized qualification,1
2020,gp_ward,"SSLC , I TI",0,recognized qualification,1
2020,gp_ward,"SSLC , ITC",0,recognized qualification,1
2020,gp_ward,"SSLC , KGCEE",0,recognized qualification,1
2020,gp_ward,"SSLC , NTTC",0,recognized qualification,1
2020,gp_ward,"SSLC , PPTTC",0,recognized qualification,1
2020,gp_ward,"SSLC , T T C",0,recognized qualification,2
2020,gp_ward,"SSLC , TTC",0,recognized qualification,2
2020,gp_ward,"SSLC ,ITI",0,recognized qualification,1
2020,gp_ward,"SSLC ,NURSING",0,recognized qualification,1
2020,gp_ward,"SSLC ,VHSE , TTC",0,recognized qualification,1
2020,gp_ward,SSLC - AFSAL-UL-ULAMA,0,recognized qualification,2
2020,gp_ward,SSLC - HINDI VIDWAN,0,recognized qualification,1
2020,gp_ward,SSLC - JDC,0,recognized qualification,1
2020,gp_ward,SSLC - PDC - TTC,0,recognized qualification,1
2020,gp_ward,SSLC AFSALUAL ULAMA,0,recognized qualification,1
2020,gp_ward,SSLC FAILD,0,recognized qualification,1
2020,gp_ward,SSLC FAILED,0,recognized qualification,4
2020,gp_ward,SSLC HINDHI VIDWAN,0,recognized qualification,1
2020,gp_ward,SSLC ITES,0,recognized qualification,1
2020,gp_ward,SSLC ITI,0,recognized qualification,4
2020,gp_ward,SSLC JDC,0,recognized qualification,2
2020,gp_ward,SSLC PASS,0,recognized qualification,2
2020,gp_ward,SSLC PASSED,0,recognized qualification,2
2020,gp_ward,SSLC PRNINTING TECHNOLOGY,0,recognized qualification,1
2020,gp_ward,SSLC WITH DIPLOMA IN MLT,0,recognized qualification,1
2020,gp_ward,SSLC WITH ITI,0,recognized qualification,1
2020,gp_ward,SSLC(FAILED),0,recognized qualification,1
2020,gp_ward,"SSLC, +2, TTC",0,recognized qualification,1
2020,gp_ward,"SSLC, AFSAL UL ULAMA",0,recognized qualification,1
2020,gp_ward,"SSLC, AFSALUM ULAMA",0,recognized qualification,1
2020,gp_ward,"SSLC, AFZAL - UL - ULAMA - PRELIMINARY",0,recognized qualification,2
2020,gp_ward,"SSLC, ANM",0,recognized qualification,2
2020,gp_ward,"SSLC, AUTOMOBILE ENGINEERING",0,recognized qualification,1
2020,gp_ward,"SSLC, BASIC NURSING",0,recognized qualification,1
2020,gp_ward,"SSLC, CIVIL ENGINEERING",0,recognized qualification,1
2020,gp_ward,"SSLC, DCA",0,recognized qualification,1
2020,gp_ward,"SSLC, DESIGNING",0,recognized qualification,1
2020,gp_ward,"SSLC, DIPLOMA IN COMPUTER HARDWARE",0,recognized qualification,1
2020,gp_ward,"SSLC, DIPLOMA IN HEAVY EQUIPMENTS",0,recognized qualification,1
2020,gp_ward,"SSLC, DMLT",0,recognized qualification,2
2020,gp_ward,"SSLC, DRAFTSMAN CIVIL",0,recognized qualification,1
2020,gp_ward,"SSLC, HINDI PRAVEEN",0,recognized qualification,2
2020,gp_ward,"SSLC, HINDI VIDWAN",0,recognized qualification,1
2020,gp_ward,"SSLC, I.T.I",0,recognized qualification,1
2020,gp_ward,"SSLC, ITC",0,recognized qualification,3
2020,gp_ward,"SSLC, ITC FITTER",0,recognized qualification,1
2020,gp_ward,"SSLC, ITI",0,recognized qualification,18
2020,gp_ward,"SSLC, ITI AND JDC",0,recognized qualification,1
2020,gp_ward,"SSLC, ITI ELECTRICAL",0,recognized qualification,1
2020,gp_ward,"SSLC, ITI, JDC",0,recognized qualification,1
2020,gp_ward,"SSLC, JDC",0,recognized qualification,14
2020,gp_ward,"SSLC, JDC, TTC",0,recognized qualification,1
2020,gp_ward,"SSLC, KGTE",0,recognized qualification,2
2020,gp_ward,"SSLC, LTTC (URDU)",0,recognized qualification,1
2020,gp_ward,"SSLC, MALAYALM VIDWAN, LTTC",0,recognized qualification,1
2020,gp_ward,"SSLC, MLT",0,recognized qualification,1
2020,gp_ward,"SSLC, MTTC",0,recognized qualification,1
2020,gp_ward,"SSLC, N.T.T.C",0,recognized qualification,1
2020,gp_ward,"SSLC, NTTC",0,recognized qualification,1
2020,gp_ward,"SSLC, NURSING",0,recognized qualification,2
2020,gp_ward,"SSLC, NURSING ASSISTANCE",0,recognized qualification,1
2020,gp_ward,"SSLC, PDC",0,recognized qualification,5
2020,gp_ward,"SSLC, PDC & ITI",0,recognized qualification,1
2020,gp_ward,"SSLC, PDC, DTTM",0,recognized qualification,1
2020,gp_ward,"SSLC, PDC, ITI",0,recognized qualification,1
2020,gp_ward,"SSLC, PDC, TTC",0,recognized qualification,2
2020,gp_ward,"SSLC, PLUS TWO",0,recognized qualification,2
2020,gp_ward,"SSLC, PLUS TWO, CCLIS",0,recognized qualification,1
2020,gp_ward,"SSLC, PLUS TWO, PANCHAKARMA DIPLOMA",0,recognized qualification,1
2020,gp_ward,"SSLC, PPTTC",0,recognized qualification,1
2020,gp_ward,"SSLC, PRE-DEGREE, TTC",0,recognized qualification,1
2020,gp_ward,"SSLC, PREDEGREE",0,recognized qualification,1
2020,gp_ward,"SSLC, TTC",0,recognized qualification,6
2020,gp_ward,"SSLC, TTC HINDI",0,recognized qualification,1
2020,gp_ward,"SSLC, VHSE",0,recognized qualification,1
2020,gp_ward,"SSLC,ATC",0,recognized qualification,1
2020,gp_ward,"SSLC,DIPLOMA",0,recognized qualification,1
2020,gp_ward,"SSLC,DIPLOMA IN SECRETARIAL PRACTICE YMCA, NEW DELHI",0,recognized qualification,1
2020,gp_ward,"SSLC,HINDI BHOOSHAN",0,recognized qualification,1
2020,gp_ward,"SSLC,HINDI PRAVEEN",0,recognized qualification,1
2020,gp_ward,"SSLC,HINDI VIDVAN",0,recognized qualification,1
2020,gp_ward,"SSLC,ITC",0,recognized qualification,1
2020,gp_ward,"SSLC,ITI",0,recognized qualification,9
2020,gp_ward,"SSLC,ITI DIPLOMA",0,recognized qualification,1
2020,gp_ward,"SSLC,JDC",0,recognized qualification,3
2020,gp_ward,"SSLC,KGT",0,recognized qualification,1
2020,gp_ward,"SSLC,MLT",0,recognized qualification,2
2020,gp_ward,"SSLC,NTTC",0,recognized qualification,1
2020,gp_ward,"SSLC,PDC",0,recognized qualification,1
2020,gp_ward,"SSLC,PLUS TWO",0,recognized qualification,1
2020,gp_ward,"SSLC,TEACHER TRAINING",0,recognized qualification,1
2020,gp_ward,"SSLC,TTC",0,recognized qualification,5
2020,gp_ward,"SSLC,TYPE WRITING HIGHER PASSED,CHAIN SURVEY VILLAGE OFFICER TEST PASSED",0,recognized qualification,1
2020,gp_ward,"SSLC,VHSE,DMLT",0,recognized qualification,1
2020,gp_ward,"SSLC,VHSE,ITI",0,recognized qualification,1
2020,gp_ward,SSLC- ITI,0,recognized qualification,1
2020,gp_ward,SSSLC,NA,unclassified,1
2020,gp_ward,STANDARD IX,0,recognized qualification,1
2020,gp_ward,STD 7,NA,unclassified,2
2020,gp_ward,STD 8,NA,unclassified,1
2020,gp_ward,STD 8TH,NA,unclassified,1
2020,gp_ward,STD 9,NA,unclassified,2
2020,gp_ward,STD VIII,0,recognized qualification,1
2020,gp_ward,T C H,NA,unclassified,1
2020,gp_ward,T T C,0,recognized qualification,11
2020,gp_ward,"T T C , BA ENGLISH",1,recognized qualification,1
2020,gp_ward,T.T.C,0,recognized qualification,6
2020,gp_ward,TENTH,0,recognized qualification,11
2020,gp_ward,TENTH CLASS,0,recognized qualification,24
2020,gp_ward,TENTH LEVEL,0,recognized qualification,5
2020,gp_ward,TENTH STANDARD,0,recognized qualification,1
2020,gp_ward,TH,NA,unclassified,1
2020,gp_ward,THSLC,NA,unclassified,3
2020,gp_ward,THSSLC,NA,unclassified,1
2020,gp_ward,"THSSLC,ITI",0,recognized qualification,1
2020,gp_ward,TRADESMAN,NA,unclassified,1
2020,gp_ward,TTC,0,recognized qualification,37
2020,gp_ward,TTC DOA,0,recognized qualification,1
2020,gp_ward,"TTC, DEGREE",1,recognized qualification,1
2020,gp_ward,"TTC, DIPLOMA IN ELEMENTARY EDUCATION",0,recognized qualification,1
2020,gp_ward,"TTC,BA",1,recognized qualification,1
2020,gp_ward,"TTC,BCOM.MBA",0,recognized qualification,1
2020,gp_ward,TTI,NA,unclassified,2
2020,gp_ward,TWELTH STANDARD,NA,unclassified,2
2020,gp_ward,TWO,NA,unclassified,1
2020,gp_ward,TYPE WRITING,NA,unclassified,1
2020,gp_ward,"TYPE WRITING(HIGHER, LOWER)",NA,unclassified,1
2020,gp_ward,UG DEGREE,1,recognized qualification,1
2020,gp_ward,"UG, PG",NA,unclassified,1
2020,gp_ward,UPPER PRIMARY,0,recognized qualification,3
2020,gp_ward,V,0,recognized qualification,5
2020,gp_ward,V H S C,0,recognized qualification,1
2020,gp_ward,V H S E,0,recognized qualification,11
2020,gp_ward,V H S E (OFFICE SECRETARYSHIP),0,recognized qualification,1
2020,gp_ward,"V H S E, N T T C",0,recognized qualification,1
2020,gp_ward,V H SE,0,recognized qualification,1
2020,gp_ward,V STANDARD,0,recognized qualification,1
2020,gp_ward,V TH STD,0,recognized qualification,1
2020,gp_ward,V.H.S.C,0,recognized qualification,2
2020,gp_ward,V.H.S.E,0,recognized qualification,14
2020,gp_ward,VHC,NA,unclassified,1
2020,gp_ward,VHSC,0,recognized qualification,7
2020,gp_ward,VHSE,0,recognized qualification,44
2020,gp_ward,VHSE (MLT),0,recognized qualification,1
2020,gp_ward,VHSE COMPUTER SCIENCE,0,recognized qualification,1
2020,gp_ward,VHSE MLT,0,recognized qualification,1
2020,gp_ward,VHSE MLT DIPLOMA,0,recognized qualification,1
2020,gp_ward,VHSE(MLT),0,recognized qualification,1
2020,gp_ward,"VHSE, DCA",0,recognized qualification,1
2020,gp_ward,"VHSE, ITI",0,recognized qualification,1
2020,gp_ward,"VHSE, ITI, CTTC",0,recognized qualification,1
2020,gp_ward,"VHSE,DIPLOMA IN RADIOLOGY",0,recognized qualification,1
2020,gp_ward,"VHSE,JDC",0,recognized qualification,1
2020,gp_ward,"VHSE,TTC",0,recognized qualification,1
2020,gp_ward,VHSE/GNM,0,recognized qualification,1
2020,gp_ward,VI,0,recognized qualification,4
2020,gp_ward,VI CLASS,0,recognized qualification,1
2020,gp_ward,VI STD,0,recognized qualification,1
2020,gp_ward,VI TH CLASS,0,recognized qualification,1
2020,gp_ward,VI TH STD,0,recognized qualification,1
2020,gp_ward,VII,0,recognized qualification,13
2020,gp_ward,VII STANDARD,0,recognized qualification,1
2020,gp_ward,VII STD,0,recognized qualification,5
2020,gp_ward,VII STD.,0,recognized qualification,1
2020,gp_ward,VII TH STD,0,recognized qualification,1
2020,gp_ward,VIII,0,recognized qualification,7
2020,gp_ward,VIII CLASS,0,recognized qualification,1
2020,gp_ward,VIII STANDARD,0,recognized qualification,3
2020,gp_ward,VIII STD,0,recognized qualification,3
2020,gp_ward,VTH CLASS,NA,unclassified,3
2020,gp_ward,X TH EQUIVALENCY,0,recognized qualification,1
2020,gp_ward,എസ് എസ് എല്‍ സി,NA,unclassified,1
2020,gp_ward,എസ്.എസ്.എല്‍.സി,NA,unclassified,1
2020,gp_ward,"ഐ.റ്റി,ഐ എം.ജി.റ്റി,ഇ അഗ്രികള്‍ച്ചർ",NA,unclassified,1
2020,gp_ward,ഡിഗ്രി,NA,unclassified,1
2020,gp_ward,പി ജി,NA,unclassified,1
2020,gp_ward,ബി എ,NA,unclassified,1
2020,gp_ward,ബിരുദം,NA,unclassified,1
2020,gp_ward,ബിരുദാനന്തര ബിരുദം,NA,unclassified,1
2020,gp_ward,റ്റി റ്റി സി,NA,unclassified,1
2020,gp_ward,ഹയര്‍ സെക്കന്‍ററി,NA,unclassified,1
2020,gp_ward,ഹയര‍സെക്കന്‍ററി,NA,unclassified,1
2020,gp_ward,NA,NA,missing or unspecified,1999
2020,zp_member,10TH,0,recognized qualification,1
2020,zp_member,8,0,recognized qualification,1
2020,zp_member,8TH,0,recognized qualification,1
2020,zp_member,9TH,0,recognized qualification,1
2020,zp_member,9TH STD,0,recognized qualification,1
2020,zp_member,B A,1,recognized qualification,1
2020,zp_member,B A (ECO.),1,recognized qualification,1
2020,zp_member,B A (LAW) L L B,1,recognized qualification,1
2020,zp_member,B C A,NA,unclassified,1
2020,zp_member,B COM,1,recognized qualification,1
2020,zp_member,B TECH,1,recognized qualification,2
2020,zp_member,B-COM,1,recognized qualification,1
2020,zp_member,B.A,1,recognized qualification,1
2020,zp_member,"B.A, B.ED",1,recognized qualification,1
2020,zp_member,"B.A,LLB",1,recognized qualification,1
2020,zp_member,B.A.,1,recognized qualification,1
2020,zp_member,B.A. DEGREE,1,recognized qualification,1
2020,zp_member,"B.A., B.ED",1,recognized qualification,1
2020,zp_member,"B.A., BED",1,recognized qualification,1
2020,zp_member,B.COM,1,recognized qualification,2
2020,zp_member,"B.COM ,T T C",1,recognized qualification,1
2020,zp_member,B.COM COMPLETED,1,recognized qualification,1
2020,zp_member,B.COM(NOT COMPLETED),NA,unclassified,1
2020,zp_member,"B.COM, LLB",1,recognized qualification,2
2020,zp_member,B.COM.,1,recognized qualification,1
2020,zp_member,"B.ED , H.D.C",1,recognized qualification,1
2020,zp_member,B.SC ZOOLOGY,1,recognized qualification,1
2020,zp_member,"B.SC,B.ED,LLB",1,recognized qualification,1
2020,zp_member,B.SC. BED,1,recognized qualification,1
2020,zp_member,"B.SC., B.ED.",1,recognized qualification,1
2020,zp_member,"B.SC.,B.ED.",1,recognized qualification,1
2020,zp_member,"B.TEC ELECTRICAL, LLB(COURSE COMPLETE)",NA,unclassified,1
2020,zp_member,B.TECH,1,recognized qualification,1
2020,zp_member,BA,1,recognized qualification,16
2020,zp_member,"BA (HISTORY), TTC",1,recognized qualification,1
2020,zp_member,BA (POLITICAL SCIENCE) JDC (JUNIOR DEPLOMA IN CO-OPERATION),1,recognized qualification,1
2020,zp_member,"BA , B.ED",1,recognized qualification,2
2020,zp_member,"BA ,LLB",1,recognized qualification,2
2020,zp_member,BA BED,1,recognized qualification,1
2020,zp_member,BA BED TTC,1,recognized qualification,1
2020,zp_member,BA LLB,1,recognized qualification,2
2020,zp_member,"BA SOCIOLOGY, TTC",1,recognized qualification,1
2020,zp_member,"BA(CRIMINOLOGY), LLB(HONS)",1,recognized qualification,1
2020,zp_member,"BA, LLB",1,recognized qualification,6
2020,zp_member,"BA, TTC",1,recognized qualification,1
2020,zp_member,"BA,B.ED",1,recognized qualification,1
2020,zp_member,"BA,BAL, LLB",1,recognized qualification,1
2020,zp_member,"BA: B,ED IN MALAYALAM",1,recognized qualification,1
2020,zp_member,BAL.LLB,NA,unclassified,1
2020,zp_member,"BBA, LLB (HONS)",1,recognized qualification,1
2020,zp_member,BBM,NA,unclassified,1
2020,zp_member,BCOM,1,recognized qualification,1
2020,zp_member,BCOM & JDC,1,recognized qualification,1
2020,zp_member,"BCOM, PGDCA",1,recognized qualification,1
2020,zp_member,BED.,1,recognized qualification,1
2020,zp_member,"BS.C, B.ED ,M A , HDC",1,recognized qualification,1
2020,zp_member,"BS.C, MSW",1,recognized qualification,1
2020,zp_member,BSC,1,recognized qualification,2
2020,zp_member,"BSC , JUNIOR DIPLOMA IN CO-OPERATION",1,recognized qualification,1
2020,zp_member,"BSC , LLB",1,recognized qualification,1
2020,zp_member,BSC BED,1,recognized qualification,2
2020,zp_member,BSC LLB,1,recognized qualification,3
2020,zp_member,BSC PHYSICS,1,recognized qualification,1
2020,zp_member,BSC ZOOLOGY,1,recognized qualification,1
2020,zp_member,"BSC, B.ED",1,recognized qualification,1
2020,zp_member,"BSC, BED",1,recognized qualification,1
2020,zp_member,"BSC, LL.B",1,recognized qualification,2
2020,zp_member,BSC.B.ED,NA,unclassified,1
2020,zp_member,BSC.PHYSICS,NA,unclassified,1
2020,zp_member,DEGREE,1,recognized qualification,17
2020,zp_member,DEGREE NOT COMPLETED,NA,unclassified,1
2020,zp_member,DEPLOMA IN COMPUTER ENGINEERING,NA,unclassified,1
2020,zp_member,DIGREE,NA,unclassified,1
2020,zp_member,DIPLOMA,0,recognized qualification,1
2020,zp_member,DIPLOMA IN CIVIL ENGINEERING,0,recognized qualification,2
2020,zp_member,DIPLOMA IN HANDLOOM,0,recognized qualification,1
2020,zp_member,GRADUATION,1,recognized qualification,2
2020,zp_member,HDCA,NA,unclassified,1
2020,zp_member,HIGHER SECONDARY,0,recognized qualification,1
2020,zp_member,ITI,0,recognized qualification,1
2020,zp_member,ITI (DRAUGHTMAN CIVIL),0,recognized qualification,1
2020,zp_member,L.L.B,1,recognized qualification,1
2020,zp_member,LAB TECHNICIAN,NA,unclassified,1
2020,zp_member,LLB,1,recognized qualification,3
2020,zp_member,"LLM, MBA",1,recognized qualification,1
2020,zp_member,M A,1,recognized qualification,1
2020,zp_member,M A B.ED,1,recognized qualification,1
2020,zp_member,"M A, BED",1,recognized qualification,1
2020,zp_member,M A. ECONOMICS,1,recognized qualification,1
2020,zp_member,"M COM, LLB",1,recognized qualification,1
2020,zp_member,"M.A(HISTORY),M.A(POLITICS),M.ED.,MSW,PHD.",1,recognized qualification,1
2020,zp_member,"M.A.,B.ED., M.PHIL",1,recognized qualification,1
2020,zp_member,M.COM,1,recognized qualification,1
2020,zp_member,"M.COM,B.ED",1,recognized qualification,1
2020,zp_member,M.TECH(MECHANICAL ENGINEERING),1,recognized qualification,1
2020,zp_member,MA,1,recognized qualification,3
2020,zp_member,"MA (HINDI), BED.",1,recognized qualification,1
2020,zp_member,"MA , MPHIL ,PHD",1,recognized qualification,1
2020,zp_member,MA B.ED,1,recognized qualification,1
2020,zp_member,MA BED,1,recognized qualification,1
2020,zp_member,MA HDISM,1,recognized qualification,1
2020,zp_member,MA PHD,1,recognized qualification,1
2020,zp_member,MA SOCIOLOGY,1,recognized qualification,1
2020,zp_member,"MA, B ED",1,recognized qualification,1
2020,zp_member,"MA, B.ED",1,recognized qualification,2
2020,zp_member,"MA, BED",1,recognized qualification,1
2020,zp_member,"MA, H D C",1,recognized qualification,1
2020,zp_member,"MA,B.ED",1,recognized qualification,1
2020,zp_member,"MA,LLB",1,recognized qualification,1
2020,zp_member,MBA,1,recognized qualification,1
2020,zp_member,"MBA, PGT DIPLOMA HRM, PG DIPLOMA MASSCOMMUNICATION",1,recognized qualification,1
2020,zp_member,MCA,1,recognized qualification,1
2020,zp_member,"MCOM, BED, NET",1,recognized qualification,1
2020,zp_member,"MSC, BED",1,recognized qualification,1
2020,zp_member,"MSW,MA JOURNALISM",1,recognized qualification,1
2020,zp_member,NDFA NATIONAL DIPLOMA IN FINE ARTS,0,recognized qualification,1
2020,zp_member,NINETH,0,recognized qualification,1
2020,zp_member,NINTH,0,recognized qualification,1
2020,zp_member,P D C,0,recognized qualification,3
2020,zp_member,P U C,NA,unclassified,1
2020,zp_member,PDC,0,recognized qualification,10
2020,zp_member,"PDC, PPTTC",0,recognized qualification,1
2020,zp_member,"PDC, TTC",0,recognized qualification,1
2020,zp_member,"PDC,JDC",0,recognized qualification,2
2020,zp_member,PEDEGREE,NA,unclassified,1
2020,zp_member,PG,NA,unclassified,1
2020,zp_member,PLUS TWO,0,recognized qualification,16
2020,zp_member,"PLUS TWO, DEGREE ONGOING",NA,unclassified,1
2020,zp_member,"PLUS-2, SURVEYOR",0,recognized qualification,1
2020,zp_member,POST GRADUATION,1,recognized qualification,2
2020,zp_member,PRE DEGREE,0,recognized qualification,3
2020,zp_member,PRE DGREE,NA,unclassified,2
2020,zp_member,PRE-DEGREE,0,recognized qualification,11
2020,zp_member,"PRE-DEGREE, AFZALULAMA - PRELIMINARY",0,recognized qualification,1
2020,zp_member,PRE-DIGREE,0,recognized qualification,4
2020,zp_member,PREDEGREE,0,recognized qualification,4
2020,zp_member,PREDIGREE,0,recognized qualification,2
2020,zp_member,"PREDIGREE , JDC",0,recognized qualification,1
2020,zp_member,PREE DEGREE,0,recognized qualification,1
2020,zp_member,PREEDEGREE (B.A.DEGREE COMPLETED),0,recognized qualification,1
2020,zp_member,PUC,0,recognized qualification,1
2020,zp_member,S S C,NA,unclassified,1
2020,zp_member,S S L C,0,recognized qualification,3
2020,zp_member,SSLC,0,recognized qualification,43
2020,zp_member,SSLC EQUALENT,0,recognized qualification,1
2020,zp_member,"SSLC, I.T.C",0,recognized qualification,1
2020,zp_member,"SSLC, ITI",0,recognized qualification,1
2020,zp_member,"SSLC, JDC",0,recognized qualification,1
2020,zp_member,"SSLC, TTC",0,recognized qualification,1
2020,zp_member,"SSLC,JDC",0,recognized qualification,1
2020,zp_member,"SSLC,PDC,ITC",0,recognized qualification,1
2020,zp_member,TENTH,0,recognized qualification,1
2020,zp_member,"UG, B.A",1,recognized qualification,1
2020,zp_member,VII TH STANDARD,0,recognized qualification,1
2020,zp_member,VIII,0,recognized qualification,1
2020,zp_member,NA,NA,missing or unspecified,30
