year,tier,occupation,no_earnings,records
2010,block_member,-,NA,2
2010,block_member,a.n.m,0,1
2010,block_member,aasha worker,0,1
2010,block_member,accountant,0,3
2010,block_member,accountant scb vellamunda,0,1
2010,block_member,adovacate,0,1
2010,block_member,ads,0,1
2010,block_member,adv.pattambi court,0,1
2010,block_member,advisor(icici produntial),0,1
2010,block_member,advocate,0,47
2010,block_member,advocates clerk,0,1
2010,block_member,afsal ul-uluma arabic teacher,0,1
2010,block_member,agent,0,1
2010,block_member,aggriculture,0,2
2010,block_member,aggriculturist,0,1
2010,block_member,"agreculture, house wife",0,1
2010,block_member,agricultrure,0,1
2010,block_member,agricultural,0,3
2010,block_member,agricultural labour,0,1
2010,block_member,agricultural nursary,0,1
2010,block_member,agriculture,0,130
2010,block_member,agriculture - toddy shop worker,0,1
2010,block_member,agriculture and social work,0,1
2010,block_member,agriculture labour,0,1
2010,block_member,"agriculture, business",0,1
2010,block_member,"agriculture, lic agency",0,1
2010,block_member,"agriculture, other service sector",0,1
2010,block_member,"agriculture,bussiness",0,1
2010,block_member,"agriculture,social work",0,1
2010,block_member,agriculturist,0,7
2010,block_member,agriculturral labourer,0,1
2010,block_member,akshaya enterprenuer,0,1
2010,block_member,anm(private hospital),0,1
2010,block_member,appolo tyres employee,0,1
2010,block_member,argriculture,0,1
2010,block_member,artisan,0,1
2010,block_member,artist,0,2
2010,block_member,asha,0,2
2010,block_member,asha worker,0,10
2010,block_member,asha worker(nrhm),0,1
2010,block_member,asha worker.,0,1
2010,block_member,ashaworker,0,1
2010,block_member,asso.prof.in the dept.of economics,0,1
2010,block_member,"associate professor, nss hindu college, changanaserry",0,1
2010,block_member,asst. secretary co-op sector,0,1
2010,block_member,asst.secretary - co op bank,0,1
2010,block_member,attender,0,1
2010,block_member,attender rscb,0,1
2010,block_member,auto driver,0,1
2010,block_member,bank accountant (k d c),0,1
2010,block_member,bank bill collector,0,1
2010,block_member,bank clark,0,1
2010,block_member,bank employ,0,1
2010,block_member,bank employee,0,1
2010,block_member,bank employee(woman),0,1
2010,block_member,bank manager,0,1
2010,block_member,bank manager(agricultural rural development bank)erattupetta,0,1
2010,block_member,bank wachman,0,1
2010,block_member,beedi,0,1
2010,block_member,beedi work,0,1
2010,block_member,beedi worker,0,2
2010,block_member,bill collector,0,1
2010,block_member,bisiness,0,1
2010,block_member,bpcl dealer,0,1
2010,block_member,"branch manager, service co-operative bank",0,1
2010,block_member,building supervisor,0,1
2010,block_member,buisiness,0,4
2010,block_member,buisness,0,3
2010,block_member,business,0,138
2010,block_member,"business, agriculture",0,1
2010,block_member,bussines,0,1
2010,block_member,bussiness,0,4
2010,block_member,cable operator,0,1
2010,block_member,carpenter,0,1
2010,block_member,cashew worker,0,1
2010,block_member,cataring service,0,1
2010,block_member,cds chairperson,0,1
2010,block_member,civil engneering consultant,0,1
2010,block_member,clerk,0,6
2010,block_member,clerk (retired),0,1
2010,block_member,clerk (temporary),0,1
2010,block_member,clerk(district co-operative bank),0,1
2010,block_member,clia,0,1
2010,block_member,co op bank staff,0,1
2010,block_member,co operative employee,0,1
2010,block_member,co-op bank clerk,0,1
2010,block_member,co-operative bank employee,0,3
2010,block_member,co-operative bank staff,0,1
2010,block_member,co-operative employee,0,1
2010,block_member,co-operative sector,0,2
2010,block_member,co-operative society employee,0,1
2010,block_member,co.op.employee,0,1
2010,block_member,co.operative bank employee,0,1
2010,block_member,coir factory worker,0,1
2010,block_member,collection agent of vanitha co-op. society,0,1
2010,block_member,company,0,1
2010,block_member,company employee,0,2
2010,block_member,computer operater,0,1
2010,block_member,construction labour,0,1
2010,block_member,construction work,0,2
2010,block_member,construction worker,0,2
2010,block_member,coolee,0,2
2010,block_member,cooli,0,3
2010,block_member,coolie,0,21
2010,block_member,coolie work,0,1
2010,block_member,cooly,0,1
2010,block_member,cooperative bank employee,0,1
2010,block_member,counter clerk in parumala hospital,0,1
2010,block_member,cultivation,0,4
2010,block_member,daily wager,0,1
2010,block_member,data entry operator,0,2
2010,block_member,document writer,0,2
2010,block_member,drama artist,0,1
2010,block_member,driver,0,6
2010,block_member,elecronics technition,0,1
2010,block_member,electrision,0,1
2010,block_member,employed in co-operative sector,0,1
2010,block_member,employee in dcb,0,1
2010,block_member,entreprenure of akshaya centre - kl 120,0,1
2010,block_member,ex.military pensioner,0,1
2010,block_member,farmasist,0,1
2010,block_member,farmer,0,34
2010,block_member,fish marchant,0,1
2010,block_member,fisherman,0,3
2010,block_member,fishing,0,3
2010,block_member,formar personal staff,0,1
2010,block_member,general worker,0,1
2010,block_member,gold smith,0,1
2010,block_member,graphic desinger,0,1
2010,block_member,h s s teacher,0,1
2010,block_member,head load worker,0,4
2010,block_member,high school assistant,0,1
2010,block_member,hose wife,0,1
2010,block_member,hosehold work,0,1
2010,block_member,house hold,1,1
2010,block_member,house hold affairs,0,1
2010,block_member,house wife,1,133
2010,block_member,household affairs,0,4
2010,block_member,housewife,1,20
2010,block_member,housewives,0,1
2010,block_member,hsa,0,1
2010,block_member,hsa (teacher),0,1
2010,block_member,hss lab assistant (aided),0,1
2010,block_member,icds helper - resigned,0,1
2010,block_member,inc worker,0,5
2010,block_member,industrial worker,0,1
2010,block_member,industry,0,1
2010,block_member,insurance advisor,0,1
2010,block_member,insurance agency,0,1
2010,block_member,insurance agent,0,1
2010,block_member,inverter manufacturing,0,1
2010,block_member,it teacher,0,1
2010,block_member,journalism,0,1
2010,block_member,jr.clerk(co-operative),0,1
2010,block_member,kc(m) worker,0,1
2010,block_member,khadi labour,0,1
2010,block_member,khadi nool noolpu,0,1
2010,block_member,kooli,0,6
2010,block_member,kooly,0,1
2010,block_member,kudumbasree worker,0,2
2010,block_member,l i c agent,0,3
2010,block_member,l. i.c agent,0,2
2010,block_member,l.i.c,0,1
2010,block_member,l.i.c agent,0,4
2010,block_member,l.i.c. agent,0,4
2010,block_member,l.i.c.agent,0,1
2010,block_member,lab assistant,0,2
2010,block_member,lab assistant h.s.s,0,1
2010,block_member,lab technition,0,1
2010,block_member,labour,0,5
2010,block_member,labtechnician,0,1
2010,block_member,lawyer,0,2
2010,block_member,ld typist,0,1
2010,block_member,lecturer,0,1
2010,block_member,li c agent,0,3
2010,block_member,lic agent,0,31
2010,block_member,lic agent - pensioner,0,1
2010,block_member,"lic agent,supermarket manager",0,1
2010,block_member,lic chief adviser,0,1
2010,block_member,lic chief advisor,0,1
2010,block_member,lpsa,0,1
2010,block_member,m.p.k.b.y agent,0,1
2010,block_member,m.p.k.b.y agent & l.i.c agent,0,1
2010,block_member,maison,0,2
2010,block_member,manager - kairali virgin coconut oil mil,0,1
2010,block_member,manager in private institution,0,1
2010,block_member,"manager, co-op hospital",0,1
2010,block_member,marketing executive,0,1
2010,block_member,mason,0,2
2010,block_member,merchant,0,1
2010,block_member,mesan,0,1
2010,block_member,milk tester,0,1
2010,block_member,milk tester- under milma,0,1
2010,block_member,mill worker,0,1
2010,block_member,milma secretary,0,1
2010,block_member,mpkby agent,0,4
2010,block_member,news paper agent,0,1
2010,block_member,nil,1,357
2010,block_member,nill,0,1
2010,block_member,no,1,5
2010,block_member,nursery teacher,0,1
2010,block_member,office staff,0,1
2010,block_member,"officer ,v.v. sabha",0,1
2010,block_member,other service sectors,0,1
2010,block_member,painter,0,1
2010,block_member,painting,0,2
2010,block_member,paliyative nurse,0,1
2010,block_member,parallel college teacher,0,2
2010,block_member,part time sweeper in chirakkara service co-operative bank,0,1
2010,block_member,pe teacher,0,1
2010,block_member,pensioaner,0,2
2010,block_member,pensioner,0,33
2010,block_member,pensioner(state text book officer retired),0,1
2010,block_member,"pensioner, agriculture",0,1
2010,block_member,pentioner,0,1
2010,block_member,peon,0,3
2010,block_member,physiotherapist,0,2
2010,block_member,political,0,1
2010,block_member,political work,0,2
2010,block_member,political worker,0,5
2010,block_member,"political worker, social worker",0,1
2010,block_member,politician,0,10
2010,block_member,politicion,0,1
2010,block_member,politics,0,5
2010,block_member,premier tyre company,0,1
2010,block_member,private school teacher,0,2
2010,block_member,private school teacher - l p,0,1
2010,block_member,private services,0,1
2010,block_member,professional,0,1
2010,block_member,professor,0,2
2010,block_member,pts,0,1
2010,block_member,public activity,0,1
2010,block_member,public servant,0,5
2010,block_member,public servent,0,1
2010,block_member,public service,0,1
2010,block_member,public work,0,4
2010,block_member,public worker,0,9
2010,block_member,public works,0,1
2010,block_member,r.d agent,0,1
2010,block_member,r.d.agent,0,2
2010,block_member,r.p.(kudumbasree),0,1
2010,block_member,ration dealer,0,1
2010,block_member,rd agent,0,1
2010,block_member,reporter jai hind tv,0,1
2010,block_member,ret.teacher,0,2
2010,block_member,retd. c.i.of police,0,1
2010,block_member,retd. headmistress,0,1
2010,block_member,retd. teacher,0,2
2010,block_member,retired,0,5
2010,block_member,retired associate proffessor,0,1
2010,block_member,retired from service,0,1
2010,block_member,retired headmistress,0,1
2010,block_member,retired public health nurse,0,1
2010,block_member,retired seniour supdt.,0,1
2010,block_member,retired teacher,0,11
2010,block_member,rt. teacher,0,1
2010,block_member,rt.head master,0,1
2010,block_member,rt.teacher,0,1
2010,block_member,rtd,0,1
2010,block_member,rtd agriculture assistant,0,1
2010,block_member,rtd deputy chief engineer kseb,0,1
2010,block_member,rtd employee,0,1
2010,block_member,rtd teacher,0,3
2010,block_member,rtd. hm,0,1
2010,block_member,rtd. teacher,0,4
2010,block_member,rtd.gvt servant,0,1
2010,block_member,rtd.h.m,0,1
2010,block_member,rtd.headmistress,0,1
2010,block_member,rtd.principal,0,2
2010,block_member,rtd.teacher,0,5
2010,block_member,rubber tapping,0,1
2010,block_member,s t promoter,0,1
2010,block_member,sahakarana meghala,0,1
2010,block_member,sbi advisor,0,1
2010,block_member,school teacher,0,1
2010,block_member,secretary(k.u.c.s.ltd),0,1
2010,block_member,self,0,3
2010,block_member,self employed professional,0,1
2010,block_member,self employee,0,1
2010,block_member,self employment,0,1
2010,block_member,senior clerk,0,1
2010,block_member,senior-clerk v s c b 1582,0,1
2010,block_member,service pensioner,0,1
2010,block_member,small industry,0,2
2010,block_member,small scale industry,0,1
2010,block_member,social activities,0,1
2010,block_member,social activitis,0,1
2010,block_member,social service,0,3
2010,block_member,social work,0,49
2010,block_member,"social work, community radio",0,1
2010,block_member,social worker,0,108
2010,block_member,social worker&farmer,0,1
2010,block_member,"social worker, political worker",0,1
2010,block_member,"social worker,aurvedic doctor",0,1
2010,block_member,socialworker,0,5
2010,block_member,"socialworker,planter",0,1
2010,block_member,socilal worker,0,2
2010,block_member,sr.clerk,0,1
2010,block_member,"sr.clerk,scb ltd 2570",0,1
2010,block_member,stitching,0,1
2010,block_member,student,1,5
2010,block_member,tailor,0,4
2010,block_member,tailoring,0,8
2010,block_member,teacher,0,81
2010,block_member,teacher ( in a charitable foundation),0,1
2010,block_member,teacher (private),0,2
2010,block_member,teacher (retd),0,1
2010,block_member,teacher (retd.),0,1
2010,block_member,teacher (rtd),0,1
2010,block_member,teacher - private college,0,1
2010,block_member,teacher(private school),0,1
2010,block_member,teacher(retired),0,1
2010,block_member,teacher(unaided),0,1
2010,block_member,"teacher,ummathoor mlp school",0,1
2010,block_member,teaching,0,1
2010,block_member,teaching(priavte institution),0,1
2010,block_member,techinician,0,1
2010,block_member,travels service,0,1
2010,block_member,tutor,0,1
2010,block_member,typist (private firm),0,1
2010,block_member,u.p.s.a,0,1
2010,block_member,vaidyan,0,1
2010,block_member,vanitha co-operative society secretary,0,1
2010,block_member,vydyan,0,1
2010,block_member,wachmav,0,1
2010,block_member,watch mechanic,0,1
2010,block_member,watchman,0,1
2010,block_member,weaver,0,1
2010,block_member,NA,NA,386
2010,gp_ward,",aided school teacher",0,1
2010,gp_ward,",pentioner,professional",0,1
2010,gp_ward,-,NA,37
2010,gp_ward,.,0,18
2010,gp_ward,accountant,0,19
2010,gp_ward,accountant (co-operative bank),0,1
2010,gp_ward,accountant (private),0,1
2010,gp_ward,"accountant , areacode service co-operative bank",0,1
2010,gp_ward,accountant in a private firm,0,1
2010,gp_ward,accountant in service co-operative bank,0,1
2010,gp_ward,"accountant,vazhayur service co-operative bank",0,1
2010,gp_ward,accounts officer in a pvt.firm,0,1
2010,gp_ward,active politiion,0,1
2010,gp_ward,actor,0,1
2010,gp_ward,actress,0,1
2010,gp_ward,administrator st.antony\\\'s college kanjirappally,0,1
2010,gp_ward,adovacate,0,1
2010,gp_ward,adv clerk,0,1
2010,gp_ward,adv.clerk,0,1
2010,gp_ward,advacat clerk,0,1
2010,gp_ward,advacate,0,1
2010,gp_ward,advacate clerk,0,1
2010,gp_ward,advocate,0,149
2010,gp_ward,advocate \\\\\\\'s clerk,0,1
2010,gp_ward,advocate clerk,0,3
2010,gp_ward,advocate cum principal,0,1
2010,gp_ward,advocate\'s clerk,0,1
2010,gp_ward,agency work,0,1
2010,gp_ward,agent,0,1
2010,gp_ward,"agent (p.s.c.bank,perumanna)",0,1
2010,gp_ward,agent (paper ),0,1
2010,gp_ward,agent -lic of india,0,1
2010,gp_ward,agent of pearls india ltd.,0,1
2010,gp_ward,aggriculture,0,1
2010,gp_ward,agiculture,0,3
2010,gp_ward,agraiculture,0,1
2010,gp_ward,agricalture,0,1
2010,gp_ward,agriculcture,0,2
2010,gp_ward,agricultaral,0,1
2010,gp_ward,agricultire,0,1
2010,gp_ward,agricultre,0,5
2010,gp_ward,agricultur,0,5
2010,gp_ward,agricultural,0,17
2010,gp_ward,agricultural bank employee,0,1
2010,gp_ward,agricultural labour,0,5
2010,gp_ward,agricultural labourer,0,4
2010,gp_ward,agricultural work,0,2
2010,gp_ward,agricultural worker,0,4
2010,gp_ward,agriculturalist,0,9
2010,gp_ward,agriculture,0,1297
2010,gp_ward,agriculture $ industry,0,1
2010,gp_ward,agriculture & business,0,2
2010,gp_ward,agriculture & social worker,0,1
2010,gp_ward,agriculture labour,0,13
2010,gp_ward,agriculture labourer,0,1
2010,gp_ward,agriculture worker,0,4
2010,gp_ward,agriculture&social worker,0,1
2010,gp_ward,"agriculture, construction labour",0,1
2010,gp_ward,"agriculture, cooli",0,1
2010,gp_ward,"agriculture, lic agent",0,1
2010,gp_ward,"agriculture, social worker",0,1
2010,gp_ward,"agriculture,asha worker",0,1
2010,gp_ward,"agriculture,lic",0,1
2010,gp_ward,"agriculture,social work",0,1
2010,gp_ward,"agriculture,social worker",0,1
2010,gp_ward,agriculturelabourer,0,1
2010,gp_ward,agriculturer,0,7
2010,gp_ward,agriculturist,0,56
2010,gp_ward,agriculturor,0,1
2010,gp_ward,agriculure,0,2
2010,gp_ward,agriculure labour,0,1
2010,gp_ward,agricutural labour,0,1
2010,gp_ward,agricuture,0,5
2010,gp_ward,agruculture,0,3
2010,gp_ward,aided . school staff,0,1
2010,gp_ward,aided college employee,0,1
2010,gp_ward,aided school employ,0,1
2010,gp_ward,aided school employee,0,2
2010,gp_ward,aided school lab assistant,0,1
2010,gp_ward,aided school staff,0,1
2010,gp_ward,aided school teacher,0,10
2010,gp_ward,aided up school teacher,0,1
2010,gp_ward,aidedschool teacher,0,1
2010,gp_ward,akshaya computer center,0,1
2010,gp_ward,akshaya enterprenuer,0,1
2010,gp_ward,akshaya entrepreneur,0,1
2010,gp_ward,alathur service co operativ bank,0,1
2010,gp_ward,alternate school teacher,0,1
2010,gp_ward,aluminium fabrication,0,1
2010,gp_ward,aluminium fabricator,0,1
2010,gp_ward,amrutham food supliment unit,0,1
2010,gp_ward,anganvady worker,0,1
2010,gp_ward,anganwadi worker,0,1
2010,gp_ward,animator of sreyas,0,1
2010,gp_ward,apcos employee,0,1
2010,gp_ward,"apcos,paravoor secretary",0,1
2010,gp_ward,apo in vocational training institution,0,1
2010,gp_ward,appollo tyres,0,1
2010,gp_ward,appraiser,0,1
2010,gp_ward,appriser,0,1
2010,gp_ward,arabic teacher,0,2
2010,gp_ward,arabic teacher(ft),0,1
2010,gp_ward,artisance,0,1
2010,gp_ward,artist,0,11
2010,gp_ward,artist and photographer,0,1
2010,gp_ward,"artist,painter,kudumabasree mission faculty member",0,1
2010,gp_ward,asa worker,0,3
2010,gp_ward,asaworker,0,1
2010,gp_ward,asaworker and housework,0,1
2010,gp_ward,asha,0,1
2010,gp_ward,asha employee,0,1
2010,gp_ward,asha valandiar,0,2
2010,gp_ward,asha volunteer,0,2
2010,gp_ward,asha worker,0,89
2010,gp_ward,ashaworker,0,5
2010,gp_ward,asianet cable field worker,0,1
2010,gp_ward,assa worker,0,1
2010,gp_ward,assistant engineer(rtd),0,1
2010,gp_ward,assistant professor,0,1
2010,gp_ward,assistant sales manager,0,1
2010,gp_ward,assistant teacher (aided),0,1
2010,gp_ward,associate professor,0,2
2010,gp_ward,associate proffessor,0,1
2010,gp_ward,asst teacher not approved,0,1
2010,gp_ward,asst. secretary psc bank,0,1
2010,gp_ward,astroleger,0,1
2010,gp_ward,attendar,0,1
2010,gp_ward,attender,0,4
2010,gp_ward,"attender ,service co-opreative bank",0,1
2010,gp_ward,"attender apcard bank, alathur",0,1
2010,gp_ward,attender bank,0,2
2010,gp_ward,attender vanitha co op society,0,1
2010,gp_ward,attender(vanitha sahakarana sangham),0,1
2010,gp_ward,"attender,aided school",0,1
2010,gp_ward,"attender,milk society",0,1
2010,gp_ward,attender- dharmadam service co-op bank,0,1
2010,gp_ward,"autherised agent,n.s.s",0,1
2010,gp_ward,authorised ration dealer,0,1
2010,gp_ward,auto consultant,0,1
2010,gp_ward,auto driver,0,12
2010,gp_ward,auto electrician,0,1
2010,gp_ward,auto rickshaw driver,0,2
2010,gp_ward,autodriver,0,1
2010,gp_ward,autorikshaw driver,0,1
2010,gp_ward,aya,0,1
2010,gp_ward,ayurvedic medicine packing,0,2
2010,gp_ward,ayurvedic physician,0,1
2010,gp_ward,ayurvedic therapist,0,1
2010,gp_ward,b. c. co-op. bank,0,1
2010,gp_ward,b.p.c.l.gas plant,0,1
2010,gp_ward,bajaj alliance life insurance consultant,0,1
2010,gp_ward,bank,0,1
2010,gp_ward,bank accountant,0,2
2010,gp_ward,bank bill collection,0,2
2010,gp_ward,bank bill collector,0,3
2010,gp_ward,bank bill collector(service bank),0,1
2010,gp_ward,bank clerk,0,7
2010,gp_ward,bank collection,0,1
2010,gp_ward,bank collection agent,0,7
2010,gp_ward,bank commision agent,0,1
2010,gp_ward,bank daily collection,0,1
2010,gp_ward,bank daily collection agent,0,2
2010,gp_ward,bank employe,0,1
2010,gp_ward,bank employee,0,25
2010,gp_ward,bank employee (service co-operative),0,1
2010,gp_ward,bank inspector,0,1
2010,gp_ward,bank manager,0,1
2010,gp_ward,bank prasident,0,1
2010,gp_ward,bank staff,0,3
2010,gp_ward,bar waiter,0,1
2010,gp_ward,barbar,0,1
2010,gp_ward,barber,0,1
2010,gp_ward,beautician,0,5
2010,gp_ward,beautytion,0,2
2010,gp_ward,beedi,0,5
2010,gp_ward,beedi maker,0,1
2010,gp_ward,beedi rolling,0,2
2010,gp_ward,beedi worker,0,23
2010,gp_ward,"beedi worker, kerala dinesh beedi",0,1
2010,gp_ward,beedu worker,0,1
2010,gp_ward,bell caption,0,1
2010,gp_ward,bill -collector,0,1
2010,gp_ward,bill colector,0,1
2010,gp_ward,bill collection,0,3
2010,gp_ward,bill collector,0,19
2010,gp_ward,bill collector co-op bank,0,3
2010,gp_ward,bill collector co-op.bank,0,1
2010,gp_ward,bill collector co-operative bank,0,1
2010,gp_ward,bill collector co_or bank,0,1
2010,gp_ward,bill collector in co - operative bank,0,2
2010,gp_ward,"bill collector, abkari welfare co-op society",0,1
2010,gp_ward,"bill collector, co -op bank",0,3
2010,gp_ward,"bill collector, tirurangadi co-operative bank, kakkad branch",0,1
2010,gp_ward,bissines,0,1
2010,gp_ward,bissiness,0,1
2010,gp_ward,blacksmith,0,2
2010,gp_ward,br.manager,0,1
2010,gp_ward,"branch manager ,cherukunnu service co-operative bank",0,1
2010,gp_ward,building contracter(labour),0,1
2010,gp_ward,building designer,0,3
2010,gp_ward,building labourer,0,1
2010,gp_ward,building superviser,0,1
2010,gp_ward,building work,0,1
2010,gp_ward,buisines,0,2
2010,gp_ward,buisiness,0,24
2010,gp_ward,buisnes,0,1
2010,gp_ward,buisness,0,19
2010,gp_ward,bus body work,0,1
2010,gp_ward,bus conductor,0,4
2010,gp_ward,businees,0,1
2010,gp_ward,busines,0,4
2010,gp_ward,business,0,979
2010,gp_ward,business (beauty parler),0,1
2010,gp_ward,business (medical shop),0,1
2010,gp_ward,business worker,0,1
2010,gp_ward,business(aluminium fabrication),0,1
2010,gp_ward,"business, agriculture",0,1
2010,gp_ward,"business, farmer",0,1
2010,gp_ward,"business, social worker",0,1
2010,gp_ward,"business,agriculture",0,1
2010,gp_ward,"business,agriculture,public worker",0,1
2010,gp_ward,"business,farmer",0,1
2010,gp_ward,"business,l.i.c agent",0,1
2010,gp_ward,"business,l.i.c.agent",0,1
2010,gp_ward,business/agriculture,0,1
2010,gp_ward,busness,0,3
2010,gp_ward,bussines,0,4
2010,gp_ward,bussiness,0,47
2010,gp_ward,bussiness.,0,2
2010,gp_ward,bussiness/farmer,0,1
2010,gp_ward,bussinnes,0,1
2010,gp_ward,bussinus,0,3
2010,gp_ward,busuness,0,1
2010,gp_ward,c d s,0,1
2010,gp_ward,c d s member,0,1
2010,gp_ward,c.d.s member,0,1
2010,gp_ward,c.t.v news reader,0,1
2010,gp_ward,c00li,0,1
2010,gp_ward,cable network,0,2
2010,gp_ward,cable operator,0,1
2010,gp_ward,cable t v technician,0,1
2010,gp_ward,cable t.v operator,0,1
2010,gp_ward,cable tv network & catering service,0,1
2010,gp_ward,cable tv operator,0,4
2010,gp_ward,canteen,0,1
2010,gp_ward,carpanter,0,1
2010,gp_ward,carpender,0,1
2010,gp_ward,carpenier,0,1
2010,gp_ward,carpentar,0,2
2010,gp_ward,carpentary worker,0,1
2010,gp_ward,carpenter,0,18
2010,gp_ward,carpenter work,0,1
2010,gp_ward,carpentor,0,1
2010,gp_ward,cashew company employee,0,1
2010,gp_ward,cashew factory worker,0,2
2010,gp_ward,cashew worker,0,3
2010,gp_ward,cashier in co-op. bank,0,1
2010,gp_ward,cashier vsc bank,0,1
2010,gp_ward,catering,0,1
2010,gp_ward,cattering service,0,1
2010,gp_ward,cbse tteacher,0,1
2010,gp_ward,cds member,0,1
2010,gp_ward,cds vice chairperson,0,1
2010,gp_ward,chief advisor of lic of india,0,1
2010,gp_ward,chief life insurance advisor,0,1
2010,gp_ward,chooly,0,1
2010,gp_ward,chumattu thozhilali,0,1
2010,gp_ward,cinema operator,0,1
2010,gp_ward,citu head loading,0,1
2010,gp_ward,civil condractor,0,1
2010,gp_ward,civil engineer,0,4
2010,gp_ward,class iv employee co- operative,0,1
2010,gp_ward,clerk,0,16
2010,gp_ward,clerk (private firm),0,1
2010,gp_ward,clerk co-op milk society,0,1
2010,gp_ward,clerk dcb thrissur,0,1
2010,gp_ward,clerk in private institution,0,1
2010,gp_ward,"clerk in svhss, clappana",0,1
2010,gp_ward,clerk of advocate,0,1
2010,gp_ward,clerk private school,0,1
2010,gp_ward,clerk service cooperative bank,0,1
2010,gp_ward,clerk(co-operative bank),0,1
2010,gp_ward,clerk(co-operative),0,1
2010,gp_ward,clerk(scb),0,1
2010,gp_ward,clerk(school),0,1
2010,gp_ward,"clerk, ptmhs thrikkatiri",0,1
2010,gp_ward,"clerk,milk society",0,1
2010,gp_ward,clerk- areacode service co-operative bank,0,1
2010,gp_ward,cnc-programmer,0,1
2010,gp_ward,co - op. bank manager,0,1
2010,gp_ward,co operative bank employee,0,2
2010,gp_ward,co operative bank staff,0,1
2010,gp_ward,"co operative bank, kolazhy",0,1
2010,gp_ward,co operative employee,0,1
2010,gp_ward,co operative sector,0,1
2010,gp_ward,co- op. bank clerk,0,1
2010,gp_ward,co- operative employee,0,1
2010,gp_ward,co- operative society employee,0,1
2010,gp_ward,co- opp banksecratory,0,1
2010,gp_ward,co-op bank president,0,1
2010,gp_ward,co-op employee,0,2
2010,gp_ward,co-op.bank employee,0,1
2010,gp_ward,co-oparative bank secretary,0,1
2010,gp_ward,co-ope-employee,0,1
2010,gp_ward,co-operative bank,0,2
2010,gp_ward,co-operative bank collection agent,0,2
2010,gp_ward,co-operative bank daily collection agent,0,1
2010,gp_ward,co-operative bank employee,0,15
2010,gp_ward,co-operative bank manager,0,1
2010,gp_ward,co-operative bank peon,0,1
2010,gp_ward,co-operative bank pigme,0,1
2010,gp_ward,co-operative bank secretary,0,1
2010,gp_ward,co-operative bank typist,0,1
2010,gp_ward,co-operative college clerk,0,1
2010,gp_ward,co-operative department,0,1
2010,gp_ward,co-operative employ,0,1
2010,gp_ward,co-operative employee,0,19
2010,gp_ward,co-operative employee(senior clerk),0,1
2010,gp_ward,co-operative sector,0,1
2010,gp_ward,co-operative society employee,0,1
2010,gp_ward,co-operative society staff,0,1
2010,gp_ward,co-operative zone,0,1
2010,gp_ward,co-operatove sector,0,1
2010,gp_ward,co-operive sector,0,1
2010,gp_ward,co-oprative bank employee,0,1
2010,gp_ward,co.op bank employee,0,1
2010,gp_ward,co.op. bank employee,0,1
2010,gp_ward,co.op.bank cleark,0,1
2010,gp_ward,co.op.bank employee,0,2
2010,gp_ward,co.op.bank staff,0,1
2010,gp_ward,co.operative bank clerk,0,1
2010,gp_ward,co.operative employee,0,3
2010,gp_ward,coach (martial arts ),0,1
2010,gp_ward,coconut climber,0,3
2010,gp_ward,cod area co ordinator,0,1
2010,gp_ward,coir,0,1
2010,gp_ward,coir factory,0,3
2010,gp_ward,coir factory worker,0,2
2010,gp_ward,coir factory works,0,1
2010,gp_ward,coir labour,0,1
2010,gp_ward,coir labourer,0,2
2010,gp_ward,coir maker,0,1
2010,gp_ward,coir manufacturing,0,1
2010,gp_ward,coir society temporory worker,0,1
2010,gp_ward,coir thozhilali,0,1
2010,gp_ward,coir work,0,3
2010,gp_ward,coir worker,0,11
2010,gp_ward,coir works,0,1
2010,gp_ward,coir-worker,0,1
2010,gp_ward,"colection agent , bank",0,1
2010,gp_ward,collection agent,0,43
2010,gp_ward,collection agent ( kdc bank),0,1
2010,gp_ward,collection agent (co-society),0,1
2010,gp_ward,collection agent co.operative bank,0,1
2010,gp_ward,collection agent dcb konni,0,1
2010,gp_ward,collection agent of kscb,0,1
2010,gp_ward,collection agent scb vadaserikara,0,1
2010,gp_ward,collection agent(mkm scb),0,1
2010,gp_ward,collection agent(rural housing society,0,1
2010,gp_ward,"collection agent,mannam co-operative bank",0,1
2010,gp_ward,collection agent-chass,0,1
2010,gp_ward,college staff,0,1
2010,gp_ward,collie,0,2
2010,gp_ward,"commission agency ,nagalassery scb",0,1
2010,gp_ward,commission agent of scb 106,0,1
2010,gp_ward,commission bill collector,0,1
2010,gp_ward,compani manager,0,1
2010,gp_ward,company employee,0,6
2010,gp_ward,company job,0,3
2010,gp_ward,company representative,0,1
2010,gp_ward,company worker,0,5
2010,gp_ward,computer faculty,0,1
2010,gp_ward,computer hardware,0,1
2010,gp_ward,computer instructor,0,1
2010,gp_ward,computer teacher,0,9
2010,gp_ward,concrete worker,0,2
2010,gp_ward,conductor,0,1
2010,gp_ward,consrtuction worker,0,2
2010,gp_ward,construction,0,6
2010,gp_ward,construction helper,0,1
2010,gp_ward,construction labour,0,4
2010,gp_ward,construction labourer,0,1
2010,gp_ward,construction work,0,16
2010,gp_ward,construction worker,0,27
2010,gp_ward,constrution works,0,1
2010,gp_ward,contract,0,1
2010,gp_ward,contractor,0,16
2010,gp_ward,contruction worker,0,1
2010,gp_ward,coole,0,1
2010,gp_ward,coolee,0,4
2010,gp_ward,cooley,0,2
2010,gp_ward,cooley(helper),0,1
2010,gp_ward,cooli,0,98
2010,gp_ward,cooli.,0,1
2010,gp_ward,coolie,0,363
2010,gp_ward,coolie (company-asian terminal),0,1
2010,gp_ward,coolie work,0,1
2010,gp_ward,cooly,0,46
2010,gp_ward,cooperative,0,1
2010,gp_ward,cooperative bank employee,0,2
2010,gp_ward,cooperative employee,0,1
2010,gp_ward,cooperative sector,0,1
2010,gp_ward,coperative bank employee,0,1
2010,gp_ward,coperative employee,0,1
2010,gp_ward,coperative society employee,0,1
2010,gp_ward,correspondent,0,1
2010,gp_ward,costruction worker,0,1
2010,gp_ward,csr technician,0,1
2010,gp_ward,cultivation,0,12
2010,gp_ward,cultivator & buisinessman,0,1
2010,gp_ward,cycle repairing,0,1
2010,gp_ward,cycle work shop,0,1
2010,gp_ward,d.t.p operator,0,1
2010,gp_ward,daily labour,0,2
2010,gp_ward,daily wage,0,5
2010,gp_ward,daily wages,0,4
2010,gp_ward,daily worker,0,1
2010,gp_ward,dairy,0,1
2010,gp_ward,dairy farmer,0,1
2010,gp_ward,dance master,0,1
2010,gp_ward,dance teacher,0,1
2010,gp_ward,data enry operatator,0,1
2010,gp_ward,data entry operator,0,1
2010,gp_ward,day labour,0,1
2010,gp_ward,deposit collection agent,0,1
2010,gp_ward,development manager,0,1
2010,gp_ward,diary farmer,0,1
2010,gp_ward,dinesh beedi thozhilali,0,1
2010,gp_ward,"director mother hospital ,areacode",0,1
2010,gp_ward,dist.co-operative bank bill collector,0,1
2010,gp_ward,dist.programme officer (retired),0,1
2010,gp_ward,doctor,0,5
2010,gp_ward,doctor( ayurveda),0,1
2010,gp_ward,document writer,0,17
2010,gp_ward,document writer clerk,0,1
2010,gp_ward,document writter,0,3
2010,gp_ward,domestic administration,0,1
2010,gp_ward,draftman (autocad),0,1
2010,gp_ward,drill teacher,0,1
2010,gp_ward,driver,0,157
2010,gp_ward,driver (milma),0,1
2010,gp_ward,driver business,0,1
2010,gp_ward,driver(coolie),0,1
2010,gp_ward,"driver, farmer",0,1
2010,gp_ward,driving,0,5
2010,gp_ward,driving & agriculture,0,1
2010,gp_ward,drivor,0,1
2010,gp_ward,dt head mistress,0,1
2010,gp_ward,dtp operator,0,1
2010,gp_ward,dyeing worker of weavers society,0,2
2010,gp_ward,editor (labour india),0,1
2010,gp_ward,electrecian,0,1
2010,gp_ward,electrial&plumbling,0,1
2010,gp_ward,electrian,0,1
2010,gp_ward,electrical,0,1
2010,gp_ward,electrical contractor & trader,0,1
2010,gp_ward,electrical contrator,0,1
2010,gp_ward,electrical wire man,0,1
2010,gp_ward,electrical wireman,0,2
2010,gp_ward,electrician,0,30
2010,gp_ward,electricion,0,2
2010,gp_ward,electrictian,0,1
2010,gp_ward,electrision,0,1
2010,gp_ward,electritian,0,2
2010,gp_ward,electrition,0,3
2010,gp_ward,electronics mechanic,0,1
2010,gp_ward,eletrician,0,1
2010,gp_ward,employee in co-operative bank,0,1
2010,gp_ward,employee in fisheries sector,0,1
2010,gp_ward,employee in pvt ltd company,0,1
2010,gp_ward,employee in ulikkal service co-operative bank,0,1
2010,gp_ward,estate cooly,0,2
2010,gp_ward,estate labour,0,19
2010,gp_ward,estate supervisior,0,1
2010,gp_ward,estate worker,0,13
2010,gp_ward,ex service,0,4
2010,gp_ward,ex service man,0,2
2010,gp_ward,ex servicw,0,1
2010,gp_ward,ex- service man,0,1
2010,gp_ward,ex- serviceman,0,1
2010,gp_ward,ex-merchant navy,0,1
2010,gp_ward,"ex-serice man , business",0,1
2010,gp_ward,ex-serivce,0,1
2010,gp_ward,ex-service,0,6
2010,gp_ward,ex-service man,0,2
2010,gp_ward,ex-serviceman,0,3
2010,gp_ward,ex-servoceman,0,1
2010,gp_ward,ex. i.a.f,0,1
2010,gp_ward,ex.army,0,1
2010,gp_ward,ex.service man,0,1
2010,gp_ward,ex.service men,0,1
2010,gp_ward,executive,0,1
2010,gp_ward,factory employee,0,2
2010,gp_ward,factory work,0,1
2010,gp_ward,"faculty,cadd centre",0,1
2010,gp_ward,fancy shop,0,1
2010,gp_ward,farer,0,1
2010,gp_ward,farmar,0,9
2010,gp_ward,farmer,0,469
2010,gp_ward,"farmer, political worker",0,1
2010,gp_ward,"farmer,business",0,1
2010,gp_ward,"farmer,lic agent",0,1
2010,gp_ward,farmer/bussines,0,1
2010,gp_ward,farming,0,4
2010,gp_ward,farming society clerk,0,1
2010,gp_ward,field worker,0,1
2010,gp_ward,financial advisor,0,1
2010,gp_ward,financial consultant,0,1
2010,gp_ward,fish marchant,0,2
2010,gp_ward,fish vendor,0,1
2010,gp_ward,fish worker,0,2
2010,gp_ward,fisher man,0,2
2010,gp_ward,fisher men,0,2
2010,gp_ward,fisher woman,0,1
2010,gp_ward,fisherman,0,47
2010,gp_ward,fishermen,0,9
2010,gp_ward,fishing,0,15
2010,gp_ward,fishing man,0,1
2010,gp_ward,flower mil owner,0,1
2010,gp_ward,flower shop,0,1
2010,gp_ward,former factory employee,0,1
2010,gp_ward,forum ire,0,1
2010,gp_ward,free lance journalist & artist,0,1
2010,gp_ward,furniture business,0,1
2010,gp_ward,furniture work,0,1
2010,gp_ward,garments,0,3
2010,gp_ward,gathi worker,0,1
2010,gp_ward,general work,0,1
2010,gp_ward,general worker,0,4
2010,gp_ward,gold smith,0,2
2010,gp_ward,gold work,0,2
2010,gp_ward,gold worker,0,1
2010,gp_ward,government servent(rtd.),0,1
2010,gp_ward,govt.service(retired),0,1
2010,gp_ward,graphic designer,0,1
2010,gp_ward,guest lecturer,0,1
2010,gp_ward,guestlecturer,0,1
2010,gp_ward,gust teacher,0,1
2010,gp_ward,h,0,1
2010,gp_ward,h s a,0,1
2010,gp_ward,h s a (aided school),0,1
2010,gp_ward,h.s.a,0,2
2010,gp_ward,h.s.a. retired,0,1
2010,gp_ward,h/w,0,3
2010,gp_ward,handicraft,0,1
2010,gp_ward,handloom,0,1
2010,gp_ward,hdfc financial consultant,0,1
2010,gp_ward,head clerk(co-operative bank),0,1
2010,gp_ward,"head clerk, k s c b, west kadungalloor",0,1
2010,gp_ward,head load,0,2
2010,gp_ward,head load union worker,0,1
2010,gp_ward,head load worker,0,14
2010,gp_ward,head loading,0,1
2010,gp_ward,head master,0,4
2010,gp_ward,head master (retd),0,1
2010,gp_ward,head master (rtd.),0,1
2010,gp_ward,head mistress,0,1
2010,gp_ward,head mistress (retd.),0,1
2010,gp_ward,headload worker,0,5
2010,gp_ward,headmaster,0,3
2010,gp_ward,headmistress,0,2
2010,gp_ward,health worker,0,2
2010,gp_ward,heavy driver,0,1
2010,gp_ward,hed load worker,0,1
2010,gp_ward,helper (p.d.d.p),0,1
2010,gp_ward,helper private nursary scool,0,1
2010,gp_ward,herbal sector(self employed),0,1
2010,gp_ward,high school assistant,0,1
2010,gp_ward,high school teacher,0,1
2010,gp_ward,high shool assistant,0,1
2010,gp_ward,higher secondary school teacher,0,1
2010,gp_ward,higher secondary teacher,0,1
2010,gp_ward,higher secondary teacher(daily wages),0,1
2010,gp_ward,higher secondary teacher(retd.),0,1
2010,gp_ward,home maker,1,1
2010,gp_ward,homeo doctor,0,1
2010,gp_ward,homeo pharmacist,0,1
2010,gp_ward,homeopathic practioner,0,1
2010,gp_ward,hose hold,0,1
2010,gp_ward,hose wife,0,3
2010,gp_ward,hosewife,0,1
2010,gp_ward,hotel,0,1
2010,gp_ward,hotel (kudumbasree ),0,1
2010,gp_ward,"hotel, house keeping",0,1
2010,gp_ward,houe wife,0,1
2010,gp_ward,house ful,0,1
2010,gp_ward,house hold,1,7
2010,gp_ward,house keeper,0,1
2010,gp_ward,house wife,1,1802
2010,gp_ward,house wife(pensioner),0,1
2010,gp_ward,house wife(social worker),0,1
2010,gp_ward,house wife.,0,1
2010,gp_ward,house wiffe,0,1
2010,gp_ward,house-wife,0,4
2010,gp_ward,house.wife.,0,1
2010,gp_ward,household,1,12
2010,gp_ward,housewife,1,298
2010,gp_ward,hr consultant,0,1
2010,gp_ward,hsa,0,2
2010,gp_ward,"hsa ,palora h.s.s",0,1
2010,gp_ward,hsst,0,1
2010,gp_ward,hsst (statistics),0,1
2010,gp_ward,hsst sanskrit,0,1
2010,gp_ward,i t c office staff,0,1
2010,gp_ward,i.o.c.condract labor,0,1
2010,gp_ward,icici agent,0,1
2010,gp_ward,icici prodential financial advicer,0,1
2010,gp_ward,indian coffee house,0,1
2010,gp_ward,industrial labour,0,1
2010,gp_ward,industrial work,0,1
2010,gp_ward,industrial worker,0,2
2010,gp_ward,industry,0,3
2010,gp_ward,industry worker,0,1
2010,gp_ward,instructor,0,1
2010,gp_ward,instructor in computer,0,1
2010,gp_ward,instructor(teacher)in itc,0,1
2010,gp_ward,insurance agent,0,4
2010,gp_ward,insurance agent-lic,0,1
2010,gp_ward,insurance consultant,0,1
2010,gp_ward,insurance mentor,0,1
2010,gp_ward,insurence agent,0,3
2010,gp_ward,intuc union,0,1
2010,gp_ward,intuc. labour,0,1
2010,gp_ward,it instructor,0,1
2010,gp_ward,j.e tata indicom,0,1
2010,gp_ward,janasevanam,0,1
2010,gp_ward,janayugamdailyreporter,0,1
2010,gp_ward,jernalist,0,1
2010,gp_ward,journalism,0,1
2010,gp_ward,journalist,0,5
2010,gp_ward,jr clerk,0,1
2010,gp_ward,jr. cashier. v.s.c. bank valanchery,0,1
2010,gp_ward,jr.clecrk kottakkal co operative urban bank,0,1
2010,gp_ward,jr.clerk,0,2
2010,gp_ward,"jr.clerk, kainakary scb",0,1
2010,gp_ward,junior clerk (co-operative society),0,1
2010,gp_ward,junior clerk in o .s.c. bank,0,1
2010,gp_ward,"junior clerk, melila service co-operative bank",0,1
2010,gp_ward,k s f e agent,0,1
2010,gp_ward,k.s.e.b pensioner,0,1
2010,gp_ward,k.s.e.b. contractor,0,1
2010,gp_ward,k.s.e.dairy division senior sales organizer,0,1
2010,gp_ward,k.s.f.e agent,0,2
2010,gp_ward,k.s.r.t.c employee,0,1
2010,gp_ward,k.s.r.t.c. retired,0,1
2010,gp_ward,k.u.c.s(secretary),0,1
2010,gp_ward,karshakan,0,1
2010,gp_ward,kerala dinesh beedi worker,0,1
2010,gp_ward,khadi spinner,0,1
2010,gp_ward,khadi teacher(retired),0,1
2010,gp_ward,khadi worker,0,1
2010,gp_ward,koolee,0,2
2010,gp_ward,kooli,0,29
2010,gp_ward,koolie,0,7
2010,gp_ward,kooly,0,7
2010,gp_ward,krishi,0,11
2010,gp_ward,krishy,0,1
2010,gp_ward,ksheerasangam secratoty,0,1
2010,gp_ward,ksrtc inspector(rtd),0,1
2010,gp_ward,kucs,0,1
2010,gp_ward,kudumbasree ads,0,1
2010,gp_ward,kudumbasree ads & cds member,0,1
2010,gp_ward,kudumbasree jilla mission mec,0,1
2010,gp_ward,kudumbasree member,0,1
2010,gp_ward,kudumbasree resource person,0,1
2010,gp_ward,kudumbasree worker,0,1
2010,gp_ward,l d clerck,0,1
2010,gp_ward,"l g s - poly technic , tirur",0,1
2010,gp_ward,l i c - agent,0,2
2010,gp_ward,l i c agend,0,1
2010,gp_ward,l i c agent,0,34
2010,gp_ward,l i c chief advisor,0,1
2010,gp_ward,l. g. s,0,1
2010,gp_ward,l. i. c agent,0,2
2010,gp_ward,l.b.s,0,1
2010,gp_ward,l.d.c mea college areacode,0,1
2010,gp_ward,l.i.c,0,1
2010,gp_ward,l.i.c agent,0,29
2010,gp_ward,l.i.c. agent,0,14
2010,gp_ward,"l.i.c. agent, agriculture",0,1
2010,gp_ward,l.i.c.agent,0,7
2010,gp_ward,lab .assistant,0,1
2010,gp_ward,lab assistant,0,5
2010,gp_ward,"lab assistant, aided school",0,1
2010,gp_ward,lab mechanic,0,1
2010,gp_ward,lab techneetion,0,1
2010,gp_ward,lab technician,0,6
2010,gp_ward,lab technition,0,1
2010,gp_ward,lab-technician (pvt),0,1
2010,gp_ward,laboratory technician,0,1
2010,gp_ward,labour,0,27
2010,gp_ward,labour cashew factory,0,1
2010,gp_ward,labour contractor,0,1
2010,gp_ward,labourer,0,3
2010,gp_ward,ladies tailoring,0,1
2010,gp_ward,language teacher,0,1
2010,gp_ward,lawyer,0,6
2010,gp_ward,"ldc(h. grade), dbc, sasthamcotta",0,1
2010,gp_ward,lecturer,0,1
2010,gp_ward,lecturer(private),0,1
2010,gp_ward,legal consulting,0,1
2010,gp_ward,li c agent,0,1
2010,gp_ward,librarian,0,3
2010,gp_ward,library assistant,0,1
2010,gp_ward,lic,0,1
2010,gp_ward,lic & gic,0,1
2010,gp_ward,lic & rd agent,0,1
2010,gp_ward,lic .agent,0,1
2010,gp_ward,lic advisor,0,1
2010,gp_ward,lic agent,0,194
2010,gp_ward,"lic agent, asha worker",0,1
2010,gp_ward,"lic agent, farmer",0,1
2010,gp_ward,"lic agent, gic agent",0,1
2010,gp_ward,"lic agent, tuition",0,1
2010,gp_ward,"lic agent,business",0,1
2010,gp_ward,"lic agent,tution teacher",0,1
2010,gp_ward,"lic agent,wedding album designer",0,1
2010,gp_ward,"lic, mf adviser",0,1
2010,gp_ward,"lic, mpkby agent",0,1
2010,gp_ward,lic.agent,0,2
2010,gp_ward,licenced building supervisor,0,2
2010,gp_ward,life india agent,0,1
2010,gp_ward,lights & sounds,0,1
2010,gp_ward,loading,0,5
2010,gp_ward,loading worker,0,1
2010,gp_ward,lpg- delivery man,0,1
2010,gp_ward,lps assistant,0,1
2010,gp_ward,lpsa,0,1
2010,gp_ward,m nrega,0,3
2010,gp_ward,m p k b y agent,0,2
2010,gp_ward,m r f employee,0,1
2010,gp_ward,m.c.l. society,0,1
2010,gp_ward,m.p kby agent,0,1
2010,gp_ward,m.p.k. by agents,0,1
2010,gp_ward,m.p.k.b.y agent,0,2
2010,gp_ward,m.p.k.b.y. agent,0,2
2010,gp_ward,machanic,0,1
2010,gp_ward,madrasa teacher,0,1
2010,gp_ward,madrassa teacher,0,3
2010,gp_ward,mahila pradan agent,0,1
2010,gp_ward,mahila pradhan agent,0,4
2010,gp_ward,mahila prathan agent,0,1
2010,gp_ward,"mahilapradan agent,social worker",0,1
2010,gp_ward,mahilapradhan agent,0,1
2010,gp_ward,maison,0,2
2010,gp_ward,manager,0,1
2010,gp_ward,"manager, payyannur co-op.rural bank",0,1
2010,gp_ward,"manager, petrol pump",0,1
2010,gp_ward,"manager, ration shop",0,1
2010,gp_ward,"manager,central engineering institute &itc mallappally.",0,1
2010,gp_ward,marbil worker,0,1
2010,gp_ward,marketing,0,3
2010,gp_ward,marketing executive,0,1
2010,gp_ward,marketing executive in share broking firm,0,1
2010,gp_ward,"marketing executive,parellel college teacher",0,1
2010,gp_ward,marma treatment,0,1
2010,gp_ward,masan,0,1
2010,gp_ward,masan citu union president,0,1
2010,gp_ward,mason,0,16
2010,gp_ward,masonry,0,1
2010,gp_ward,master,0,2
2010,gp_ward,masthiry,0,1
2010,gp_ward,mathrujyothy president,0,1
2010,gp_ward,max newyork life - insurance agent,0,1
2010,gp_ward,mazon,0,1
2010,gp_ward,md-dream sellers architectural and engineering consultancy,0,1
2010,gp_ward,mdkby,0,1
2010,gp_ward,mechanic,0,3
2010,gp_ward,mechanical,0,1
2010,gp_ward,media reporter,0,1
2010,gp_ward,medical practitioner,0,2
2010,gp_ward,"medical practitioner(ayur),social worker",0,1
2010,gp_ward,medical representative,0,2
2010,gp_ward,medical shop worker,0,1
2010,gp_ward,medical-rep/farmer,0,1
2010,gp_ward,member,0,4
2010,gp_ward,merchant,0,19
2010,gp_ward,meson,0,1
2010,gp_ward,messon,0,1
2010,gp_ward,mgnrega worker,0,1
2010,gp_ward,mgnregs worker,0,1
2010,gp_ward,military pensioner,0,1
2010,gp_ward,milk collector,0,1
2010,gp_ward,milk collector(adayamon milk society),0,1
2010,gp_ward,milk salesman,0,1
2010,gp_ward,milk soceity secretary,0,1
2010,gp_ward,milk society,0,2
2010,gp_ward,milk society staff,0,1
2010,gp_ward,"milk society,secretary",0,1
2010,gp_ward,milk tester,0,3
2010,gp_ward,milkman,0,1
2010,gp_ward,milma (k.u.c.s) secretary,0,1
2010,gp_ward,milma employee,0,1
2010,gp_ward,milma secretary ( daily wages ),0,1
2010,gp_ward,mnregs,0,1
2010,gp_ward,mpk by agent,0,1
2010,gp_ward,mpkby & sas,0,1
2010,gp_ward,mpkby agent,0,8
2010,gp_ward,"mpkby agent, thirunavaya",0,1
2010,gp_ward,mrf employee,0,3
2010,gp_ward,mrf worker,0,1
2010,gp_ward,mullurkkara village service co operative bank junior clerk,0,1
2010,gp_ward,"munnar tourism west mgt project ,munnar gp daily wages",0,1
2010,gp_ward,music teacher,0,1
2010,gp_ward,musician,0,1
2010,gp_ward,n n d agent,0,1
2010,gp_ward,n.a,0,2
2010,gp_ward,n.n.d agent,0,1
2010,gp_ward,n.s.c.b. collection agent,0,1
2010,gp_ward,national savings agent,0,1
2010,gp_ward,news paper agency,0,2
2010,gp_ward,news paper agent,0,3
2010,gp_ward,news reporter,0,1
2010,gp_ward,newspaper agency,0,1
2010,gp_ward,newspaper agent,0,1
2010,gp_ward,night watch man,0,1
2010,gp_ward,night watchman,0,2
2010,gp_ward,night watchman in urban co operative society uppala,0,1
2010,gp_ward,"night watchman, co-op. bank, pattambi",0,1
2010,gp_ward,nil,1,3197
2010,gp_ward,nilathezhuthu astti,0,1
2010,gp_ward,nill,0,61
2010,gp_ward,nirmmana thozhil,0,1
2010,gp_ward,nnd agent,0,1
2010,gp_ward,no,1,74
2010,gp_ward,no occupation,0,1
2010,gp_ward,non voccational teacher,0,1
2010,gp_ward,not employed,0,1
2010,gp_ward,not recorded,0,1
2010,gp_ward,nregs,0,1
2010,gp_ward,nrhm,0,1
2010,gp_ward,ntc,0,1
2010,gp_ward,nursary teacher,0,2
2010,gp_ward,nurse,0,4
2010,gp_ward,nursery school teacher,0,1
2010,gp_ward,nursery teacher,0,6
2010,gp_ward,nursing tutor,0,1
2010,gp_ward,nursury teacher,0,2
2010,gp_ward,nusery teacher,0,1
2010,gp_ward,office staff,0,3
2010,gp_ward,offset printer,0,1
2010,gp_ward,operator,0,1
2010,gp_ward,"organizer, gandhi peace foundation",0,1
2010,gp_ward,other activities,0,2
2010,gp_ward,other service,0,4
2010,gp_ward,other service sector,0,1
2010,gp_ward,other services,0,6
2010,gp_ward,other servicing sector,0,2
2010,gp_ward,others,0,6
2010,gp_ward,owner of computer centre,0,1
2010,gp_ward,p t s,0,1
2010,gp_ward,p.c.a.r.d bank staff,0,1
2010,gp_ward,p.r.o(co.operative hospital mpm,0,1
2010,gp_ward,p.s.cb poonjar president,0,1
2010,gp_ward,pacl agent,0,1
2010,gp_ward,paid secretary ( industarial co.op.society ),0,1
2010,gp_ward,painiting contractor,0,1
2010,gp_ward,painter,0,16
2010,gp_ward,painting,0,26
2010,gp_ward,painting works,0,1
2010,gp_ward,palliative nurse,0,1
2010,gp_ward,pan shop,0,1
2010,gp_ward,panchayat member,0,5
2010,gp_ward,panchvadyam artist,0,1
2010,gp_ward,paper agency,0,1
2010,gp_ward,paper agent,0,1
2010,gp_ward,paralell college teacher,0,1
2010,gp_ward,parallal collage teacher,0,1
2010,gp_ward,parallel college principal,0,1
2010,gp_ward,parallel college teacher,0,8
2010,gp_ward,parallel college teacher and politician,0,1
2010,gp_ward,parallel-college teacher,0,1
2010,gp_ward,parappur scb- peon,0,1
2010,gp_ward,parelcollege teacher,0,1
2010,gp_ward,part time l.i.c agent,0,1
2010,gp_ward,part time sweaper in co-op bank,0,1
2010,gp_ward,part time sweeper,0,1
2010,gp_ward,part time teacher,0,1
2010,gp_ward,pathanamthitta district co-operative bank dilt agent,0,1
2010,gp_ward,pazhanji co-operative bank director,0,1
2010,gp_ward,pdcb employees,0,1
2010,gp_ward,pdlm service co-operative bank employee,0,1
2010,gp_ward,peerles agent,0,1
2010,gp_ward,penpol company,0,1
2010,gp_ward,pension,0,3
2010,gp_ward,pension holder,0,1
2010,gp_ward,pensionar,0,5
2010,gp_ward,pensionar (e.p.f),0,1
2010,gp_ward,pensioner,0,214
2010,gp_ward,pensioner (k.s.e.b),0,1
2010,gp_ward,pensioner (ksrtc),0,2
2010,gp_ward,pensioner (lic agent),0,1
2010,gp_ward,pensioner (retired),0,1
2010,gp_ward,pensioner agriculture,0,1
2010,gp_ward,pensioner k.s.r.t.c,0,1
2010,gp_ward,pensioner(beedi work),0,1
2010,gp_ward,pensioner(co-operative bank),0,1
2010,gp_ward,pensioner(rtd.hm),0,1
2010,gp_ward,"pensioner, k s r t c",0,1
2010,gp_ward,pensionor,0,1
2010,gp_ward,pensoiner,0,1
2010,gp_ward,pention,0,1
2010,gp_ward,pentionar,0,1
2010,gp_ward,pentioner,0,4
2010,gp_ward,pentioner (k.w.a),0,1
2010,gp_ward,peon,0,12
2010,gp_ward,peon aided school,0,2
2010,gp_ward,peon(bank),0,2
2010,gp_ward,"peon, cherpulassery co-operative urban bank",0,1
2010,gp_ward,"peon, service co-operative bank kuttippuram",0,1
2010,gp_ward,peon- (daily wages)vadakkekkad scb,0,1
2010,gp_ward,peon-co operative bank,0,1
2010,gp_ward,peon-service co-operative bank,0,1
2010,gp_ward,"peon.co-operative bank,payyoli",0,1
2010,gp_ward,pharmacist,0,9
2010,gp_ward,pharmacist&agriculture,0,1
2010,gp_ward,pharmacy assistant,0,1
2010,gp_ward,pharmasist,0,1
2010,gp_ward,pharmisit,0,1
2010,gp_ward,phinomenal health care insurance agant,0,1
2010,gp_ward,photographer,0,12
2010,gp_ward,"photographer,social worker",0,1
2010,gp_ward,physical education teacher,0,1
2010,gp_ward,physical instructor,0,1
2010,gp_ward,physician,0,1
2010,gp_ward,pigmy,0,1
2010,gp_ward,pigmy collection,0,1
2010,gp_ward,plant operator,0,1
2010,gp_ward,plantation labour,0,1
2010,gp_ward,plumbar,0,1
2010,gp_ward,plumber,0,6
2010,gp_ward,plumber & electrician,0,1
2010,gp_ward,plumbing,0,2
2010,gp_ward,plumping,0,1
2010,gp_ward,political,0,10
2010,gp_ward,political & social worker,0,2
2010,gp_ward,political activities,0,1
2010,gp_ward,political work,0,2
2010,gp_ward,political worker,0,25
2010,gp_ward,political works,0,1
2010,gp_ward,political&social worker,0,1
2010,gp_ward,politician,0,26
2010,gp_ward,"politician, social worker",0,1
2010,gp_ward,politician/agricultuaral,0,3
2010,gp_ward,politician/agricultuaral labour,0,2
2010,gp_ward,politician/building worker,0,2
2010,gp_ward,politician/social worker,0,2
2010,gp_ward,politician/unemployed,0,2
2010,gp_ward,politics,0,13
2010,gp_ward,polititian,0,4
2010,gp_ward,politition,0,1
2010,gp_ward,polittical work,0,1
2010,gp_ward,polittikal,0,1
2010,gp_ward,post office agent,0,1
2010,gp_ward,post office collection agent,0,1
2010,gp_ward,post office r d agent,0,1
2010,gp_ward,"post office saving agent, l.i.c agent",0,1
2010,gp_ward,pre - primaryteacher,0,1
2010,gp_ward,pre primary teacher,0,2
2010,gp_ward,pre-primary teacher,0,1
2010,gp_ward,pre-primery teacher,0,1
2010,gp_ward,precot mill employee,0,1
2010,gp_ward,pree.primary teacher,0,1
2010,gp_ward,press reporter,0,1
2010,gp_ward,press worker,0,1
2010,gp_ward,primary teacher,0,1
2010,gp_ward,printer,0,1
2010,gp_ward,printing press,0,1
2010,gp_ward,printing press work,0,1
2010,gp_ward,private,0,3
2010,gp_ward,private bank employee,0,1
2010,gp_ward,private building consultant,0,1
2010,gp_ward,private bus conductor,0,1
2010,gp_ward,private company,0,2
2010,gp_ward,private employee,0,2
2010,gp_ward,private firm,0,2
2010,gp_ward,private firm employee,0,1
2010,gp_ward,private hospital employee,0,1
2010,gp_ward,private insurance agent,0,1
2010,gp_ward,private job,0,5
2010,gp_ward,private office staff,0,1
2010,gp_ward,private school teacher,0,9
2010,gp_ward,private sector,0,1
2010,gp_ward,private service,0,4
2010,gp_ward,private surveyer,0,1
2010,gp_ward,private surveyor & scribe(document writer),0,1
2010,gp_ward,private teacher,0,6
2010,gp_ward,private teaching,0,2
2010,gp_ward,private travels,0,1
2010,gp_ward,private tution,0,1
2010,gp_ward,private work,0,1
2010,gp_ward,privete hospital staff,0,1
2010,gp_ward,privite college lecturer,0,1
2010,gp_ward,production employee,0,2
2010,gp_ward,professional,0,8
2010,gp_ward,project engineer,0,1
2010,gp_ward,project work,0,1
2010,gp_ward,public activist,0,2
2010,gp_ward,public activities,0,1
2010,gp_ward,public servant,0,1
2010,gp_ward,public servce,0,1
2010,gp_ward,public servent,0,5
2010,gp_ward,public service,0,13
2010,gp_ward,public work,0,3
2010,gp_ward,public worker,0,19
2010,gp_ward,publicman,0,1
2010,gp_ward,publicwomen,0,1
2010,gp_ward,pvt teacher,0,1
2010,gp_ward,pvt. sector,0,1
2010,gp_ward,pvt.firm,0,1
2010,gp_ward,quality controler,0,1
2010,gp_ward,quality controller,0,1
2010,gp_ward,quasi government,0,1
2010,gp_ward,"r d , lic agent",0,1
2010,gp_ward,r d agent,0,2
2010,gp_ward,r t d h m,0,1
2010,gp_ward,r.d agent,0,2
2010,gp_ward,"r.d agent, mankara",0,1
2010,gp_ward,r.d. agent,0,1
2010,gp_ward,r.d.agent,0,6
2010,gp_ward,r.q.i. saantwanam(health action by people),0,1
2010,gp_ward,radiographer,0,1
2010,gp_ward,railway(pensioner),0,1
2010,gp_ward,ration dealer,0,6
2010,gp_ward,ration retail delar,0,1
2010,gp_ward,ration shop,0,5
2010,gp_ward,ration shop dealer,0,1
2010,gp_ward,ration shop licency,0,1
2010,gp_ward,rd agent,0,5
2010,gp_ward,receptionist,0,1
2010,gp_ward,red. from k.s.r.t.c.,0,1
2010,gp_ward,red.teacher,0,1
2010,gp_ward,research fellow,0,1
2010,gp_ward,reserch,0,1
2010,gp_ward,resource person- kudumbasree,0,1
2010,gp_ward,ret govt servant pension,0,1
2010,gp_ward,ret hand,0,1
2010,gp_ward,ret. teacher,0,1
2010,gp_ward,ret.central govt servent (army),0,1
2010,gp_ward,ret.hand,0,1
2010,gp_ward,ret.teacher,0,3
2010,gp_ward,ret: ksrtc employee,0,1
2010,gp_ward,ret:teacher,0,1
2010,gp_ward,retaired,0,1
2010,gp_ward,retaired last grade servant,0,1
2010,gp_ward,retaired teacher,0,3
2010,gp_ward,retard master,0,1
2010,gp_ward,retd agriculture assistant,0,1
2010,gp_ward,retd teacher,0,1
2010,gp_ward,"retd,primary school head master",0,1
2010,gp_ward,retd. aeo,0,1
2010,gp_ward,retd. agri.officer,0,1
2010,gp_ward,retd. bank manager,0,1
2010,gp_ward,retd. circle inspector of excise,0,1
2010,gp_ward,retd. post master,0,1
2010,gp_ward,retd. school clerk,0,1
2010,gp_ward,retd. selection grade lecture,0,1
2010,gp_ward,retd. teacher,0,2
2010,gp_ward,retd.govt.service,0,1
2010,gp_ward,retd.govt:servent,0,1
2010,gp_ward,retd.health inspector,0,1
2010,gp_ward,retd.kseb,0,1
2010,gp_ward,retd.principal,0,1
2010,gp_ward,retd.teacher,0,7
2010,gp_ward,retd: teacher,0,1
2010,gp_ward,retired,0,27
2010,gp_ward,retired ( b. d .o ),0,1
2010,gp_ward,retired bank emloyee,0,1
2010,gp_ward,retired bank employee,0,2
2010,gp_ward,retired bank staff,0,1
2010,gp_ward,retired co-operative employee,0,3
2010,gp_ward,retired deputy collector,0,1
2010,gp_ward,retired employ,0,2
2010,gp_ward,retired employee,0,4
2010,gp_ward,retired forester,0,1
2010,gp_ward,retired government servent,0,1
2010,gp_ward,retired govt. employee,0,1
2010,gp_ward,retired govt. service,0,2
2010,gp_ward,retired govt.homeo pharmasists,0,1
2010,gp_ward,retired h.m,0,2
2010,gp_ward,retired h.m.,0,1
2010,gp_ward,"retired h.m.,ghss, kunhimangalam",0,1
2010,gp_ward,retired h.s.s principal,0,1
2010,gp_ward,retired head master,0,2
2010,gp_ward,retired head mistrers,0,1
2010,gp_ward,retired head mistress,0,2
2010,gp_ward,retired head surveyor,0,1
2010,gp_ward,retired headmaster,0,2
2010,gp_ward,retired headmistress,0,1
2010,gp_ward,retired high school h.m,0,1
2010,gp_ward,retired jphn,0,1
2010,gp_ward,retired k.s.e.b.,0,1
2010,gp_ward,retired mcrb,0,1
2010,gp_ward,retired nurse,0,1
2010,gp_ward,retired panchayat special grade secretary,0,1
2010,gp_ward,retired panchayath junior superientendent,0,1
2010,gp_ward,retired penssioner,0,1
2010,gp_ward,retired police photographer,0,1
2010,gp_ward,retired primary headmaster,0,1
2010,gp_ward,retired primary hm,0,1
2010,gp_ward,retired sales executive,0,1
2010,gp_ward,retired seniorassistant from k.s.r.t.c,0,1
2010,gp_ward,retired teacher,0,23
2010,gp_ward,retired teacher (pensioner),0,1
2010,gp_ward,retired(pensioner),0,1
2010,gp_ward,retirement,0,1
2010,gp_ward,retured central govt. employee,0,1
2010,gp_ward,returned,0,1
2010,gp_ward,"room boy,c.l.r guruvayur devaswam",0,1
2010,gp_ward,rt head master,0,1
2010,gp_ward,rt teacher,0,2
2010,gp_ward,"rt,teacher",0,1
2010,gp_ward,rt.,0,1
2010,gp_ward,rt.senior lecturer,0,1
2010,gp_ward,rtd (n.g.o),0,1
2010,gp_ward,rtd . bank employee,0,1
2010,gp_ward,rtd .teacher,0,1
2010,gp_ward,rtd govt. staff,0,1
2010,gp_ward,rtd h m,0,1
2010,gp_ward,rtd head teacher,0,1
2010,gp_ward,rtd in kswta,0,1
2010,gp_ward,rtd lady health supervisor,0,1
2010,gp_ward,rtd pharmacist (homeo),0,1
2010,gp_ward,rtd post master,0,1
2010,gp_ward,rtd sub inspector,0,1
2010,gp_ward,rtd teacher,0,5
2010,gp_ward,rtd teacher.,0,1
2010,gp_ward,rtd techar,0,1
2010,gp_ward,rtd. a.ex.e,0,1
2010,gp_ward,rtd. agricultural assistantant,0,1
2010,gp_ward,rtd. arabic ft,0,1
2010,gp_ward,rtd. govt servant,0,1
2010,gp_ward,rtd. govt. servent,0,4
2010,gp_ward,rtd. headmaster (u.p),0,1
2010,gp_ward,rtd. headmistress,0,1
2010,gp_ward,rtd. hm,0,1
2010,gp_ward,rtd. k.s.r.t.c,0,1
2010,gp_ward,rtd. ksfe,0,1
2010,gp_ward,rtd. ksrtc,0,1
2010,gp_ward,rtd. ksrtc person,0,1
2010,gp_ward,rtd. ld clerk,0,1
2010,gp_ward,rtd. proffesor,0,1
2010,gp_ward,rtd. pwd overseer,0,1
2010,gp_ward,rtd. s.i. of police,0,1
2010,gp_ward,rtd. teacher,0,12
2010,gp_ward,rtd. village officer,0,1
2010,gp_ward,rtd.agrcultural assistant seniorgrade,0,1
2010,gp_ward,rtd.co-operative bank,0,1
2010,gp_ward,rtd.college principal,0,1
2010,gp_ward,rtd.company employee,0,1
2010,gp_ward,rtd.dto(ksrtc),0,1
2010,gp_ward,rtd.engg (pwd),0,1
2010,gp_ward,rtd.govt service,0,1
2010,gp_ward,rtd.govt. employee,0,1
2010,gp_ward,rtd.govt. servant,0,2
2010,gp_ward,rtd.govt.employee,0,3
2010,gp_ward,rtd.headmaster,0,1
2010,gp_ward,rtd.health supervisor,0,1
2010,gp_ward,rtd.i c d s suppervisor,0,1
2010,gp_ward,rtd.jdc,0,1
2010,gp_ward,rtd.kseb employee,0,1
2010,gp_ward,rtd.ksrtc employ,0,1
2010,gp_ward,rtd.master,0,1
2010,gp_ward,rtd.merchand navy,0,1
2010,gp_ward,rtd.n.g.o,0,1
2010,gp_ward,rtd.police head constable,0,1
2010,gp_ward,rtd.subengineer,0,1
2010,gp_ward,rtd.teacher,0,7
2010,gp_ward,rtd.thahasildar,0,1
2010,gp_ward,rtd.training officer,0,1
2010,gp_ward,rtd.upsa,0,1
2010,gp_ward,rtd: municipal employee,0,1
2010,gp_ward,rtd:teacher,0,2
2010,gp_ward,rubber dealer,0,1
2010,gp_ward,rubber tapper,0,1
2010,gp_ward,rubber tapping,0,5
2010,gp_ward,rubber tapping employee,0,1
2010,gp_ward,rubco worker,0,1
2010,gp_ward,running a contract company,0,1
2010,gp_ward,s b i insurance,0,1
2010,gp_ward,s.s.l.c,0,1
2010,gp_ward,sale raprasetative,0,1
2010,gp_ward,sales,0,1
2010,gp_ward,sales executive,0,5
2010,gp_ward,sales girl,0,1
2010,gp_ward,sales girl in medical shop,0,1
2010,gp_ward,sales man,0,10
2010,gp_ward,"sales man ,milk society",0,1
2010,gp_ward,sales man(medical shop),0,1
2010,gp_ward,"sales man, service co-op.bank",0,1
2010,gp_ward,sales manager,0,2
2010,gp_ward,sales rep,0,1
2010,gp_ward,sales representative,0,1
2010,gp_ward,sales tax consultant,0,1
2010,gp_ward,salesman,0,10
2010,gp_ward,salesman cum clerk,0,1
2010,gp_ward,salesman( co- operative society),0,1
2010,gp_ward,salesman-co-oparative bank,0,1
2010,gp_ward,sand worker,0,1
2010,gp_ward,sandhya development society,0,1
2010,gp_ward,sawmill worker,0,1
2010,gp_ward,sbi life insurance adviser,0,1
2010,gp_ward,sbi life insurance advisor,0,1
2010,gp_ward,"sbi, lic agent",0,1
2010,gp_ward,sc society secretary,0,1
2010,gp_ward,scb clerk,0,1
2010,gp_ward,school manager,0,1
2010,gp_ward,school master,0,1
2010,gp_ward,school staff,0,1
2010,gp_ward,school teacher,0,2
2010,gp_ward,screen printing,0,1
2010,gp_ward,screen printing & printing agency,0,1
2010,gp_ward,script writer,0,1
2010,gp_ward,secretary co-operative department,0,1
2010,gp_ward,secretary in co-operative society,0,1
2010,gp_ward,secretary kalkulam vanitha co-opperarive society,0,1
2010,gp_ward,"secretary naliyani p s c ,koovakandam -l t d no k 3884",0,2
2010,gp_ward,secretary(vanitha co operative society,0,1
2010,gp_ward,"secretary, ksheerolpadaka co-operative society",0,1
2010,gp_ward,"secretary, ksheerotpadaka sahakarana sangam",0,1
2010,gp_ward,"secretary, milk soceity",0,2
2010,gp_ward,"secretary, milk society",0,1
2010,gp_ward,"secretary, milk socity",0,1
2010,gp_ward,"secretary, palisseri fdwcs",0,1
2010,gp_ward,"secretary, ttce society",0,1
2010,gp_ward,"secretary,akampadam ksheera sangham ltd",0,1
2010,gp_ward,"secretary,co-operative college,sreekrishnapuram",0,1
2010,gp_ward,"secretary,milk co-op. society",0,1
2010,gp_ward,"secretary,p.d.d.p society",0,1
2010,gp_ward,"secretary,tirurangadi serviece co-op bank",0,1
2010,gp_ward,secretary-co. operative industrial society,0,1
2010,gp_ward,"secretery, muthukutty k s s",0,1
2010,gp_ward,security,0,3
2010,gp_ward,security guard(daily wages),0,1
2010,gp_ward,seethathode co-operative bank staff,0,1
2010,gp_ward,sele employement,0,2
2010,gp_ward,self -employed,0,1
2010,gp_ward,self employed,0,4
2010,gp_ward,self employee,0,8
2010,gp_ward,self employer,0,1
2010,gp_ward,self employment,0,3
2010,gp_ward,senior clerk,0,3
2010,gp_ward,senior clerk chokly s c bank,0,1
2010,gp_ward,senior clerk madavoor service co operative bank,0,1
2010,gp_ward,"senior clerk, scb",0,1
2010,gp_ward,senior grade technician milma,0,1
2010,gp_ward,service,0,1
2010,gp_ward,service (private),0,1
2010,gp_ward,service bank clerk,0,1
2010,gp_ward,service bank embloyee,0,1
2010,gp_ward,service bank pensioner,0,1
2010,gp_ward,service co-op. bank staff,0,1
2010,gp_ward,service pensioner,0,7
2010,gp_ward,service persional,0,1
2010,gp_ward,shop keeper & electrician,0,1
2010,gp_ward,sidhavaidya,0,1
2010,gp_ward,signboard artist,0,1
2010,gp_ward,skilled worker,0,2
2010,gp_ward,small scale business,0,1
2010,gp_ward,small scale business industries,0,1
2010,gp_ward,small scale industry,0,1
2010,gp_ward,social activist,0,1
2010,gp_ward,social activities,0,1
2010,gp_ward,social activity,0,3
2010,gp_ward,social and political worker,0,1
2010,gp_ward,social politician,0,1
2010,gp_ward,social servant,0,1
2010,gp_ward,social service,0,51
2010,gp_ward,social srevice,0,1
2010,gp_ward,social welfare,0,1
2010,gp_ward,social work,0,171
2010,gp_ward,social worke,0,1
2010,gp_ward,social worker,0,617
2010,gp_ward,social worker & agriculture,0,1
2010,gp_ward,social worker & political worker,0,1
2010,gp_ward,"social worker, business",0,1
2010,gp_ward,social worker/political worker,0,1
2010,gp_ward,social works,0,3
2010,gp_ward,sociala worker,0,1
2010,gp_ward,socialservice,0,3
2010,gp_ward,socialwork,0,2
2010,gp_ward,socialworker,0,24
2010,gp_ward,"socialworker, politicion",0,1
2010,gp_ward,"socialworker,politicion,farmer, documentwriter",0,1
2010,gp_ward,socialworks,0,2
2010,gp_ward,society scretary,0,1
2010,gp_ward,society staff,0,2
2010,gp_ward,society worker,0,1
2010,gp_ward,socilal work,0,2
2010,gp_ward,socio - political work,0,1
2010,gp_ward,software programmer,0,1
2010,gp_ward,software programming,0,1
2010,gp_ward,sowal worker,0,1
2010,gp_ward,spray painter,0,1
2010,gp_ward,sr.lecturer,0,1
2010,gp_ward,srare service pensioner,0,1
2010,gp_ward,staff nurse,0,3
2010,gp_ward,staff of kottakal aryavaidya sala,0,1
2010,gp_ward,staff vellappally kucs,0,1
2010,gp_ward,stage decoration,0,1
2010,gp_ward,stamp vender,0,2
2010,gp_ward,stamp vendor,0,1
2010,gp_ward,state pensioner,0,1
2010,gp_ward,student,1,10
2010,gp_ward,student(l.l.b last year),0,1
2010,gp_ward,studing,0,1
2010,gp_ward,supervisor,0,4
2010,gp_ward,supervisor tea estate,0,1
2010,gp_ward,"supervisor, kdhp co.",0,2
2010,gp_ward,surveyer,0,1
2010,gp_ward,surveyor,0,1
2010,gp_ward,sweeper- service co.op.bank.pathanapuram,0,1
2010,gp_ward,t.v.technician,0,1
2010,gp_ward,tailar,0,2
2010,gp_ward,tailaring,0,2
2010,gp_ward,tailaring teacher,0,1
2010,gp_ward,tailering,0,2
2010,gp_ward,tailor,0,79
2010,gp_ward,tailoring,0,29
2010,gp_ward,"tailoring, herbal beauty clinic",0,1
2010,gp_ward,tailoting,0,1
2010,gp_ward,tapper,0,3
2010,gp_ward,tapping,0,9
2010,gp_ward,tata tea estate worker,0,1
2010,gp_ward,tax consultant,0,2
2010,gp_ward,tax practioner,0,1
2010,gp_ward,tax practitioner,0,3
2010,gp_ward,tea estate labour,0,2
2010,gp_ward,tea shop,0,3
2010,gp_ward,teacher,0,320
2010,gp_ward,teacher & social worker,0,1
2010,gp_ward,teacher (aided),0,2
2010,gp_ward,teacher (fashion designing),0,1
2010,gp_ward,teacher (on leave),0,1
2010,gp_ward,teacher (parallel college),0,1
2010,gp_ward,teacher (parallel),0,1
2010,gp_ward,teacher (pensioner),0,1
2010,gp_ward,teacher (privat),0,1
2010,gp_ward,teacher (private college),0,1
2010,gp_ward,teacher (private field),0,1
2010,gp_ward,teacher (private institution),0,1
2010,gp_ward,teacher (private school),0,4
2010,gp_ward,teacher (retd),0,1
2010,gp_ward,teacher (retired),0,2
2010,gp_ward,teacher (rtd),0,5
2010,gp_ward,teacher (rtd.),0,1
2010,gp_ward,teacher (unaided),0,1
2010,gp_ward,teacher (upsa),0,1
2010,gp_ward,teacher (urudu),0,1
2010,gp_ward,teacher - upsa,0,1
2010,gp_ward,teacher in unaided school;,0,1
2010,gp_ward,teacher parallel college,0,1
2010,gp_ward,teacher upsa,0,1
2010,gp_ward,teacher( private),0,1
2010,gp_ward,teacher(aided primary school),0,1
2010,gp_ward,teacher(aided school),0,1
2010,gp_ward,teacher(aided),0,1
2010,gp_ward,teacher(nursary),0,1
2010,gp_ward,teacher(parallel college),0,1
2010,gp_ward,teacher(pre-primary),0,1
2010,gp_ward,teacher(private),0,2
2010,gp_ward,teacher(retd),0,3
2010,gp_ward,teacher(retired),0,3
2010,gp_ward,teacher(rtd),0,1
2010,gp_ward,teacher(unaided school),0,2
2010,gp_ward,"teacher, hmm nursery school, chullippara",0,1
2010,gp_ward,"teacher, malabar central school, valiyaparambu",0,1
2010,gp_ward,"teacher, modern public english medium school, kolappuram",0,1
2010,gp_ward,"teacher,public school",0,1
2010,gp_ward,teacher.,0,1
2010,gp_ward,teaching,0,13
2010,gp_ward,teaching (aided),0,1
2010,gp_ward,"teaching (h m),lp school.",0,1
2010,gp_ward,teaching(pensioner),0,1
2010,gp_ward,teaching(pvt),0,1
2010,gp_ward,techer,0,1
2010,gp_ward,technical assistant,0,1
2010,gp_ward,"technical assistant,fci,oen connectors",0,1
2010,gp_ward,technician,0,1
2010,gp_ward,theyyam artist,0,1
2010,gp_ward,tile factory worker,0,2
2010,gp_ward,tile work,0,1
2010,gp_ward,tile worker,0,1
2010,gp_ward,tiles work,0,1
2010,gp_ward,timber buisness,0,1
2010,gp_ward,timber merchant,0,1
2010,gp_ward,timekeeper,0,1
2010,gp_ward,todddy taping,0,1
2010,gp_ward,toddy shop labour,0,1
2010,gp_ward,toddy shop manager,0,1
2010,gp_ward,toddy shop sales man,0,1
2010,gp_ward,toddy taper,0,2
2010,gp_ward,toddy tapler,0,2
2010,gp_ward,toddy tapper,0,8
2010,gp_ward,toddy tapping,0,2
2010,gp_ward,toddy worker,0,4
2010,gp_ward,todi tapper,0,1
2010,gp_ward,tourism,0,1
2010,gp_ward,trade union worker (stu),0,1
2010,gp_ward,trade unoinist-social worker,0,1
2010,gp_ward,trainer,0,1
2010,gp_ward,traval agent,0,1
2010,gp_ward,travel agency,0,1
2010,gp_ward,"travel agency, package tour operator",0,1
2010,gp_ward,travel agent,0,1
2010,gp_ward,travel consultant,0,1
2010,gp_ward,travel field,0,1
2010,gp_ward,tuition teacher,0,4
2010,gp_ward,tuitor,0,3
2010,gp_ward,tuitorial teacher,0,1
2010,gp_ward,tuitorial teaching,0,2
2010,gp_ward,tution,0,1
2010,gp_ward,tution field,0,1
2010,gp_ward,tution teacher,0,3
2010,gp_ward,tution teacher cum lic agent,0,1
2010,gp_ward,tyloring,0,1
2010,gp_ward,tyre resole,0,1
2010,gp_ward,"u d clerk, mes kalladi college",0,1
2010,gp_ward,un aided school teacher,0,1
2010,gp_ward,un employed,1,2
2010,gp_ward,un employee,0,1
2010,gp_ward,un- adided school teacher,0,1
2010,gp_ward,unaided school teacher,0,1
2010,gp_ward,unaided teacher,0,1
2010,gp_ward,unemplooyee,0,1
2010,gp_ward,unemploy,0,3
2010,gp_ward,unemployed,1,20
2010,gp_ward,unemployee,0,8
2010,gp_ward,unemployer,0,3
2010,gp_ward,upholstery,0,1
2010,gp_ward,upholstery work,0,1
2010,gp_ward,vairman,0,1
2010,gp_ward,vanitha bank secretary,0,1
2010,gp_ward,video grapher,0,1
2010,gp_ward,videographer,0,1
2010,gp_ward,volantary retired employ,0,1
2010,gp_ward,watchman,0,1
2010,gp_ward,weaver,0,4
2010,gp_ward,weaving,0,6
2010,gp_ward,weaving & dyeig master,0,1
2010,gp_ward,welder,0,6
2010,gp_ward,welding,0,5
2010,gp_ward,welding work,0,2
2010,gp_ward,worker,0,4
2010,gp_ward,worker of jyothy laborataries,0,1
2010,gp_ward,workshop,0,2
2010,gp_ward,yuvashakthi co-ordinator karadka grama panchayath,0,1
2010,gp_ward,ഇല്ല,0,3
2010,gp_ward,കൂലി,0,1
2010,gp_ward,കൃഷി,0,1
2010,gp_ward,സാമൂഹ്യ പ്രവര്‍ത്തക,0,1
2010,gp_ward,NA,NA,2612
2010,zp_member,advocate,0,23
2010,zp_member,advocate/social worker,0,1
2010,zp_member,agniculture,0,1
2010,zp_member,agriculchur,0,1
2010,zp_member,agriculture,0,13
2010,zp_member,"agriculture,lic agent",0,1
2010,zp_member,assistant secretary s.c.b,0,1
2010,zp_member,associate professor,0,1
2010,zp_member,"associate professor malayala vibagum adhyaksha,s.e.s. college sreekandapuram",0,1
2010,zp_member,attander,0,1
2010,zp_member,bank employee,0,1
2010,zp_member,bank manager,0,1
2010,zp_member,buisiness,0,2
2010,zp_member,business,0,13
2010,zp_member,co-op bank employee,0,1
2010,zp_member,co-op worker,0,1
2010,zp_member,co-operative bank staff,0,1
2010,zp_member,college lecturer,0,1
2010,zp_member,contractor,0,1
2010,zp_member,district bank employee,0,1
2010,zp_member,farmer,0,9
2010,zp_member,"farmer, social work",0,1
2010,zp_member,"farmer, social worker",0,1
2010,zp_member,h.s.a natural science,0,1
2010,zp_member,"head clark-alphonsa college, pala",0,1
2010,zp_member,"hm, st.marys school cheruvally",0,1
2010,zp_member,house wife,1,6
2010,zp_member,housewife,1,3
2010,zp_member,"inspector.ksrtc,(rtd.)",0,1
2010,zp_member,insurance advisor,0,1
2010,zp_member,"insurance agent,social work",0,1
2010,zp_member,jurnalist,0,1
2010,zp_member,l i c agent,0,1
2010,zp_member,l.i.c. agent,0,1
2010,zp_member,lawyer,0,3
2010,zp_member,lic agent,0,8
2010,zp_member,"lic agent, agriculture",0,1
2010,zp_member,"lic agent, social worker",0,1
2010,zp_member,mahila pradan agent,0,1
2010,zp_member,murchent,0,1
2010,zp_member,nil,1,37
2010,zp_member,office administration,0,2
2010,zp_member,pensioner,0,5
2010,zp_member,planter,0,1
2010,zp_member,politician,0,1
2010,zp_member,practicing lawyer,0,1
2010,zp_member,"principal,ckm hss koruthodu",0,1
2010,zp_member,professional,0,1
2010,zp_member,public worker,0,2
2010,zp_member,rtd teacher,0,2
2010,zp_member,rtd. teacher,0,3
2010,zp_member,rtd.edt.officer,0,1
2010,zp_member,social service,0,9
2010,zp_member,social work,0,13
2010,zp_member,social worker,0,20
2010,zp_member,"social worker, parallel principal",0,1
2010,zp_member,socialwork,0,2
2010,zp_member,socialworker,0,2
2010,zp_member,"sr.accountant, pathanamthitta dist.co-operative bank",0,1
2010,zp_member,stamp vender,0,1
2010,zp_member,stamp vendor,0,1
2010,zp_member,teacher,0,18
2010,zp_member,teacher ( pensioner),0,1
2010,zp_member,teacher (rtd.),0,1
2010,zp_member,teaching,0,1
2010,zp_member,training school assistant,0,1
2010,zp_member,u.p .s.a,0,1
2010,zp_member,NA,NA,90
2015,block_member,-,NA,6
2015,block_member,.,0,2
2015,block_member,accountant,0,2
2015,block_member,adocate,0,1
2015,block_member,adovacat,0,1
2015,block_member,"ads,asha worker",0,1
2015,block_member,advertisement sector,0,1
2015,block_member,advoate,0,1
2015,block_member,advocate,0,47
2015,block_member,advocate notary,0,1
2015,block_member,aganwady worker,0,1
2015,block_member,agricultural,0,1
2015,block_member,agriculture,0,130
2015,block_member,"agriculture , fishing",0,1
2015,block_member,"agriculture,social worker,political worker",0,1
2015,block_member,agriculturist,0,5
2015,block_member,agricuture,0,1
2015,block_member,aided school teacher,0,2
2015,block_member,akshaya e-centre,0,1
2015,block_member,alpha paliative volunteer,0,1
2015,block_member,anganavadi,0,1
2015,block_member,anganavadi helper,0,1
2015,block_member,anganavadi worker,0,1
2015,block_member,anganavady worker,0,1
2015,block_member,anganawadi helper,0,1
2015,block_member,anganawadi worker,0,4
2015,block_member,anganvadi helper,0,1
2015,block_member,anganvadi teacher,0,2
2015,block_member,anganvadi worker,0,3
2015,block_member,anganvady worker,0,1
2015,block_member,anganwadi helper,0,1
2015,block_member,anganwadi teacher,0,1
2015,block_member,anganwadi worker,0,12
2015,block_member,anganwadiworker,0,1
2015,block_member,anganwady worker,0,1
2015,block_member,artist,0,3
2015,block_member,asha worker,0,14
2015,block_member,ashaworker,0,3
2015,block_member,auto consultant,0,1
2015,block_member,auto driver,0,1
2015,block_member,ayurvedic medical store,0,1
2015,block_member,bank clerk,0,1
2015,block_member,bank employee,0,3
2015,block_member,bank staff,0,1
2015,block_member,bank. clerk,0,1
2015,block_member,beautician,0,1
2015,block_member,beedi worker,0,3
2015,block_member,bill collector,0,4
2015,block_member,bisiness,0,1
2015,block_member,"br. manager,co-operative bank",0,1
2015,block_member,buisiness,0,4
2015,block_member,buisness,0,3
2015,block_member,buissiness,0,1
2015,block_member,business,0,114
2015,block_member,business and social work,0,1
2015,block_member,"business, social worker",0,1
2015,block_member,bussines,0,1
2015,block_member,bussiness,0,4
2015,block_member,busuness,0,1
2015,block_member,c.d.s chairperson,0,1
2015,block_member,carpentar,0,1
2015,block_member,carpenter,0,6
2015,block_member,cashew worker,0,1
2015,block_member,cds chairperson,0,1
2015,block_member,cds member,0,3
2015,block_member,central govt pensioner,0,1
2015,block_member,chalissery co-operative bank field officer,0,1
2015,block_member,civil engineer,0,1
2015,block_member,clerk,0,2
2015,block_member,clerk (in koodaranhi scb),0,1
2015,block_member,clerk in co-operative bank,0,1
2015,block_member,clerk tirur urban co. op bank,0,1
2015,block_member,clerk.co-opbank,0,1
2015,block_member,co bank member,0,1
2015,block_member,co-oerative socicty,0,1
2015,block_member,co-op bank,0,1
2015,block_member,co-op bank employee,0,1
2015,block_member,"co-op bank,employer(pensioner)",0,1
2015,block_member,co-op employee,0,1
2015,block_member,co-operation,0,1
2015,block_member,co-operative,0,1
2015,block_member,co-operative bank,0,2
2015,block_member,"co-operative bank , ayiroor, collection agent",0,1
2015,block_member,co-operative bank employee,0,3
2015,block_member,co-operative employee,0,3
2015,block_member,co-operative society attender,0,1
2015,block_member,coir factory work,0,1
2015,block_member,collection agent,0,3
2015,block_member,"collection agent, co. op bank",0,1
2015,block_member,commission agent,0,1
2015,block_member,company employee,0,1
2015,block_member,company job,0,1
2015,block_member,company worker,0,1
2015,block_member,computer center,0,1
2015,block_member,construction labour,0,1
2015,block_member,construction work,0,2
2015,block_member,construction worker,0,1
2015,block_member,constrution worker,0,1
2015,block_member,contract work,0,1
2015,block_member,contractor,0,3
2015,block_member,cooley,0,1
2015,block_member,cooli,0,7
2015,block_member,cooli worker,0,1
2015,block_member,coolie,0,21
2015,block_member,coollie,0,1
2015,block_member,cooly,0,1
2015,block_member,cooperative bank,0,1
2015,block_member,correspondant desabhimani,0,1
2015,block_member,"daily wage worker ,clerical",0,1
2015,block_member,design work,0,1
2015,block_member,diretor of montessorri school,0,1
2015,block_member,doctor,0,1
2015,block_member,doctor (ayurveda),0,1
2015,block_member,document writer,0,6
2015,block_member,document writing,0,1
2015,block_member,document writter,0,1
2015,block_member,driver,0,10
2015,block_member,"driver,karate trainer",0,1
2015,block_member,"dubbing, writing",0,1
2015,block_member,electrical contractor,0,1
2015,block_member,electrician,0,3
2015,block_member,ex panchayath member,0,1
2015,block_member,famar,0,1
2015,block_member,farmar,0,2
2015,block_member,farmer,0,48
2015,block_member,fisher man,0,4
2015,block_member,fisherman & social worker,0,1
2015,block_member,fishing,0,2
2015,block_member,"g.i.c agent,business",0,1
2015,block_member,govt pensioner,0,1
2015,block_member,govt.employe(rtd),0,1
2015,block_member,graphic designer,0,2
2015,block_member,guest lecturer,0,1
2015,block_member,head load worker,0,1
2015,block_member,hgher secondary school teacher (hsst),0,1
2015,block_member,"higher secondory school teacher, rvsm hss prayar",0,1
2015,block_member,home affairs,0,1
2015,block_member,hospital staff,0,1
2015,block_member,hotel,0,1
2015,block_member,house hold,1,1
2015,block_member,house wife,1,111
2015,block_member,house wife(asha worker),0,1
2015,block_member,"house wife,public worker",0,1
2015,block_member,housewife,1,25
2015,block_member,hsa,0,1
2015,block_member,hsa teacher,0,1
2015,block_member,insurance advisor,0,1
2015,block_member,insurance agent,0,2
2015,block_member,insurance sector,0,1
2015,block_member,journalist,0,1
2015,block_member,k.c.u.b bc,0,1
2015,block_member,kerala state service penioner,0,1
2015,block_member,kerala state service penioner(edn)),0,1
2015,block_member,kooli,0,5
2015,block_member,ksrtc pensioner,0,1
2015,block_member,l.i.c agent,0,2
2015,block_member,l.i.c. advisor,0,1
2015,block_member,l.i.c.agent,0,1
2015,block_member,lab assistant,0,1
2015,block_member,lab technician,0,1
2015,block_member,lab technision,0,1
2015,block_member,laber,0,1
2015,block_member,labour,0,3
2015,block_member,labourer,0,1
2015,block_member,librariyan,0,1
2015,block_member,lic,0,1
2015,block_member,lic advisor,0,1
2015,block_member,lic agent,0,39
2015,block_member,lic chief advisor,0,1
2015,block_member,lottary bissiness,0,1
2015,block_member,m p k b y agent,0,1
2015,block_member,m p k by agent(service delivery agent),0,1
2015,block_member,m.g.n.r.e.g.p worker,0,1
2015,block_member,m.g.n.r.e.g.p.,0,1
2015,block_member,mahila pradan agent,0,2
2015,block_member,mahila pradhan agent,0,1
2015,block_member,maison work,0,1
2015,block_member,marketing,0,1
2015,block_member,marketting manager,0,1
2015,block_member,masen,0,1
2015,block_member,mason,0,1
2015,block_member,medical representative,0,1
2015,block_member,merchant,0,2
2015,block_member,milma employee,0,1
2015,block_member,mpkby agent,0,3
2015,block_member,national savings agent,0,2
2015,block_member,news paper agency,0,1
2015,block_member,news reporter,0,1
2015,block_member,nic agent,0,1
2015,block_member,nil,1,328
2015,block_member,nill,0,15
2015,block_member,no,1,2
2015,block_member,nurse,0,1
2015,block_member,nursing,0,1
2015,block_member,office assistant,0,1
2015,block_member,painter,0,3
2015,block_member,painting,0,1
2015,block_member,painting contractor,0,1
2015,block_member,panchakarma technician,0,1
2015,block_member,parellel college,0,1
2015,block_member,penshaner,0,1
2015,block_member,pension,0,1
2015,block_member,pensioner,0,35
2015,block_member,"pensioner, social worker",0,1
2015,block_member,photography,0,1
2015,block_member,physico therapist,0,1
2015,block_member,plumber,0,1
2015,block_member,plumping & wiring,0,1
2015,block_member,"plv, lic agent",0,1
2015,block_member,political activist,0,1
2015,block_member,politician,0,4
2015,block_member,politition,0,1
2015,block_member,post office agent and social worker,0,1
2015,block_member,pre-primary teacher,0,1
2015,block_member,preprimary teacher,0,1
2015,block_member,prerak,0,1
2015,block_member,press reporter,0,1
2015,block_member,printing press,0,1
2015,block_member,private,0,1
2015,block_member,private employee,0,1
2015,block_member,private institution,0,1
2015,block_member,private teacher,0,2
2015,block_member,pts,0,1
2015,block_member,public servant,0,11
2015,block_member,public service,0,1
2015,block_member,public work,0,4
2015,block_member,public worker,0,8
2015,block_member,publicworker,0,1
2015,block_member,pump manager,0,1
2015,block_member,pvt.,0,2
2015,block_member,pvt. company employee,0,1
2015,block_member,r d agent,0,1
2015,block_member,ration dealer,0,1
2015,block_member,rd agent,0,1
2015,block_member,rd agent(elamkulam service cooperative bank,0,1
2015,block_member,ret:teacher,0,1
2015,block_member,retd. teacher,0,2
2015,block_member,retd. teacher (hsa),0,1
2015,block_member,retd.engineer,0,1
2015,block_member,retd.govt.employee,0,1
2015,block_member,retired,0,2
2015,block_member,retired bank manager,0,1
2015,block_member,retired co- operative bank,0,1
2015,block_member,retired employee,0,1
2015,block_member,retired h m,0,1
2015,block_member,retired head master,0,2
2015,block_member,retired head mistress,0,1
2015,block_member,retired principal,0,1
2015,block_member,retired secretary co- operative bank,0,1
2015,block_member,retired sr.lacturer,0,1
2015,block_member,retired teacher,0,7
2015,block_member,retireteacher,0,2
2015,block_member,rt.teacher,0,1
2015,block_member,"rtd deputy tahsildar,social worker",0,1
2015,block_member,rtd hm,0,1
2015,block_member,rtd primary school head master,0,1
2015,block_member,rtd principal,0,1
2015,block_member,rtd teacher,0,2
2015,block_member,rtd. bsnl. employee,0,1
2015,block_member,rtd. co-op bank employee,0,1
2015,block_member,sahakaranam,0,1
2015,block_member,saksharatha prerage,0,1
2015,block_member,sales man,0,1
2015,block_member,"secretary, co-operative society, perunthenaruvi g.s.l.s ltd, no.q-763",0,1
2015,block_member,"secretary, ithikkara block processing & marketing society",0,1
2015,block_member,"secretary,service co-operative bank,malayalappuzha",0,1
2015,block_member,security guard,0,1
2015,block_member,self employe,0,1
2015,block_member,self employed,0,2
2015,block_member,self employment,0,2
2015,block_member,service co-operative bank.,0,1
2015,block_member,service pensionar,0,1
2015,block_member,service pensioner,0,5
2015,block_member,shiftin charge anfl,0,1
2015,block_member,sing board worker,0,1
2015,block_member,snior clerk,0,1
2015,block_member,social activist,0,1
2015,block_member,social service,0,25
2015,block_member,social welfare,0,6
2015,block_member,social work,0,48
2015,block_member,social work and politics,0,1
2015,block_member,social worker,0,128
2015,block_member,social worker $ business,0,1
2015,block_member,social worker & business,0,1
2015,block_member,"social worker, agriculture",0,1
2015,block_member,"social worker, farmer",0,1
2015,block_member,socila work,0,3
2015,block_member,special assistant(private firm),0,1
2015,block_member,sr.clerk,0,1
2015,block_member,sr.clerk in co-operative bank,0,1
2015,block_member,sr.engineer,0,1
2015,block_member,store assistant (penpol),0,1
2015,block_member,student,1,4
2015,block_member,sweeing and social work,0,1
2015,block_member,tailor,0,6
2015,block_member,tailoring,0,3
2015,block_member,"tdcb branch, pavaratty (daily wage)",0,1
2015,block_member,teacheer,0,1
2015,block_member,teacher,0,61
2015,block_member,teacher (daily wages),0,1
2015,block_member,teacher (retired),0,1
2015,block_member,teacher hm,0,1
2015,block_member,teacher rtd,0,1
2015,block_member,teacher( upsa),0,1
2015,block_member,teacher(parallel),0,1
2015,block_member,teacher(retired),0,1
2015,block_member,"teacher, parallel college",0,1
2015,block_member,"teacher, pkmmhss edarikkode",0,1
2015,block_member,teacher- unaided school,0,1
2015,block_member,teaching,0,2
2015,block_member,teaching (h m),0,1
2015,block_member,toddy tappar,0,1
2015,block_member,trainer,0,1
2015,block_member,travels,0,1
2015,block_member,tuition teacher,0,1
2015,block_member,typist (part time),0,1
2015,block_member,un aided teacher,0,1
2015,block_member,NA,NA,402
2015,gp_ward,"""asha"" worker",0,1
2015,gp_ward,-,NA,73
2015,gp_ward,.,0,26
2015,gp_ward,a d s,0,1
2015,gp_ward,a e cochin shipyard(rtd),0,1
2015,gp_ward,a private firm employee,0,1
2015,gp_ward,a w h,0,1
2015,gp_ward,a. w. w,0,2
2015,gp_ward,a. w. worker,0,1
2015,gp_ward,a.d.s,0,1
2015,gp_ward,a.r.d 356,0,1
2015,gp_ward,a.w,0,1
2015,gp_ward,a.w worker,0,1
2015,gp_ward,a/c mechanic,0,1
2015,gp_ward,aasha worker,0,1
2015,gp_ward,accounatant,0,1
2015,gp_ward,accountant,0,17
2015,gp_ward,accountant co-operative socity,0,1
2015,gp_ward,accountant in a shop,0,1
2015,gp_ward,accountant in private firm,0,1
2015,gp_ward,accountant in travels,0,1
2015,gp_ward,accountant koppam service co-operative bank ltd,0,1
2015,gp_ward,"accountant, co-op bank",0,1
2015,gp_ward,"accountant,co-operative bank",0,1
2015,gp_ward,"accountant,pescb,ltdno.3803",0,1
2015,gp_ward,administration job,0,1
2015,gp_ward,adovacte,0,1
2015,gp_ward,ads,0,1
2015,gp_ward,"ads , mate",0,1
2015,gp_ward,adv.clerk,0,1
2015,gp_ward,advacate,0,1
2015,gp_ward,advacate clerk,0,1
2015,gp_ward,advertising agency,0,1
2015,gp_ward,advocate,0,107
2015,gp_ward,"advocate , social worker",0,1
2015,gp_ward,advocate clerk,0,8
2015,gp_ward,advocate cum mediator,0,1
2015,gp_ward,advocate's clerk,0,1
2015,gp_ward,advocates clerk,0,1
2015,gp_ward,aganawadi worker,0,1
2015,gp_ward,aganvadi helper,0,1
2015,gp_ward,aganvadi worker,0,2
2015,gp_ward,aganwadi worker,0,1
2015,gp_ward,agc,0,3
2015,gp_ward,"agc,bussiness",0,1
2015,gp_ward,agent lic of india,0,1
2015,gp_ward,aggriculture,0,3
2015,gp_ward,agri,0,2
2015,gp_ward,agricalture,0,1
2015,gp_ward,agriculcher,0,1
2015,gp_ward,agricultre,0,1
2015,gp_ward,agricultuer,0,2
2015,gp_ward,agricultural,0,9
2015,gp_ward,agricultural & social work,0,1
2015,gp_ward,agricultural labour,0,2
2015,gp_ward,agricultural labourer,0,1
2015,gp_ward,agricultural worker,0,1
2015,gp_ward,"agricultural,",0,1
2015,gp_ward,"agricultural, other services",0,1
2015,gp_ward,agriculture,0,946
2015,gp_ward,agriculture & driver,0,1
2015,gp_ward,agriculture & insurance advisor,0,1
2015,gp_ward,agriculture &public work,0,1
2015,gp_ward,agriculture and busines,0,1
2015,gp_ward,agriculture labour,0,4
2015,gp_ward,"agriculture, business",0,2
2015,gp_ward,"agriculture, bussiness",0,1
2015,gp_ward,"agriculture, lic agent",0,1
2015,gp_ward,"agriculture, social work",0,1
2015,gp_ward,"agriculture,social worker",0,1
2015,gp_ward,agriculturist,0,28
2015,gp_ward,agricultute,0,1
2015,gp_ward,agriculure,0,2
2015,gp_ward,agriculuture,0,2
2015,gp_ward,agricuture,0,4
2015,gp_ward,aided school employ,0,1
2015,gp_ward,aided school employee,0,1
2015,gp_ward,aided school staff,0,1
2015,gp_ward,aided school teacher,0,2
2015,gp_ward,akshaya enterprenour,0,1
2015,gp_ward,akshaya enterprenuer,0,1
2015,gp_ward,akshaya entrepreneur,0,2
2015,gp_ward,akshaya worker,0,1
2015,gp_ward,aluminium fabrication,0,6
2015,gp_ward,aluminium fabricator,0,2
2015,gp_ward,aluminium febrication,0,1
2015,gp_ward,amganvadi worker,0,1
2015,gp_ward,amganwadi worker,0,1
2015,gp_ward,amrutham food product worker,0,1
2015,gp_ward,anaganavady worker,0,1
2015,gp_ward,anganavadi helper,0,1
2015,gp_ward,anganavadi teacher,0,1
2015,gp_ward,anganavadi worker,0,8
2015,gp_ward,anganavady worker,0,1
2015,gp_ward,anganawadi helper,0,3
2015,gp_ward,anganawadi teacher,0,1
2015,gp_ward,anganawadi worker,0,20
2015,gp_ward,angannawadi worker,0,1
2015,gp_ward,anganvaadi worker,0,1
2015,gp_ward,anganvadi helper,0,3
2015,gp_ward,anganvadi teacher,0,2
2015,gp_ward,anganvadi worker,0,30
2015,gp_ward,anganvady helper,0,2
2015,gp_ward,anganvady teacher,0,1
2015,gp_ward,anganvady worker,0,2
2015,gp_ward,anganwaadi helper,0,1
2015,gp_ward,anganwadi helper,0,11
2015,gp_ward,anganwadi helpper,0,1
2015,gp_ward,anganwadi teacher,0,3
2015,gp_ward,anganwadi worker,0,68
2015,gp_ward,anganwadi worker (temporary),0,1
2015,gp_ward,anganwadi workers,0,1
2015,gp_ward,anganwady helper,0,1
2015,gp_ward,anganwady worker,0,8
2015,gp_ward,angawadi helper,0,1
2015,gp_ward,angnwadi worker,0,2
2015,gp_ward,ankanavadi worker,0,1
2015,gp_ward,appolo tyres ltd,0,1
2015,gp_ward,appraiser,0,1
2015,gp_ward,arabic teacher,0,1
2015,gp_ward,arabic teacher (f.t),0,1
2015,gp_ward,arabic teacher lp,0,1
2015,gp_ward,area manager ttk healthcare ltd,0,1
2015,gp_ward,area sales manager,0,1
2015,gp_ward,argiculture,0,2
2015,gp_ward,art work,0,1
2015,gp_ward,artist,0,13
2015,gp_ward,asa worker,0,2
2015,gp_ward,asaworker,0,1
2015,gp_ward,ascb peon,0,1
2015,gp_ward,asha,0,5
2015,gp_ward,asha work,0,1
2015,gp_ward,asha worker,0,307
2015,gp_ward,"asha, lic agent",0,1
2015,gp_ward,ashaworker,0,6
2015,gp_ward,"assistant manager, guruvayur devaswom",0,1
2015,gp_ward,assistant professor in electronics(guest),0,1
2015,gp_ward,assistant secretary (peruvallur co-operative bank),0,1
2015,gp_ward,assistant secretary kuttiady panchayath service co.opperative bank,0,1
2015,gp_ward,asst. manager,0,1
2015,gp_ward,asst. prof. dept of travel & tourism,0,1
2015,gp_ward,asst.engineer(rtd),0,1
2015,gp_ward,asst.manager,0,1
2015,gp_ward,asst.marketing manager,0,1
2015,gp_ward,asst.professor,0,1
2015,gp_ward,attender,0,4
2015,gp_ward,attender co-op society,0,1
2015,gp_ward,attender tvla east co-operative bank,0,1
2015,gp_ward,attender(co.op.society),0,1
2015,gp_ward,"attender,co-op bank",0,1
2015,gp_ward,auto driver,0,15
2015,gp_ward,auto driving,0,1
2015,gp_ward,auto mobile,0,1
2015,gp_ward,avdvocate,0,1
2015,gp_ward,awh,0,1
2015,gp_ward,aww,0,2
2015,gp_ward,ayurveda therapist,0,1
2015,gp_ward,b s n l daily wages,0,1
2015,gp_ward,b.a,0,1
2015,gp_ward,b.s.n.l,0,1
2015,gp_ward,bakery business,0,1
2015,gp_ward,bamboo work,0,1
2015,gp_ward,bank,0,1
2015,gp_ward,bank appraisal,0,1
2015,gp_ward,bank attender,0,1
2015,gp_ward,bank board member,0,1
2015,gp_ward,bank clerk,0,5
2015,gp_ward,bank colection agent,0,1
2015,gp_ward,bank collection agent,0,8
2015,gp_ward,bank employe,0,1
2015,gp_ward,bank employee,0,19
2015,gp_ward,bank employee (co-operative bank),0,1
2015,gp_ward,bank employee (manganam scb),0,1
2015,gp_ward,bank employee(co operative),0,1
2015,gp_ward,bank employee(co-op),0,1
2015,gp_ward,bank manager,0,1
2015,gp_ward,bank peon,0,2
2015,gp_ward,bank secretary,0,1
2015,gp_ward,bank staff,0,3
2015,gp_ward,"bank,collection agent",0,1
2015,gp_ward,banking sector,0,1
2015,gp_ward,beautician,0,10
2015,gp_ward,beautition,0,2
2015,gp_ward,beedi,0,2
2015,gp_ward,beedi contractor,0,1
2015,gp_ward,beedi mestri,0,1
2015,gp_ward,beedi roller,0,1
2015,gp_ward,beedi worker,0,8
2015,gp_ward,bill collecter,0,1
2015,gp_ward,bill collector,0,17
2015,gp_ward,bill collector m.c.r bank,0,1
2015,gp_ward,bill collector(co-operative bank),0,1
2015,gp_ward,bissiness,0,1
2015,gp_ward,"br.manager, eramala service -co-operative bank",0,1
2015,gp_ward,branch manager-thumboor scb,0,1
2015,gp_ward,"branch manger, iifl group",0,1
2015,gp_ward,bsnl pensioner,0,1
2015,gp_ward,building construction,0,1
2015,gp_ward,building construction supervisor,0,1
2015,gp_ward,building contractor,0,5
2015,gp_ward,building designer,0,3
2015,gp_ward,building supervisor,0,1
2015,gp_ward,building supervisor and designer,0,1
2015,gp_ward,building worker,0,1
2015,gp_ward,buisines,0,1
2015,gp_ward,buisiness,0,51
2015,gp_ward,buisinuss,0,1
2015,gp_ward,buisness,0,19
2015,gp_ward,buissines,0,1
2015,gp_ward,bus conductor,0,2
2015,gp_ward,buseness,0,1
2015,gp_ward,busines,0,2
2015,gp_ward,business,0,937
2015,gp_ward,business (farming),0,1
2015,gp_ward,business assosiate tata-aia life,0,1
2015,gp_ward,"business consultant, kudumbasree",0,1
2015,gp_ward,business(kochin marine industries),0,1
2015,gp_ward,"business,",0,2
2015,gp_ward,"business, agriculture",0,1
2015,gp_ward,"business, contractor",0,1
2015,gp_ward,"business, lic agent",0,1
2015,gp_ward,"business, social worker",0,2
2015,gp_ward,"business,agriculture",0,2
2015,gp_ward,"business,social work",0,1
2015,gp_ward,businessman,0,1
2015,gp_ward,businesss,0,2
2015,gp_ward,businus,0,1
2015,gp_ward,busness,0,1
2015,gp_ward,busniness,0,1
2015,gp_ward,bussines,0,9
2015,gp_ward,bussiness,0,45
2015,gp_ward,bussiness and banking,0,1
2015,gp_ward,bussiness correspondent,0,1
2015,gp_ward,"bussiness, social worker",0,1
2015,gp_ward,c.i.t.u,0,1
2015,gp_ward,cable network,0,1
2015,gp_ward,cable operator,0,1
2015,gp_ward,cable t.v operator,0,1
2015,gp_ward,cable tv operator,0,4
2015,gp_ward,canteen work,0,1
2015,gp_ward,cao operative bank employee,0,1
2015,gp_ward,carpentar,0,2
2015,gp_ward,carpentary,0,2
2015,gp_ward,carpenter,0,17
2015,gp_ward,carpenter work,0,1
2015,gp_ward,carpentry,0,2
2015,gp_ward,carpentry work,0,1
2015,gp_ward,cashew company worker,0,1
2015,gp_ward,cashew factory job,0,1
2015,gp_ward,cashew factory labour,0,1
2015,gp_ward,cashew factory worker,0,1
2015,gp_ward,cashew worker,0,3
2015,gp_ward,cashier,0,1
2015,gp_ward,catering,0,3
2015,gp_ward,catering work,0,1
2015,gp_ward,cattering,0,1
2015,gp_ward,ccolie,0,1
2015,gp_ward,cdc prerak,0,1
2015,gp_ward,cds chair person,0,1
2015,gp_ward,cheif priest fo travancore devaswam board,0,1
2015,gp_ward,chief accountant(c.op. bank),0,1
2015,gp_ward,civil contractor,0,1
2015,gp_ward,civil draughtsman,0,1
2015,gp_ward,civil engineer,0,1
2015,gp_ward,clerck co-operative bank,0,1
2015,gp_ward,clerck temple office,0,1
2015,gp_ward,clerk,0,11
2015,gp_ward,clerk (private),0,1
2015,gp_ward,"clerk , co-operative milk society",0,1
2015,gp_ward,clerk in poomangalam service co-operative bank,0,1
2015,gp_ward,clerk in scb,0,1
2015,gp_ward,clerk pscb,0,1
2015,gp_ward,clerk ssdc varkala,0,1
2015,gp_ward,"clerk, co-operative housing koduvally",0,1
2015,gp_ward,"clerk, kerala dinesh beedi workers",0,1
2015,gp_ward,"clerk, msm hss, kayamkulam",0,1
2015,gp_ward,"clerk, snvhss, nedunganda",0,1
2015,gp_ward,"clerk,co-op bank",0,1
2015,gp_ward,clerk-co.operative society,0,1
2015,gp_ward,co - operative bank employee,0,1
2015,gp_ward,co op bank clerk,0,1
2015,gp_ward,co operative bank,0,1
2015,gp_ward,co operative bank employee,0,1
2015,gp_ward,co operative bank internal auditer,0,1
2015,gp_ward,co operative society,0,1
2015,gp_ward,co- op bank employee,0,1
2015,gp_ward,co- op employee,0,1
2015,gp_ward,co-op bank,0,1
2015,gp_ward,co-op bank employee,0,2
2015,gp_ward,co-op bank secretary,0,1
2015,gp_ward,co-op employee,0,1
2015,gp_ward,co-op milk society secratary,0,1
2015,gp_ward,co-op-eployee (milk society),0,1
2015,gp_ward,co-op-society staff,0,1
2015,gp_ward,co-op. bank attender,0,1
2015,gp_ward,co-op.bank,0,1
2015,gp_ward,co-op.bank employee,0,1
2015,gp_ward,co-operation department,0,1
2015,gp_ward,co-operative bank collection agent,0,3
2015,gp_ward,co-operative bank coolection agent,0,1
2015,gp_ward,co-operative bank employee,0,25
2015,gp_ward,co-operative bank manager,0,1
2015,gp_ward,co-operative bank secretary,0,1
2015,gp_ward,co-operative bank staff,0,2
2015,gp_ward,co-operative bank worker,0,1
2015,gp_ward,co-operative employee,0,11
2015,gp_ward,co-operative press tirur,0,1
2015,gp_ward,co-operative sector,0,2
2015,gp_ward,co-operative service,0,1
2015,gp_ward,co-operative society,0,2
2015,gp_ward,co-operative society (daily wages),0,1
2015,gp_ward,co-operative society employee,0,2
2015,gp_ward,co-operative society secretary,0,1
2015,gp_ward,"co-operative society, secretary",0,1
2015,gp_ward,co-operative socity staff,0,1
2015,gp_ward,co-operative staff,0,1
2015,gp_ward,co-operative worker,0,2
2015,gp_ward,co-operative zone,0,1
2015,gp_ward,co-ordinator kairos-kannur,0,1
2015,gp_ward,co.op bank clerk,0,1
2015,gp_ward,co.op bank employee,0,1
2015,gp_ward,co.op employee,0,1
2015,gp_ward,co.op. bank employee,0,1
2015,gp_ward,co.op.bank jr.clerk,0,1
2015,gp_ward,co.op.employee,0,1
2015,gp_ward,co.op.society,0,1
2015,gp_ward,co.operative bank,0,1
2015,gp_ward,co.operative bank clerk,0,1
2015,gp_ward,co.operative bank employee,0,2
2015,gp_ward,co.operative bank secretary,0,1
2015,gp_ward,co.operative employee,0,1
2015,gp_ward,co.operative sector,0,1
2015,gp_ward,co.operative society employee,0,1
2015,gp_ward,co.operative society lab assistant,0,1
2015,gp_ward,co.opp bank work,0,1
2015,gp_ward,coir business,0,1
2015,gp_ward,coir factory worker,0,3
2015,gp_ward,coir labour,0,1
2015,gp_ward,coir worker,0,13
2015,gp_ward,coir works,0,4
2015,gp_ward,collection agent,0,27
2015,gp_ward,collection agent - v.s.c.b,0,1
2015,gp_ward,collection agent pdcb pazhakulam branch,0,1
2015,gp_ward,collection agent tscb tanalur,0,1
2015,gp_ward,collection agent venkitangu farmers bank,0,1
2015,gp_ward,"collection agent, co-operation bank",0,1
2015,gp_ward,"collection agent, nscb",0,1
2015,gp_ward,"collection agent, t.s.c.b.thalore",0,1
2015,gp_ward,collection agent. co.op bank,0,1
2015,gp_ward,collection executive,0,1
2015,gp_ward,"colletion agent, mullakkodi co-op rural bank",0,1
2015,gp_ward,commercial accountant,0,1
2015,gp_ward,commission agent,0,3
2015,gp_ward,commission agent anjarakandy service co op bank,0,1
2015,gp_ward,commission agent(rpli & pli),0,1
2015,gp_ward,compani manager,0,1
2015,gp_ward,company,0,3
2015,gp_ward,company employee,0,12
2015,gp_ward,company staff,0,1
2015,gp_ward,company worker,0,3
2015,gp_ward,computer faculty,0,1
2015,gp_ward,computer hardware technician,0,1
2015,gp_ward,computer operator,0,2
2015,gp_ward,computer service,0,1
2015,gp_ward,computer technician,0,1
2015,gp_ward,computer trainer,0,1
2015,gp_ward,computer tuter,0,1
2015,gp_ward,concreat work,0,1
2015,gp_ward,conducting printing press,0,1
2015,gp_ward,conduction tfl yoga centre,0,1
2015,gp_ward,conductor,0,2
2015,gp_ward,construction,0,14
2015,gp_ward,construction supervisor,0,1
2015,gp_ward,construction work,0,8
2015,gp_ward,construction work(mason),0,1
2015,gp_ward,construction worker,0,9
2015,gp_ward,construction workers,0,1
2015,gp_ward,constructor,0,1
2015,gp_ward,constrution work,0,1
2015,gp_ward,contactor,0,1
2015,gp_ward,conteact work,0,1
2015,gp_ward,conteactor,0,1
2015,gp_ward,contract staff at kottayam dairy,0,1
2015,gp_ward,contract work,0,5
2015,gp_ward,contractor,0,26
2015,gp_ward,contractor (electrical),0,1
2015,gp_ward,contractwork,0,1
2015,gp_ward,cook,0,1
2015,gp_ward,cooking,0,1
2015,gp_ward,coole,0,2
2015,gp_ward,cooli,0,75
2015,gp_ward,coolie,0,412
2015,gp_ward,coolie & social work,0,1
2015,gp_ward,"coolie,driver",0,1
2015,gp_ward,coolie- asha worker,0,1
2015,gp_ward,cooliee,0,2
2015,gp_ward,cooly,0,15
2015,gp_ward,cooperative bank employee,0,1
2015,gp_ward,cooperative sector,0,1
2015,gp_ward,copy writer,0,1
2015,gp_ward,correspondent,0,1
2015,gp_ward,craft teacher,0,1
2015,gp_ward,cttc,0,1
2015,gp_ward,cultivation,0,3
2015,gp_ward,curator,0,1
2015,gp_ward,daily collection agent,0,1
2015,gp_ward,daily labour,0,1
2015,gp_ward,daily wage employee in sbt,0,1
2015,gp_ward,daily wage job,0,1
2015,gp_ward,daily wages,0,4
2015,gp_ward,daily wages employee,0,2
2015,gp_ward,daily wages in nanma store,0,1
2015,gp_ward,daily wages job,0,1
2015,gp_ward,daily wages staff,0,1
2015,gp_ward,daily wages staff in rubber board,0,1
2015,gp_ward,daily wages(bank),0,1
2015,gp_ward,daily wages(co-operative bank no-400),0,1
2015,gp_ward,dairy farmer,0,1
2015,gp_ward,data entry operator,0,1
2015,gp_ward,day deposit collection agent,0,1
2015,gp_ward,day labour,0,2
2015,gp_ward,dd collection agent,0,2
2015,gp_ward,dds agent,0,1
2015,gp_ward,decoration work,0,1
2015,gp_ward,dental technician,0,1
2015,gp_ward,dentel representative,0,1
2015,gp_ward,designer & construction,0,1
2015,gp_ward,devasom board employee,0,1
2015,gp_ward,devaswom staff(pisharikavu),0,1
2015,gp_ward,diary cooperative employee,0,1
2015,gp_ward,director board member,0,1
2015,gp_ward,district co operative bank,0,1
2015,gp_ward,district co-operative bank employee,0,1
2015,gp_ward,"district cooperative bank, ernakulam",0,1
2015,gp_ward,diver,0,1
2015,gp_ward,doctor,0,3
2015,gp_ward,document writer,0,17
2015,gp_ward,document writing,0,1
2015,gp_ward,document writter,0,6
2015,gp_ward,document writter state licency,0,1
2015,gp_ward,documentary writer,0,1
2015,gp_ward,draughtman,0,1
2015,gp_ward,draughtsman civil,0,2
2015,gp_ward,drawing teacher,0,1
2015,gp_ward,driver,0,238
2015,gp_ward,"driver, agriculture",0,1
2015,gp_ward,"driver, l.i.c agent",0,1
2015,gp_ward,driving,0,8
2015,gp_ward,driving school,0,1
2015,gp_ward,dtp center,0,1
2015,gp_ward,dubbing artist,0,1
2015,gp_ward,e c c teacher,0,1
2015,gp_ward,elecronic technition,0,1
2015,gp_ward,electicion,0,1
2015,gp_ward,electric and plumbing,0,1
2015,gp_ward,electric work,0,1
2015,gp_ward,electrical & plumbing works,0,1
2015,gp_ward,electrical contractor,0,1
2015,gp_ward,electrical servicing,0,1
2015,gp_ward,electrical work,0,1
2015,gp_ward,electrican,0,1
2015,gp_ward,electrician,0,37
2015,gp_ward,electritian-mims,0,1
2015,gp_ward,electrition,0,2
2015,gp_ward,"electrition,plumber",0,1
2015,gp_ward,electronic technician,0,1
2015,gp_ward,employee co-operative bank mangode,0,1
2015,gp_ward,employee in temble,0,1
2015,gp_ward,engineer,0,2
2015,gp_ward,engineer(civil),0,1
2015,gp_ward,estate labour,0,4
2015,gp_ward,estate labourer,0,1
2015,gp_ward,estate staff,0,1
2015,gp_ward,estate supervisor,0,1
2015,gp_ward,estate worker,0,18
2015,gp_ward,ex - army,0,1
2015,gp_ward,ex army,0,1
2015,gp_ward,ex merchant navy,0,1
2015,gp_ward,ex service,0,3
2015,gp_ward,ex service (navy),0,1
2015,gp_ward,ex service man,0,1
2015,gp_ward,ex servicemen,0,1
2015,gp_ward,ex-gulf,0,1
2015,gp_ward,ex-service,0,4
2015,gp_ward,ex-service man,0,1
2015,gp_ward,ex-service& business,0,1
2015,gp_ward,ex. gulf,0,1
2015,gp_ward,ex. serviceman,0,1
2015,gp_ward,ex.bsf,0,1
2015,gp_ward,ex.crpf,0,1
2015,gp_ward,exservice,0,1
2015,gp_ward,exservice (bsf),0,1
2015,gp_ward,fabrication,0,1
2015,gp_ward,farmar,0,9
2015,gp_ward,farmer,0,395
2015,gp_ward,farmer (teacher),0,1
2015,gp_ward,"farmer , teacher(iti)",0,1
2015,gp_ward,farmeress,0,1
2015,gp_ward,farming,0,1
2015,gp_ward,fashion technology,0,1
2015,gp_ward,fermer,0,1
2015,gp_ward,field assistant,0,1
2015,gp_ward,field work,0,1
2015,gp_ward,fieldwork,0,1
2015,gp_ward,fish merchant,0,1
2015,gp_ward,fisher man,0,5
2015,gp_ward,fisherman,0,27
2015,gp_ward,fishermen,0,3
2015,gp_ward,fishing,0,23
2015,gp_ward,former teacher,0,1
2015,gp_ward,freelance programmer,0,1
2015,gp_ward,front office manager,0,1
2015,gp_ward,"ftm,rpmhs kumbalam",0,1
2015,gp_ward,furniture works,0,1
2015,gp_ward,g l d collection agent k d c bank,0,1
2015,gp_ward,garden designer,0,1
2015,gp_ward,general insurance,0,1
2015,gp_ward,general merchant,0,1
2015,gp_ward,general worker,0,1
2015,gp_ward,ghadhi worker,0,1
2015,gp_ward,gold appriser(sbi),0,1
2015,gp_ward,gold chain cutting,0,1
2015,gp_ward,gold smith,0,1
2015,gp_ward,gold work,0,7
2015,gp_ward,goldsmith,0,2
2015,gp_ward,gov. contractor,0,1
2015,gp_ward,govt. servant (retired),0,1
2015,gp_ward,govt.contractor,0,1
2015,gp_ward,govt.cooperative emloyee,0,1
2015,gp_ward,graphic designer,0,2
2015,gp_ward,guest teaching,0,1
2015,gp_ward,h n l contractor,0,1
2015,gp_ward,h.d.s. staff,0,1
2015,gp_ward,h.s.a teacher,0,1
2015,gp_ward,h.s.s.t teacher,0,1
2015,gp_ward,hand worker(farmer),0,1
2015,gp_ward,handloom worker,0,1
2015,gp_ward,"head clerk , sc bank periya",0,1
2015,gp_ward,head load & general,0,1
2015,gp_ward,head load general worker,0,1
2015,gp_ward,head load worker,0,7
2015,gp_ward,head loading,0,2
2015,gp_ward,head master,0,2
2015,gp_ward,head master (teacher),0,1
2015,gp_ward,head master(rtd),0,1
2015,gp_ward,head mistress,0,1
2015,gp_ward,headload worker,0,2
2015,gp_ward,headmaster,0,1
2015,gp_ward,headmaster (govt servent aided school),0,1
2015,gp_ward,headmaster aups narikkuni,0,1
2015,gp_ward,headmistress,0,1
2015,gp_ward,helper (ship yard ),0,1
2015,gp_ward,high school assistant,0,1
2015,gp_ward,high school teacher,0,1
2015,gp_ward,higher secondary lab assisstant,0,1
2015,gp_ward,home affairs,0,1
2015,gp_ward,home maker,1,8
2015,gp_ward,home management,0,1
2015,gp_ward,home nursing related work,0,1
2015,gp_ward,homeo doctor,0,2
2015,gp_ward,homoeo doctor,0,1
2015,gp_ward,hose wife,0,5
2015,gp_ward,hotel,0,1
2015,gp_ward,house hold,1,2
2015,gp_ward,house keeping superviser,0,1
2015,gp_ward,house made,0,1
2015,gp_ward,house maker,0,1
2015,gp_ward,house wife,1,1162
2015,gp_ward,house wife(kooly),0,1
2015,gp_ward,"house wife, social worker",0,1
2015,gp_ward,house work,0,5
2015,gp_ward,household,1,9
2015,gp_ward,household affairs,0,3
2015,gp_ward,housewife,1,206
2015,gp_ward,houswife,0,1
2015,gp_ward,hr - executive,0,1
2015,gp_ward,hsa,0,3
2015,gp_ward,hss teacher,0,1
2015,gp_ward,hsst,0,2
2015,gp_ward,hsst (jr) computer application,0,1
2015,gp_ward,i.c.d.s worker,0,1
2015,gp_ward,i.r.e bagging,0,1
2015,gp_ward,icds aw worker,0,1
2015,gp_ward,icds worker,0,1
2015,gp_ward,industrial work,0,1
2015,gp_ward,information technology,0,1
2015,gp_ward,insurance,0,1
2015,gp_ward,insurance advisor,0,1
2015,gp_ward,insurance agent,0,8
2015,gp_ward,insurance consultant,0,3
2015,gp_ward,interial decoration,0,1
2015,gp_ward,interior designer,0,1
2015,gp_ward,interior designing,0,1
2015,gp_ward,interior designing work,0,1
2015,gp_ward,internal auditor,0,1
2015,gp_ward,it istructor,0,1
2015,gp_ward,it professional,0,1
2015,gp_ward,it teacher,0,1
2015,gp_ward,iti technician,0,1
2015,gp_ward,janmabhumi daily,0,1
2015,gp_ward,jcb operator,0,1
2015,gp_ward,jewellery staff,0,1
2015,gp_ward,jewllery work,0,1
2015,gp_ward,journalist,0,6
2015,gp_ward,jr. clerk,0,1
2015,gp_ward,"jr.clerk, co-operative bank, kolazhy",0,1
2015,gp_ward,"jr.clerk, parappur scb 474",0,1
2015,gp_ward,"jr.clerk.pcard bank,ponnani",0,1
2015,gp_ward,junior chief cashier,0,1
2015,gp_ward,junior clerk,0,1
2015,gp_ward,junior clerk (kottayam co-operative urban bank),0,1
2015,gp_ward,"junior clerk, pudukad town co.operative society ltd r-1436",0,1
2015,gp_ward,k f d c worker,0,1
2015,gp_ward,k s r t c,0,1
2015,gp_ward,"k s r t c , pensioner",0,1
2015,gp_ward,k s r t c conductor,0,1
2015,gp_ward,k. g. teacher,0,1
2015,gp_ward,k.s.f.e agent,0,1
2015,gp_ward,k.s.f.e.agent,0,1
2015,gp_ward,kerala feeds ltd,0,1
2015,gp_ward,khadhi worker,0,1
2015,gp_ward,khfl rd agent,0,1
2015,gp_ward,kila jilla co-ordinator,0,1
2015,gp_ward,kooli,0,34
2015,gp_ward,koolie,0,7
2015,gp_ward,kooliee,0,1
2015,gp_ward,kooly,0,5
2015,gp_ward,krishi,0,3
2015,gp_ward,ksfe agent,0,4
2015,gp_ward,ksfe collection agent,0,1
2015,gp_ward,ksheera sangam secretary,0,1
2015,gp_ward,ksrtc pensioner,0,2
2015,gp_ward,kudumbasree worker,0,1
2015,gp_ward,kuli,0,1
2015,gp_ward,kunnaru s c bank peon,0,1
2015,gp_ward,kuri collection,0,1
2015,gp_ward,l d clerk,0,1
2015,gp_ward,l i c,0,2
2015,gp_ward,l i c agent,0,8
2015,gp_ward,l i c chief advisor,0,1
2015,gp_ward,l k g teacher,0,1
2015,gp_ward,l. i. c agent,0,1
2015,gp_ward,l.i.c agent,0,17
2015,gp_ward,"l.i.c agent,m.p.k.b.y agent(post office recurring deposi scheme)",0,1
2015,gp_ward,l.i.c. agent,0,2
2015,gp_ward,l.i.c.agent,0,2
2015,gp_ward,l.ic.agent,0,1
2015,gp_ward,l.p.s.a,0,2
2015,gp_ward,lab assistant,0,9
2015,gp_ward,lab assistant(milk society),0,1
2015,gp_ward,lab assistent,0,1
2015,gp_ward,lab instructor,0,1
2015,gp_ward,lab technical assistant,0,1
2015,gp_ward,lab technician,0,6
2015,gp_ward,lab technitian,0,1
2015,gp_ward,lab.technical assistant,0,1
2015,gp_ward,laber,0,1
2015,gp_ward,labor,0,1
2015,gp_ward,labour,0,19
2015,gp_ward,labour work,0,1
2015,gp_ward,labourer,0,4
2015,gp_ward,last grade job(temporarily),0,1
2015,gp_ward,laundry,0,1
2015,gp_ward,lawyer,0,4
2015,gp_ward,"lcs cpi(m),kudavoor",0,1
2015,gp_ward,ldc da college karuvarakundu,0,1
2015,gp_ward,lecturer,0,1
2015,gp_ward,lecturer in bed college,0,1
2015,gp_ward,liaison officer,0,1
2015,gp_ward,librarian,0,4
2015,gp_ward,library assistant,0,1
2015,gp_ward,lic,0,1
2015,gp_ward,lic adviser,0,1
2015,gp_ward,lic advisor,0,2
2015,gp_ward,lic agent,0,123
2015,gp_ward,"lic agent,",0,1
2015,gp_ward,"lic agent, social worker",0,1
2015,gp_ward,lic ajent,0,1
2015,gp_ward,lic new india agent,0,1
2015,gp_ward,lic rd agent,0,1
2015,gp_ward,licenced building superviser,0,1
2015,gp_ward,licencee,0,1
2015,gp_ward,live stock inspector,0,1
2015,gp_ward,llb student,0,1
2015,gp_ward,loading,0,4
2015,gp_ward,loading and unloading,0,2
2015,gp_ward,loading and unloading work,0,2
2015,gp_ward,loading unloading,0,1
2015,gp_ward,local press reporter,0,1
2015,gp_ward,local reporter in veekshanam newspaper,0,1
2015,gp_ward,lottery agent,0,2
2015,gp_ward,lpsa,0,3
2015,gp_ward,m pkby agent,0,1
2015,gp_ward,m r d cardiology amala,0,1
2015,gp_ward,m.b.k.b.y agent,0,1
2015,gp_ward,m.g.n.r.e.g.a,0,1
2015,gp_ward,m.g.n.r.e.g.s labour,0,1
2015,gp_ward,m.k.s.p worker,0,1
2015,gp_ward,m.p.k by agent,0,1
2015,gp_ward,m.p.k.b.y agent,0,7
2015,gp_ward,madrasa instructor,0,1
2015,gp_ward,madrasa teacher,0,1
2015,gp_ward,madrassa teacher,0,3
2015,gp_ward,mahila pradan agent,0,1
2015,gp_ward,mahila pradham agent,0,1
2015,gp_ward,mahila prathan agent,0,1
2015,gp_ward,mahilapradhan agent,0,1
2015,gp_ward,maison,0,2
2015,gp_ward,malabar devasam(watchman),0,1
2015,gp_ward,malanadu milk society staff,0,1
2015,gp_ward,manager,0,3
2015,gp_ward,"manager , snehatheeram park",0,1
2015,gp_ward,manager of central engineering institute,0,1
2015,gp_ward,manager prabha school,0,1
2015,gp_ward,manager tata moters,0,1
2015,gp_ward,"manager, rural bank kakkattil",0,1
2015,gp_ward,"manager,co.operative bank,extension counter,chowalloor",0,1
2015,gp_ward,manager.printing co-operative society erattupetta,0,1
2015,gp_ward,marketing,0,2
2015,gp_ward,marketing - printing,0,1
2015,gp_ward,marketing excecutive,0,1
2015,gp_ward,marketing executive,0,1
2015,gp_ward,marketing job,0,1
2015,gp_ward,marketting,0,2
2015,gp_ward,mason,0,13
2015,gp_ward,mathrubhumi agent,0,1
2015,gp_ward,mbkby agent,0,1
2015,gp_ward,meason,0,1
2015,gp_ward,mechanic,0,7
2015,gp_ward,media reporter,0,1
2015,gp_ward,"media, video editor",0,1
2015,gp_ward,medical lab technician,0,1
2015,gp_ward,medical rep,0,1
2015,gp_ward,medical representative,0,6
2015,gp_ward,member,0,12
2015,gp_ward,member of panchayat,0,1
2015,gp_ward,meniyal,0,1
2015,gp_ward,merchant,0,12
2015,gp_ward,mesan,0,2
2015,gp_ward,messan,0,1
2015,gp_ward,mgnrega,0,1
2015,gp_ward,mgnrega labour,0,1
2015,gp_ward,mgnrega mate,0,1
2015,gp_ward,mgnregs,0,3
2015,gp_ward,mgnregs labour,0,1
2015,gp_ward,mgnregs worker,0,6
2015,gp_ward,mgnregs' mate,0,3
2015,gp_ward,milk collector,0,1
2015,gp_ward,milk procurement assistant,0,1
2015,gp_ward,milk society employee,0,1
2015,gp_ward,milk society lab assistant,0,1
2015,gp_ward,milk society secretary,0,3
2015,gp_ward,milk society secretary i/c,0,1
2015,gp_ward,milk society staff,0,1
2015,gp_ward,milk socitey staff,0,1
2015,gp_ward,milk socity secretary,0,1
2015,gp_ward,milk tester,0,1
2015,gp_ward,"milk tester ,milk society",0,1
2015,gp_ward,milma employee,0,1
2015,gp_ward,milma employee tvm diary,0,1
2015,gp_ward,milma secretary,0,1
2015,gp_ward,"milma, kollam dairy",0,1
2015,gp_ward,missionary,0,1
2015,gp_ward,mobile phone service,0,1
2015,gp_ward,motor mechanic,0,1
2015,gp_ward,mpkby agent,0,11
2015,gp_ward,mpkby agent & lic agent,0,1
2015,gp_ward,mpky agent,0,1
2015,gp_ward,mrf employee,0,1
2015,gp_ward,mrf worker,0,1
2015,gp_ward,munnar cable operater,0,1
2015,gp_ward,music teacher,0,4
2015,gp_ward,music tuition(private),0,1
2015,gp_ward,n.b.f.c pny fin,0,1
2015,gp_ward,n.r.e.g labour,0,1
2015,gp_ward,n.r.e.g.a,0,1
2015,gp_ward,n.r.e.g.s,0,1
2015,gp_ward,n.r.e.g.s worker,0,2
2015,gp_ward,nanma stores(daily wages),0,1
2015,gp_ward,national savings agent,0,3
2015,gp_ward,nc john company,0,1
2015,gp_ward,ncvt(electrical),0,1
2015,gp_ward,news correspondent,0,1
2015,gp_ward,news paper agency,0,1
2015,gp_ward,news paper agency & advertisement,0,1
2015,gp_ward,news paper agent,0,6
2015,gp_ward,news reader,0,1
2015,gp_ward,news reporter,0,1
2015,gp_ward,newspaper agent,0,2
2015,gp_ward,night watch man,0,1
2015,gp_ward,night watch man (co-op),0,1
2015,gp_ward,night watchman,0,1
2015,gp_ward,nil,1,3261
2015,gp_ward,nil (retired teacher),0,1
2015,gp_ward,nil(retaired pensioner),0,2
2015,gp_ward,nil.,0,1
2015,gp_ward,nil;,0,1
2015,gp_ward,nil`,0,1
2015,gp_ward,nill,0,17
2015,gp_ward,nnd agent,0,1
2015,gp_ward,no,1,70
2015,gp_ward,none,1,1
2015,gp_ward,not given,NA,5
2015,gp_ward,not recorded,0,13
2015,gp_ward,nrega worker,0,2
2015,gp_ward,nregs,0,1
2015,gp_ward,nregs worker,0,1
2015,gp_ward,nurse,0,8
2015,gp_ward,nurse(pvt),0,1
2015,gp_ward,nurse(rtd),0,1
2015,gp_ward,nursery teacher,0,2
2015,gp_ward,nursery teacher in private school,0,1
2015,gp_ward,nursing,0,1
2015,gp_ward,nursing assistant,0,1
2015,gp_ward,nutrimix worker,0,1
2015,gp_ward,office administration,0,1
2015,gp_ward,office administrator,0,1
2015,gp_ward,office assistant,0,1
2015,gp_ward,office assistant (self financing engineering college),0,1
2015,gp_ward,office assistant(private),0,1
2015,gp_ward,office attendant,0,3
2015,gp_ward,office attendent,0,1
2015,gp_ward,office attendent (private school),0,1
2015,gp_ward,office attender,0,1
2015,gp_ward,office attentant,0,1
2015,gp_ward,office staff,0,2
2015,gp_ward,office work,0,1
2015,gp_ward,operator technical in noratel india power components pvt ltd.,0,1
2015,gp_ward,other service,0,2
2015,gp_ward,other services,0,1
2015,gp_ward,other work,0,1
2015,gp_ward,others,0,1
2015,gp_ward,"p c a r d bank employee, ottappalam",0,1
2015,gp_ward,p t s,0,1
2015,gp_ward,p.r o,0,1
2015,gp_ward,p.r.o,0,1
2015,gp_ward,p.r.o st.thomas mission hospital,0,1
2015,gp_ward,painter,0,21
2015,gp_ward,painting,0,13
2015,gp_ward,painting artist,0,1
2015,gp_ward,palliative nurse,0,1
2015,gp_ward,panthal work,0,1
2015,gp_ward,paper agency,0,1
2015,gp_ward,paper cover production,0,1
2015,gp_ward,paralel college teacher,0,1
2015,gp_ward,parallel college teacher,0,1
2015,gp_ward,part time sweeper,0,1
2015,gp_ward,part time sweeper (contract),0,1
2015,gp_ward,part time sweeper kanjikuzhy scb,0,1
2015,gp_ward,party worker,0,1
2015,gp_ward,pe teacher,0,1
2015,gp_ward,peeling,0,1
2015,gp_ward,pensionar,0,4
2015,gp_ward,pensioner,0,194
2015,gp_ward,pensioner ( retd. teacher),0,1
2015,gp_ward,pensioner (rtd l.h.s),0,1
2015,gp_ward,"pensioner ,farmer",0,1
2015,gp_ward,pensioner govt,0,1
2015,gp_ward,pensioner state govt.,0,1
2015,gp_ward,pensioner(co-operative),0,1
2015,gp_ward,"pensioner, co operative society",0,1
2015,gp_ward,"pensioner, self employment",0,1
2015,gp_ward,"pensioner,ksrtc",0,1
2015,gp_ward,pensionner,0,1
2015,gp_ward,pensoiner,0,1
2015,gp_ward,pensoner,0,1
2015,gp_ward,pentioner,0,2
2015,gp_ward,peon,0,10
2015,gp_ward,peon (puthuppariyaram service co-operative bank),0,1
2015,gp_ward,peon anjarakandy service co op bank,0,1
2015,gp_ward,peon kdc bank,0,1
2015,gp_ward,"peon, ariyoor co-operative bank",0,1
2015,gp_ward,"peon, bfsc bank kundamkuzhy",0,1
2015,gp_ward,"peon, co-operative bank",0,1
2015,gp_ward,"peon,co.op bank",0,1
2015,gp_ward,peon- co-operative bank,0,1
2015,gp_ward,"peon- cresent high school,adakkakundu",0,1
2015,gp_ward,peon-thanniyam panchayath service co-operative bank,0,1
2015,gp_ward,petrol pump worker,0,1
2015,gp_ward,pharmacist,0,10
2015,gp_ward,pharmacy staff,0,1
2015,gp_ward,pharmasist,0,2
2015,gp_ward,photo grapher and computer designer,0,1
2015,gp_ward,photografer,0,1
2015,gp_ward,photographer,0,10
2015,gp_ward,photography,0,3
2015,gp_ward,physical education teacher,0,1
2015,gp_ward,physiotherapist,0,1
2015,gp_ward,pipe fitter,0,1
2015,gp_ward,plantation laber,0,1
2015,gp_ward,planter,0,1
2015,gp_ward,plumber,0,7
2015,gp_ward,"plumber, driver",0,1
2015,gp_ward,plumbing,0,2
2015,gp_ward,plumbing work,0,1
2015,gp_ward,plumping,0,1
2015,gp_ward,plywood worker,0,1
2015,gp_ward,polish work,0,1
2015,gp_ward,political,0,1
2015,gp_ward,politician,0,16
2015,gp_ward,politician - social service,0,1
2015,gp_ward,politicians,0,1
2015,gp_ward,politics,0,4
2015,gp_ward,poltician,0,1
2015,gp_ward,porter,0,1
2015,gp_ward,post women,0,1
2015,gp_ward,postal rd agent,0,1
2015,gp_ward,postal recoring agent(recoring deposit agent),0,1
2015,gp_ward,practising homoeopathic physician,0,1
2015,gp_ward,pre primary teacher,0,2
2015,gp_ward,pre-primary teacher,0,1
2015,gp_ward,pree primary teacher,0,1
2015,gp_ward,preprimary aya,0,1
2015,gp_ward,prerak,0,4
2015,gp_ward,prerrak,0,1
2015,gp_ward,press,0,1
2015,gp_ward,press worker,0,2
2015,gp_ward,primary co.operative employee,0,1
2015,gp_ward,principal,0,2
2015,gp_ward,printer,0,1
2015,gp_ward,printing,0,1
2015,gp_ward,private,0,8
2015,gp_ward,private building contractor,0,1
2015,gp_ward,private business,0,1
2015,gp_ward,private clerk,0,1
2015,gp_ward,private company,0,6
2015,gp_ward,private company employee,0,1
2015,gp_ward,private company worker,0,1
2015,gp_ward,private employee,0,4
2015,gp_ward,private ferm employee,0,1
2015,gp_ward,private firm,0,4
2015,gp_ward,private firm accountant cum manager,0,1
2015,gp_ward,private firm employee,0,1
2015,gp_ward,private job,0,9
2015,gp_ward,private pharmacist,0,1
2015,gp_ward,private school teacher,0,3
2015,gp_ward,private sector,0,3
2015,gp_ward,private sector employee,0,1
2015,gp_ward,private service,0,1
2015,gp_ward,private teacher,0,7
2015,gp_ward,private teaching,0,1
2015,gp_ward,private work,0,1
2015,gp_ward,private worker,0,1
2015,gp_ward,"pro,safa college",0,1
2015,gp_ward,proccurment assistant in kss,0,1
2015,gp_ward,procurement assistant- ksheerolpadaka sahakarana sangham,0,1
2015,gp_ward,professor,0,1
2015,gp_ward,pts,0,1
2015,gp_ward,"pts , akathethara scb",0,1
2015,gp_ward,pts in society,0,1
2015,gp_ward,public men,0,1
2015,gp_ward,public servant,0,6
2015,gp_ward,public servent,0,6
2015,gp_ward,public service,0,26
2015,gp_ward,public work,0,4
2015,gp_ward,public worker,0,20
2015,gp_ward,publicworker,0,1
2015,gp_ward,pvt employee,0,1
2015,gp_ward,pvt kuri-collection agent,0,1
2015,gp_ward,pvt. employee,0,2
2015,gp_ward,pvt. job,0,1
2015,gp_ward,pvt.school teacher,0,1
2015,gp_ward,r d agent,0,4
2015,gp_ward,r.d agent,0,3
2015,gp_ward,r.d.agent,0,2
2015,gp_ward,r.d.agent & social worker,0,1
2015,gp_ward,r.p kudumbasree,0,1
2015,gp_ward,ration dealer,0,3
2015,gp_ward,ration licensee,0,1
2015,gp_ward,ration retailer,0,1
2015,gp_ward,ration shop,0,3
2015,gp_ward,ration shop licency,0,1
2015,gp_ward,rationshop salesman,0,1
2015,gp_ward,rd agent,0,4
2015,gp_ward,rd agent karuvarakundu rural co-operative bank,0,1
2015,gp_ward,rd collection agent,0,1
2015,gp_ward,rda agent,0,1
2015,gp_ward,re. teacher,0,1
2015,gp_ward,receptionist,0,2
2015,gp_ward,reporter desabhmani daily,0,1
2015,gp_ward,ret. teacher,0,2
2015,gp_ward,retaired employee,0,1
2015,gp_ward,retd h.m,0,1
2015,gp_ward,retd head master,0,1
2015,gp_ward,"retd senior manager ,kannur dcb",0,1
2015,gp_ward,retd& farmer,0,1
2015,gp_ward,retd. district judge,0,1
2015,gp_ward,retd. govt employee,0,1
2015,gp_ward,retd. head master,0,1
2015,gp_ward,retd. principal,0,1
2015,gp_ward,retd. professor,0,1
2015,gp_ward,retd.bank secretary,0,1
2015,gp_ward,retd.govt employee,0,1
2015,gp_ward,retd.teacher,0,2
2015,gp_ward,reted teacher,0,1
2015,gp_ward,retiered teacher,0,1
2015,gp_ward,retired,0,12
2015,gp_ward,retired anganwady worker,0,1
2015,gp_ward,retired bank employee,0,1
2015,gp_ward,retired co-operative staff,0,1
2015,gp_ward,retired collage professor,0,1
2015,gp_ward,retired deputy general manager mdc bank,0,1
2015,gp_ward,retired employee,0,5
2015,gp_ward,retired from a limited co. delhi,0,1
2015,gp_ward,retired from postal dept,0,1
2015,gp_ward,retired from service,0,2
2015,gp_ward,retired govt employee,0,1
2015,gp_ward,retired govt servant,0,1
2015,gp_ward,retired govt service,0,1
2015,gp_ward,retired govt. employee,0,1
2015,gp_ward,retired govt.servant,0,1
2015,gp_ward,retired h.m,0,1
2015,gp_ward,retired head master,0,1
2015,gp_ward,retired head mistress,0,1
2015,gp_ward,retired head nurse,0,1
2015,gp_ward,retired headmaster,0,1
2015,gp_ward,retired headmistress,0,3
2015,gp_ward,"retired hm, house wife",0,1
2015,gp_ward,retired kerala gov.service,0,1
2015,gp_ward,retired person,0,1
2015,gp_ward,retired police,0,1
2015,gp_ward,retired s.i,0,1
2015,gp_ward,retired teacher,0,30
2015,gp_ward,retired(cadbury india ltd ),0,1
2015,gp_ward,retired. h.s.a,0,1
2015,gp_ward,retried bank employee,0,1
2015,gp_ward,"rpli agent,new india assurance agent",0,1
2015,gp_ward,rt. bank employee,0,1
2015,gp_ward,rt.employee-ksrtc conductor,0,1
2015,gp_ward,rt.teacher,0,1
2015,gp_ward,rt: p.e.t teacher,0,1
2015,gp_ward,rtd .aganvadi teacher,0,1
2015,gp_ward,rtd .bank employee,0,1
2015,gp_ward,rtd .teacher,0,1
2015,gp_ward,rtd bank manager,0,1
2015,gp_ward,rtd from plantation corperation,0,1
2015,gp_ward,rtd gov employ,0,1
2015,gp_ward,rtd govt. servant,0,1
2015,gp_ward,rtd h.m,0,1
2015,gp_ward,rtd police officer,0,1
2015,gp_ward,rtd principal(v.h.s.e),0,1
2015,gp_ward,rtd teacher,0,5
2015,gp_ward,rtd-teacher,0,2
2015,gp_ward,rtd. agrl. asst.,0,1
2015,gp_ward,"rtd. assistant executive engineer, k.s.e.b",0,1
2015,gp_ward,rtd. asst. engineer,0,1
2015,gp_ward,rtd. bank staff,0,1
2015,gp_ward,rtd. bsnl,0,1
2015,gp_ward,rtd. co-operative inspector,0,1
2015,gp_ward,rtd. govt. employee,0,2
2015,gp_ward,rtd. h.m.,0,1
2015,gp_ward,rtd. head master,0,1
2015,gp_ward,rtd. health inspector,0,2
2015,gp_ward,rtd. in mg uty,0,1
2015,gp_ward,rtd. ksrtc,0,1
2015,gp_ward,rtd. panchayath secretary,0,1
2015,gp_ward,rtd. public health nurse,0,1
2015,gp_ward,rtd. teacher,0,9
2015,gp_ward,"rtd. teacher, business",0,1
2015,gp_ward,"rtd. teacher,social worker",0,1
2015,gp_ward,rtd. university labour,0,1
2015,gp_ward,rtd.deputy thahsildar,0,1
2015,gp_ward,rtd.govt servant,0,1
2015,gp_ward,rtd.govt.servent,0,1
2015,gp_ward,rtd.govtemployee,0,1
2015,gp_ward,rtd.headmistress,0,1
2015,gp_ward,rtd.hss principal,0,1
2015,gp_ward,rtd.labour officer,0,1
2015,gp_ward,rtd.principal,0,1
2015,gp_ward,rtd.teacher,0,9
2015,gp_ward,"rtd.teacher , farmer",0,1
2015,gp_ward,rtrd.teacher,0,1
2015,gp_ward,rubber tapping,0,9
2015,gp_ward,rubco,0,1
2015,gp_ward,rubco huat(p)ltd,0,1
2015,gp_ward,s/c prerak,0,1
2015,gp_ward,sahagarana sangam secretary,0,1
2015,gp_ward,sale tax consultant,0,1
2015,gp_ward,sales,0,2
2015,gp_ward,sales assistant,0,1
2015,gp_ward,sales assistant neethi store govt servant's co-operative society mavelikara,0,1
2015,gp_ward,sales excecutive,0,1
2015,gp_ward,sales executive,0,5
2015,gp_ward,sales girl,0,3
2015,gp_ward,sales man,0,5
2015,gp_ward,sales man(medical store),0,1
2015,gp_ward,sales manager,0,2
2015,gp_ward,sales manager shriram life,0,1
2015,gp_ward,sales officer,0,2
2015,gp_ward,sales representative,0,1
2015,gp_ward,sales woman,0,1
2015,gp_ward,sales women,0,1
2015,gp_ward,salesman,0,9
2015,gp_ward,sc promoter,0,1
2015,gp_ward,scb,0,1
2015,gp_ward,"scb staff , nilamel",0,1
2015,gp_ward,school employee(aided),0,1
2015,gp_ward,school helper,0,1
2015,gp_ward,school principal,0,1
2015,gp_ward,school teacher,0,1
2015,gp_ward,scuba diver,0,1
2015,gp_ward,"secrerary, co-operative bank",0,1
2015,gp_ward,secretary njeezhoor kucs ltd no k70(b) appcos,0,1
2015,gp_ward,secretary scb 953,0,1
2015,gp_ward,secretary(dairy milk society t344(d)apcos,0,1
2015,gp_ward,secretary(milk co-operative society),0,1
2015,gp_ward,"secretary, co-operative society",0,2
2015,gp_ward,"secretary, karimbam kss ltd",0,1
2015,gp_ward,"secretary, ksheera sangam",0,1
2015,gp_ward,"secretary, ksheerolpadaka sahakarana sangham",0,1
2015,gp_ward,"secretary, milk society",0,3
2015,gp_ward,"secretary, milk, co.operative society",0,1
2015,gp_ward,"secretary, moothottikal skheera sangham",0,1
2015,gp_ward,"secretary, naliyani service co-operative society",0,1
2015,gp_ward,"secretary, national yuva co-op society ltd, trivandrum",0,1
2015,gp_ward,"secretary, ponnani co-operative bank",0,1
2015,gp_ward,"secretary,edapal vanitha co-operative society",0,1
2015,gp_ward,"secretary,fisheries co-operative soceity",0,1
2015,gp_ward,secretary- in charge tpscb ltd.no. q78,0,1
2015,gp_ward,security guard,0,1
2015,gp_ward,self,0,1
2015,gp_ward,self employe,0,1
2015,gp_ward,self employed,0,14
2015,gp_ward,self employed (teaching),0,1
2015,gp_ward,"self employed, social work",0,1
2015,gp_ward,self employee,0,8
2015,gp_ward,self employeed,0,1
2015,gp_ward,self employer,0,1
2015,gp_ward,self employment,0,2
2015,gp_ward,self occupied,0,1
2015,gp_ward,self work,0,1
2015,gp_ward,self-employed,0,1
2015,gp_ward,semi.govt.employee,0,1
2015,gp_ward,senior clerck in kottur service co-operative bank,0,1
2015,gp_ward,senior clerk,0,2
2015,gp_ward,senior clerk (bank),0,2
2015,gp_ward,senior clerk (vscb),0,1
2015,gp_ward,"senior clerk , mannarkkad rural co-operative bank",0,1
2015,gp_ward,senior clerk mscb,0,1
2015,gp_ward,"senior clerk,madai service co-op. bank ltd.",0,1
2015,gp_ward,senior manager,0,1
2015,gp_ward,service,0,3
2015,gp_ward,service co operative bank employee,0,2
2015,gp_ward,service co-operative bank branch manager,0,1
2015,gp_ward,service co-operative bank employee,0,1
2015,gp_ward,service co-operative bank servent,0,1
2015,gp_ward,service cooperative bank,0,1
2015,gp_ward,service pensionar,0,2
2015,gp_ward,service pensioner,0,16
2015,gp_ward,service pensioner central govt.,0,1
2015,gp_ward,service pensioner-kerala service,0,1
2015,gp_ward,service pensionor,0,1
2015,gp_ward,servive pensioner,0,1
2015,gp_ward,shift in charge,0,1
2015,gp_ward,shipyard worker,0,1
2015,gp_ward,shop,0,1
2015,gp_ward,shop owner,0,1
2015,gp_ward,silk realing,0,1
2015,gp_ward,small scale industry,0,1
2015,gp_ward,socail service,0,1
2015,gp_ward,socail worker,0,13
2015,gp_ward,social,0,1
2015,gp_ward,social activities,0,2
2015,gp_ward,social activity,0,7
2015,gp_ward,social secrvice,0,1
2015,gp_ward,social service,0,65
2015,gp_ward,social woeker,0,2
2015,gp_ward,social work,0,141
2015,gp_ward,social work (ngo),0,1
2015,gp_ward,social worker,0,599
2015,gp_ward,"social worker, private job",0,1
2015,gp_ward,"social worker, stitching",0,1
2015,gp_ward,"social worker, tailoring",0,1
2015,gp_ward,"social worker,ard licency",0,1
2015,gp_ward,social works,0,2
2015,gp_ward,social workwer,0,1
2015,gp_ward,socialservice,0,1
2015,gp_ward,socialservices,0,2
2015,gp_ward,socialservices (bank employee),0,1
2015,gp_ward,socialworker,0,5
2015,gp_ward,socilal worker,0,1
2015,gp_ward,soocial worker,0,1
2015,gp_ward,sound editor,0,1
2015,gp_ward,sr.clerk in pcard bank,0,1
2015,gp_ward,sr.clerk(karumallur co-operative bank),0,1
2015,gp_ward,sslc,0,1
2015,gp_ward,st govt pensioner,0,1
2015,gp_ward,staff nurse,0,2
2015,gp_ward,staff nursing,0,1
2015,gp_ward,staff of vattyara milk society,0,1
2015,gp_ward,stage decoration,0,1
2015,gp_ward,state pensioner,0,1
2015,gp_ward,state service pensioner,0,2
2015,gp_ward,state service pensionor,0,1
2015,gp_ward,steel rod work,0,1
2015,gp_ward,stiching,0,1
2015,gp_ward,still fitter,0,1
2015,gp_ward,store keeper,0,1
2015,gp_ward,student,1,12
2015,gp_ward,student (msc computer science),0,1
2015,gp_ward,studying,0,1
2015,gp_ward,supervisor,0,3
2015,gp_ward,supervisor in eicl company,0,1
2015,gp_ward,sw,0,1
2015,gp_ward,t.r.s.c.b.collection agent,0,1
2015,gp_ward,tailaring,0,2
2015,gp_ward,tailer,0,3
2015,gp_ward,tailor,0,46
2015,gp_ward,tailor shop,0,1
2015,gp_ward,tailore,0,1
2015,gp_ward,tailoring,0,42
2015,gp_ward,tailoring shop,0,1
2015,gp_ward,tapper,0,2
2015,gp_ward,tapping,0,9
2015,gp_ward,tax consulting officer,0,1
2015,gp_ward,tax practetioner,0,1
2015,gp_ward,tax practitioner,0,1
2015,gp_ward,taxi driver,0,1
2015,gp_ward,teachar,0,1
2015,gp_ward,teacher,0,297
2015,gp_ward,teacher (aided school),0,1
2015,gp_ward,teacher (dled),0,1
2015,gp_ward,teacher (h.s),0,1
2015,gp_ward,teacher (pensioner),0,1
2015,gp_ward,teacher (private school),0,1
2015,gp_ward,teacher (private),0,4
2015,gp_ward,teacher (pvt),0,1
2015,gp_ward,teacher (retd.),0,1
2015,gp_ward,teacher (retired),0,2
2015,gp_ward,teacher (rtd),0,1
2015,gp_ward,teacher (un-aided),0,1
2015,gp_ward,teacher (unaided school),0,1
2015,gp_ward,teacher (unaided),0,2
2015,gp_ward,teacher -nursery(unaided),0,1
2015,gp_ward,teacher in paralel college,0,1
2015,gp_ward,teacher in private institute,0,1
2015,gp_ward,teacher rtd.,0,1
2015,gp_ward,teacher(aided school),0,1
2015,gp_ward,teacher(h.m),0,1
2015,gp_ward,teacher(navodaya),0,1
2015,gp_ward,teacher(pre-primary),0,1
2015,gp_ward,teacher(retd),0,1
2015,gp_ward,teacher(retired),0,2
2015,gp_ward,teacher(rt.),0,1
2015,gp_ward,teacher(rtd),0,3
2015,gp_ward,teacher(un aided),0,1
2015,gp_ward,teacher-tution centre,0,1
2015,gp_ward,teacher-unaided,0,1
2015,gp_ward,teaching,0,22
2015,gp_ward,teaching (private),0,1
2015,gp_ward,teaching(private),0,1
2015,gp_ward,temparory meter reader(kwa),0,1
2015,gp_ward,temple priest,0,1
2015,gp_ward,territory manager(pharma),0,1
2015,gp_ward,thahsildar(retired),0,1
2015,gp_ward,theyyam artist,0,1
2015,gp_ward,theyyam kalagaran,0,1
2015,gp_ward,thozhilurappu,0,1
2015,gp_ward,tile work,0,1
2015,gp_ward,tile work contractor,0,1
2015,gp_ward,tile worker,0,1
2015,gp_ward,tiles work,0,1
2015,gp_ward,timber loading work,0,1
2015,gp_ward,toddy maker,0,1
2015,gp_ward,toddy shop employee,0,1
2015,gp_ward,toddy shop manager,0,2
2015,gp_ward,toddy shop worker,0,3
2015,gp_ward,toddy taping,0,1
2015,gp_ward,toddy tapper,0,5
2015,gp_ward,toddy tapping,0,3
2015,gp_ward,toddy worker,0,3
2015,gp_ward,tody drowing,0,1
2015,gp_ward,"trade instructor, nss engineering college, akathethara",0,1
2015,gp_ward,tradesman,0,1
2015,gp_ward,trainer,0,1
2015,gp_ward,trainer hrd,0,1
2015,gp_ward,travel agency,0,1
2015,gp_ward,travel agency staff,0,1
2015,gp_ward,travel agent,0,2
2015,gp_ward,travel consultant,0,2
2015,gp_ward,turner,0,1
2015,gp_ward,tution teacher,0,2
2015,gp_ward,tutor,0,1
2015,gp_ward,tutorial teacher,0,1
2015,gp_ward,typist (advocate state),0,1
2015,gp_ward,tyre worker,0,1
2015,gp_ward,uii agent,0,1
2015,gp_ward,un employed,1,3
2015,gp_ward,unaided school teacher,0,1
2015,gp_ward,unemployed,1,19
2015,gp_ward,unskilled labour,0,1
2015,gp_ward,upholstary,0,1
2015,gp_ward,upholstery work,0,2
2015,gp_ward,upsa,0,1
2015,gp_ward,vaidhya chikilsa,0,1
2015,gp_ward,vanitha society attender,0,1
2015,gp_ward,vellanikkara scb clerk temp.,0,1
2015,gp_ward,"vfpk,secretary",0,1
2015,gp_ward,video grapher,0,1
2015,gp_ward,visual media (journalist),0,1
2015,gp_ward,vocational instructor,0,1
2015,gp_ward,"vodaphon mobile service ltd, mis executive",0,1
2015,gp_ward,vydyar,0,1
2015,gp_ward,waiter [hotel],0,1
2015,gp_ward,ward member,0,2
2015,gp_ward,watch mechanic,0,1
2015,gp_ward,watchman,0,2
2015,gp_ward,weaver,0,2
2015,gp_ward,weaving,0,6
2015,gp_ward,welder,0,14
2015,gp_ward,welding,0,1
2015,gp_ward,welding contract work,0,1
2015,gp_ward,wire man,0,1
2015,gp_ward,wireman,0,2
2015,gp_ward,wiremen,0,1
2015,gp_ward,wiring,0,1
2015,gp_ward,wiring & plumbing,0,1
2015,gp_ward,wood business,0,1
2015,gp_ward,work in akshaya,0,1
2015,gp_ward,work shop,0,3
2015,gp_ward,worker,0,5
2015,gp_ward,"working in a co-operative sector , name as milco-dairy,keezhattingal as per daily wagessociety",0,1
2015,gp_ward,working in private company,0,1
2015,gp_ward,workshop,0,3
2015,gp_ward,x-ray technician,0,1
2015,gp_ward,ഇല്ല,0,18
2015,gp_ward,ടീച്ചര്‍,0,1
2015,gp_ward,പൊതുപ്രവര്‍ത്തകന്‍,0,1
2015,gp_ward,ബിസിനസ്സ്,0,1
2015,gp_ward,മെമ്പര്‍,0,1
2015,gp_ward,രേഖപ്പെടുത്തിയിട്ടില്ല,0,1
2015,gp_ward,റേഷന്‍ഷോപ്പ് ലൈസന്‍സി,0,1
2015,gp_ward,സെയില്‍സ് ഗേള്‍,0,1
2015,gp_ward,ഹെഡ് മാസ്റ്റര്‍,0,1
2015,gp_ward,‌business,0,1
2015,gp_ward,‍head accountant,0,1
2015,gp_ward,NA,NA,3196
2015,zp_member,accountant (co-operative bank),0,1
2015,zp_member,adovacate,0,1
2015,zp_member,advocate,0,30
2015,zp_member,aganwadi worker,0,1
2015,zp_member,agriculture,0,14
2015,zp_member,anganavadi worker,0,1
2015,zp_member,anganvaadi teacher,0,1
2015,zp_member,anganwadi worker,0,1
2015,zp_member,asha worker,0,1
2015,zp_member,asst.professor,0,1
2015,zp_member,bank clerk,0,3
2015,zp_member,bank employee,0,4
2015,zp_member,bank manager,0,1
2015,zp_member,bank officer,0,1
2015,zp_member,bil collector(bank),0,1
2015,zp_member,block prerak,0,1
2015,zp_member,buisiness,0,1
2015,zp_member,"buisiness,agriculture,social worker",0,1
2015,zp_member,busciness,0,2
2015,zp_member,business,0,18
2015,zp_member,clerk(co-opp.),0,1
2015,zp_member,co-op. bank staff,0,1
2015,zp_member,co-operative bank worker,0,1
2015,zp_member,co-operative employee,0,1
2015,zp_member,collection agent,0,1
2015,zp_member,contract work (bpcl),0,1
2015,zp_member,document writer,0,1
2015,zp_member,driver,0,1
2015,zp_member,"electrical lab instructor at kmea engineering college, edathala",0,1
2015,zp_member,farmer,0,1
2015,zp_member,headmistress,0,1
2015,zp_member,high school teacher,0,1
2015,zp_member,higher secondary school teacher,0,1
2015,zp_member,homeopathic phisician,0,1
2015,zp_member,homoeopathic doctor,0,1
2015,zp_member,house wife,1,6
2015,zp_member,hsa,0,1
2015,zp_member,journalist,0,1
2015,zp_member,"lab assistant-j.m.h.s.s., vakathanam",0,1
2015,zp_member,lab technician,0,1
2015,zp_member,lawyer,0,3
2015,zp_member,lic agent,0,7
2015,zp_member,"lic agent, social worker",0,1
2015,zp_member,llb student,0,1
2015,zp_member,news paper agent,0,1
2015,zp_member,nil,1,31
2015,zp_member,nill,0,1
2015,zp_member,pensioner,0,3
2015,zp_member,peon,0,1
2015,zp_member,pharmacist,0,1
2015,zp_member,play back singer,0,1
2015,zp_member,political worker,0,1
2015,zp_member,politician,0,2
2015,zp_member,professor,0,1
2015,zp_member,public servant,0,1
2015,zp_member,public servent,0,1
2015,zp_member,public work,0,1
2015,zp_member,public worker,0,1
2015,zp_member,retd.teacher,0,1
2015,zp_member,retired employee,0,1
2015,zp_member,retired govt servant,0,1
2015,zp_member,retired teacher,0,2
2015,zp_member,rtd. hm,0,1
2015,zp_member,rtd. teacher,0,3
2015,zp_member,rtd.bank employee,0,1
2015,zp_member,rtd.dde,0,1
2015,zp_member,rtd.teacher,0,1
2015,zp_member,s.w,0,1
2015,zp_member,"secretary, n.r.c.h.s.",0,1
2015,zp_member,social activities/business/agriculturalist,0,1
2015,zp_member,social service,0,1
2015,zp_member,social work,0,16
2015,zp_member,social worker,0,9
2015,zp_member,student,1,1
2015,zp_member,tailoring,0,1
2015,zp_member,teacher,0,20
2015,zp_member,teacher (rtd),0,2
2015,zp_member,teacher (rtd.),0,2
2015,zp_member,teaching,0,1
2015,zp_member,theacher,0,1
2015,zp_member,trainer,0,1
2015,zp_member,working malanadu developement society,0,1
2015,zp_member,NA,NA,91
2020,block_member,-,NA,1
2020,block_member,.,0,2
2020,block_member,a w worker,0,1
2020,block_member,aasha worker,0,1
2020,block_member,accountant,0,1
2020,block_member,accountant (pvt firm),0,1
2020,block_member,"accountant, vellikulangara service co-operative bank",0,1
2020,block_member,adocate,0,1
2020,block_member,adocate clerk,0,1
2020,block_member,adovocate,0,2
2020,block_member,advacate,0,1
2020,block_member,advocate,0,51
2020,block_member,advocate notary,0,1
2020,block_member,advoctae,0,2
2020,block_member,afscb,0,1
2020,block_member,aganwadi worker,0,2
2020,block_member,agricultural,0,5
2020,block_member,agriculture,0,125
2020,block_member,"agriculture, contractor",0,1
2020,block_member,"agriculture,l i c agent",0,1
2020,block_member,aided primary school teacher,0,1
2020,block_member,aided school teacher,0,1
2020,block_member,akshaya center,0,1
2020,block_member,akshya center,0,1
2020,block_member,aluminium fabrication,0,1
2020,block_member,angana wadi worker,0,1
2020,block_member,anganavadi helper,0,1
2020,block_member,anganavadi worker,0,4
2020,block_member,anganavadiworker,0,1
2020,block_member,anganavady worker,0,1
2020,block_member,anganawadi worker,0,3
2020,block_member,anganawadiworker,0,1
2020,block_member,anganvadi helper,0,2
2020,block_member,anganvadi teacher,0,1
2020,block_member,anganvadi worker,0,2
2020,block_member,anganwadi helper,0,1
2020,block_member,anganwadi worker,0,5
2020,block_member,anganwadiworker,0,1
2020,block_member,arabic teacher,0,1
2020,block_member,ard,0,1
2020,block_member,artist,0,2
2020,block_member,asa worker,0,1
2020,block_member,asha worker,0,23
2020,block_member,ashaworker,0,4
2020,block_member,audit assistant,0,1
2020,block_member,auto driver,0,2
2020,block_member,bank employee,0,2
2020,block_member,beautician,0,2
2020,block_member,"beautician,graphic designer",0,1
2020,block_member,beedi worker,0,2
2020,block_member,bill collector,0,1
2020,block_member,building construction,0,1
2020,block_member,buisiness,0,8
2020,block_member,buisness,0,3
2020,block_member,business,0,122
2020,block_member,business & agriculture,0,1
2020,block_member,business(sandam tech india pvt.ltd),0,1
2020,block_member,"business, agriculture",0,3
2020,block_member,bussiness,0,10
2020,block_member,cctv work,0,1
2020,block_member,chair person- kudumbasree,0,1
2020,block_member,civil engineer,0,1
2020,block_member,co op bank employee,0,1
2020,block_member,co op. bank employee,0,1
2020,block_member,co operative bank employee,0,2
2020,block_member,co-operative bank clerk,0,1
2020,block_member,co-operative bank employee,0,1
2020,block_member,co-operative milk society secretary,0,1
2020,block_member,co-operative society,0,1
2020,block_member,co-operative society employee,0,1
2020,block_member,co.-op-bank,0,1
2020,block_member,coir factory labour,0,1
2020,block_member,collection agent,0,10
2020,block_member,company employee,0,1
2020,block_member,company staff,0,1
2020,block_member,"company staff cez, kakkanad",0,1
2020,block_member,computer work,0,1
2020,block_member,construction,0,3
2020,block_member,construction work,0,1
2020,block_member,constructionworker,0,1
2020,block_member,cooli,0,9
2020,block_member,coolie,0,28
2020,block_member,cooperative,0,1
2020,block_member,cooperative sector,0,1
2020,block_member,daily wage,0,1
2020,block_member,daily wage employee,0,1
2020,block_member,daily wages,0,1
2020,block_member,daily wages job in service bank,0,1
2020,block_member,data entry operator,0,1
2020,block_member,day labour,0,1
2020,block_member,doccument writer and stamp vendor,0,1
2020,block_member,document writer,0,3
2020,block_member,document writter (state license).,0,1
2020,block_member,"drawing teacher, event management",0,1
2020,block_member,driver,0,22
2020,block_member,driving,0,1
2020,block_member,driving school instructur,0,1
2020,block_member,dubbing artist,0,1
2020,block_member,electrical supervisor,0,1
2020,block_member,electrician,0,5
2020,block_member,electrician helper,0,1
2020,block_member,"electrician,plumber",0,1
2020,block_member,employee- co operative bank,0,1
2020,block_member,entrepreneur,0,2
2020,block_member,ex- service man,0,1
2020,block_member,ex- service(navy),0,1
2020,block_member,ex. army,0,1
2020,block_member,farmer,0,46
2020,block_member,"farmer , buisiness",0,1
2020,block_member,farming,0,2
2020,block_member,film industry,0,1
2020,block_member,fisher man,0,1
2020,block_member,fisherman,0,2
2020,block_member,fishing,0,1
2020,block_member,furniture,0,1
2020,block_member,furniture business,0,1
2020,block_member,furniture workshop,0,1
2020,block_member,general worker(head load),0,1
2020,block_member,guest lecture,0,2
2020,block_member,guest teacher,0,1
2020,block_member,h s teacher,0,1
2020,block_member,harithakarmasena member,0,1
2020,block_member,head load worker,0,2
2020,block_member,headmistress(rtd),0,1
2020,block_member,health insurance survey - verifier,0,1
2020,block_member,health worker,0,1
2020,block_member,hm(retired),0,1
2020,block_member,home maker,1,2
2020,block_member,homoeo doctor,0,1
2020,block_member,house affairs,0,1
2020,block_member,house wife,1,83
2020,block_member,housewife,1,20
2020,block_member,hsa,0,1
2020,block_member,hss teacher,0,1
2020,block_member,hsst,0,1
2020,block_member,hsst-teacher,0,1
2020,block_member,hst(teacher),0,1
2020,block_member,industrial work,0,1
2020,block_member,industry,0,4
2020,block_member,industry worker,0,1
2020,block_member,insurance advisor,0,1
2020,block_member,insurance agent,0,2
2020,block_member,it professionsl cse,0,1
2020,block_member,it support,0,1
2020,block_member,journalist,0,1
2020,block_member,"junior clerk, karumkulam scb",0,1
2020,block_member,"junior clerk, urben co - operative bank",0,1
2020,block_member,kooli,0,4
2020,block_member,koolie,0,1
2020,block_member,krishi,0,1
2020,block_member,ksfe agent,0,2
2020,block_member,ksfe collection agent,0,1
2020,block_member,ksheerakarshaka,0,1
2020,block_member,kudumbasree community counselor,0,1
2020,block_member,l i c agent,0,2
2020,block_member,lab technician,0,3
2020,block_member,labour,0,3
2020,block_member,labourer,0,1
2020,block_member,lawyer,0,4
2020,block_member,librarian,0,1
2020,block_member,librariyan,0,1
2020,block_member,lic advisor,0,1
2020,block_member,lic agent,0,19
2020,block_member,lic agent & social worker,0,1
2020,block_member,"lic agent ,rd agent",0,1
2020,block_member,"lic agent,tution teacher",0,1
2020,block_member,lic consultant,0,1
2020,block_member,licensed supervisor a grade,0,1
2020,block_member,litteracy prerak,0,1
2020,block_member,llb student,0,1
2020,block_member,marketing,0,1
2020,block_member,marketing execute,0,1
2020,block_member,mason,0,1
2020,block_member,masonry,0,1
2020,block_member,medical practitioner,0,1
2020,block_member,medical representative,0,1
2020,block_member,merchant,0,1
2020,block_member,merchant navy,0,1
2020,block_member,mpkby agent,0,2
2020,block_member,music troup,0,1
2020,block_member,n.a.,0,2
2020,block_member,nil,1,348
2020,block_member,nill,0,4
2020,block_member,no,1,9
2020,block_member,nrega mate,0,1
2020,block_member,nurse,0,3
2020,block_member,ocularist/optometrist,0,1
2020,block_member,office attendant,0,2
2020,block_member,"office sup.k.e carmel school,pulincunnoo",0,1
2020,block_member,old pravasi,0,1
2020,block_member,others,0,7
2020,block_member,oushadhi dealer,0,1
2020,block_member,painting,0,1
2020,block_member,paper agent,0,1
2020,block_member,"pddp , secretary",0,1
2020,block_member,pension,0,1
2020,block_member,pensioner,0,37
2020,block_member,pensioner-co-op,0,1
2020,block_member,pharmacy assistant,0,1
2020,block_member,philanthropy,0,1
2020,block_member,photographer,0,3
2020,block_member,photography,0,1
2020,block_member,physiotherapist,0,1
2020,block_member,plantation cooli,0,1
2020,block_member,plumber,0,1
2020,block_member,politic worker,0,4
2020,block_member,political activist,0,1
2020,block_member,political worker,0,2
2020,block_member,politician,0,46
2020,block_member,postal life insurance agent,0,1
2020,block_member,pottery,0,1
2020,block_member,pre-primary teacher,0,1
2020,block_member,pre-school teacher,0,1
2020,block_member,prerak,0,1
2020,block_member,"president of regonal co-operative bank,konni",0,1
2020,block_member,priest,0,1
2020,block_member,primary school teacher,0,1
2020,block_member,principal,0,1
2020,block_member,private,0,1
2020,block_member,private college teacher,0,1
2020,block_member,private job,0,1
2020,block_member,private school teacher,0,4
2020,block_member,private tutiion,0,1
2020,block_member,private tutor,0,1
2020,block_member,privet teacher,0,1
2020,block_member,professional,0,1
2020,block_member,proffessional,0,1
2020,block_member,psc coaching faculty,0,1
2020,block_member,pts,0,1
2020,block_member,"pts , service co-op bank",0,1
2020,block_member,public activity,0,1
2020,block_member,public servent,0,1
2020,block_member,public worker,0,6
2020,block_member,r.d agent,0,1
2020,block_member,radiographer,0,1
2020,block_member,ration delear,0,1
2020,block_member,red. teacher,0,1
2020,block_member,reporter deepika daily,0,1
2020,block_member,resourse person,0,1
2020,block_member,ret. teacher,0,1
2020,block_member,retaired teacher,0,2
2020,block_member,retd . teacher,0,1
2020,block_member,retired,0,4
2020,block_member,retired bank employee,0,2
2020,block_member,retired college professor,0,1
2020,block_member,retired govt employee,0,1
2020,block_member,retired govt servant,0,1
2020,block_member,retired h m,0,1
2020,block_member,retired headmaster,0,1
2020,block_member,retired proffessor,0,1
2020,block_member,retired teacher,0,6
2020,block_member,retried from khadi board,0,1
2020,block_member,rt ksrtc,0,1
2020,block_member,rtd govt employee,0,1
2020,block_member,rtd head master,0,1
2020,block_member,rtd teacher,0,1
2020,block_member,"rtd teacher,lic agent",0,1
2020,block_member,rtd. bank secretary,0,1
2020,block_member,rtd. bsnl officer,0,1
2020,block_member,rtd. employee,0,1
2020,block_member,rtd. headmistress,0,1
2020,block_member,rtd.bank employee,0,1
2020,block_member,rtd.govt.employee(teacher),0,1
2020,block_member,rtd.teacher,0,1
2020,block_member,saksharatha prerak,0,1
2020,block_member,sales executive,0,2
2020,block_member,sales woman,0,1
2020,block_member,salesman,0,2
2020,block_member,scb collection agent,0,1
2020,block_member,scb manager,0,1
2020,block_member,school maneger,0,1
2020,block_member,secretary vanitha co-op society,0,1
2020,block_member,"secretary, co-op. society",0,1
2020,block_member,"secretary, payyaparamba kss",0,1
2020,block_member,"secretary,co op milk society",0,1
2020,block_member,"secretary,keralassery milk society",0,1
2020,block_member,"secretary,milk society",0,1
2020,block_member,security staff,0,1
2020,block_member,self employ,0,1
2020,block_member,self employed,0,2
2020,block_member,self employee,0,3
2020,block_member,selfjob,0,2
2020,block_member,service,0,1
2020,block_member,service bank supervisor,0,1
2020,block_member,service co-operative bank,0,1
2020,block_member,service pensioner,0,3
2020,block_member,socail worker,0,2
2020,block_member,social service,0,17
2020,block_member,social servise,0,1
2020,block_member,social work,0,28
2020,block_member,social worker,0,102
2020,block_member,"social worker,politic worker",0,1
2020,block_member,social works,0,1
2020,block_member,staff for malanadu development society,0,1
2020,block_member,staff nurse,0,1
2020,block_member,stamp vender,0,1
2020,block_member,state service pensioner,0,2
2020,block_member,stiching,0,1
2020,block_member,stitching,0,1
2020,block_member,student,1,7
2020,block_member,study,0,1
2020,block_member,supervisor,0,1
2020,block_member,tailor,0,4
2020,block_member,tailoring,0,4
2020,block_member,taping,0,1
2020,block_member,"tapping, farmer",0,1
2020,block_member,tax practitioner,0,1
2020,block_member,teachar,0,1
2020,block_member,teacher,0,48
2020,block_member,teacher (private),0,1
2020,block_member,teacher (pvt),0,1
2020,block_member,teacher (rtd.),0,1
2020,block_member,teacher(w.e),0,1
2020,block_member,teaching,0,4
2020,block_member,teaching professional,0,1
2020,block_member,theyyam artist,0,1
2020,block_member,toddy shope,0,1
2020,block_member,tourist guide with driver,0,1
2020,block_member,tours &travals,0,1
2020,block_member,tuition,0,1
2020,block_member,tuition teacher,0,2
2020,block_member,"tuition,lic agent",0,1
2020,block_member,westhill railway good shed head load worker,0,1
2020,block_member,NA,NA,440
2020,gp_ward,-,NA,30
2020,gp_ward,--,NA,1
2020,gp_ward,.,0,12
2020,gp_ward,.principal(rtd.),0,1
2020,gp_ward,a w w,0,1
2020,gp_ward,a.d.s,0,1
2020,gp_ward,a.d.s.,0,1
2020,gp_ward,a.n.m nurse,0,1
2020,gp_ward,a/c technician,0,1
2020,gp_ward,aasha,0,1
2020,gp_ward,aasha worker,0,3
2020,gp_ward,ac mechanic,0,1
2020,gp_ward,accademic director,0,1
2020,gp_ward,accountant,0,29
2020,gp_ward,accountant - gramanikethan self integrated academy,0,1
2020,gp_ward,accountant co-operative society,0,1
2020,gp_ward,accountant pvt,0,1
2020,gp_ward,accountant(gas agency),0,1
2020,gp_ward,accounting staff,0,1
2020,gp_ward,accounts work/field,0,1
2020,gp_ward,actor,0,1
2020,gp_ward,acu.healer acupunctarist,0,1
2020,gp_ward,ads,0,1
2020,gp_ward,ads (kudumbasree),0,1
2020,gp_ward,ads secretary,0,1
2020,gp_ward,adv. clerk,0,1
2020,gp_ward,advocacy,0,1
2020,gp_ward,advocate,0,117
2020,gp_ward,advocate & notary,0,1
2020,gp_ward,advocate clerk,0,4
2020,gp_ward,advocate office staff,0,1
2020,gp_ward,"advocate, agriculture",0,1
2020,gp_ward,"advocate, tax practisioner",0,1
2020,gp_ward,"advocate,notary",0,1
2020,gp_ward,aganawadi worker,0,2
2020,gp_ward,aganvadi worker,0,1
2020,gp_ward,aganwadi worker,0,1
2020,gp_ward,agency development manager,0,1
2020,gp_ward,agency work,0,1
2020,gp_ward,agent -post office -mahila pradhaan,0,1
2020,gp_ward,"agent lic of india,advisor star health insurance",0,1
2020,gp_ward,agent-national savings,0,1
2020,gp_ward,aggriculture,0,1
2020,gp_ward,agiculture,0,3
2020,gp_ward,agliculture,0,3
2020,gp_ward,agriclture,0,2
2020,gp_ward,agriculterist,0,1
2020,gp_ward,agricultural,0,17
2020,gp_ward,agricultural & business,0,4
2020,gp_ward,agricultural farm,0,1
2020,gp_ward,agricultural field,0,1
2020,gp_ward,agricultural labour,0,10
2020,gp_ward,agricultural labourer,0,1
2020,gp_ward,agricultural worker,0,16
2020,gp_ward,agriculturalist,0,3
2020,gp_ward,agriculture,0,794
2020,gp_ward,agriculture & service,0,1
2020,gp_ward,agriculture / business,0,1
2020,gp_ward,agriculture and bussiness,0,1
2020,gp_ward,agriculture and driver,0,1
2020,gp_ward,agriculture insurence advicer,0,1
2020,gp_ward,agriculture labour,0,11
2020,gp_ward,agriculture worker,0,4
2020,gp_ward,agriculture&insurance agent,0,1
2020,gp_ward,"agriculture, buisness",0,1
2020,gp_ward,"agriculture, catering",0,1
2020,gp_ward,"agriculture, farmer",0,1
2020,gp_ward,"agriculture, lic agent",0,1
2020,gp_ward,"agriculture, political worker",0,2
2020,gp_ward,"agriculture, political worker, industry",0,1
2020,gp_ward,"agriculture, politician",0,2
2020,gp_ward,"agriculture, professional",0,2
2020,gp_ward,"agriculture, social worker",0,2
2020,gp_ward,agriculture/bussiness,0,1
2020,gp_ward,agriculture/collection agent,0,1
2020,gp_ward,agriculturer,0,2
2020,gp_ward,agriculturist,0,13
2020,gp_ward,agriculturist and authorised boarwell agent,0,1
2020,gp_ward,agriculturte,0,1
2020,gp_ward,agriculure,0,1
2020,gp_ward,agricuture,0,1
2020,gp_ward,agrisulture,0,1
2020,gp_ward,aided college staff,0,1
2020,gp_ward,aided higher secondary school teacher,0,1
2020,gp_ward,aided office staff,0,1
2020,gp_ward,aided school clerk,0,1
2020,gp_ward,aided school employee,0,1
2020,gp_ward,aided school teacher,0,9
2020,gp_ward,aided teacher,0,1
2020,gp_ward,akshaya center,0,3
2020,gp_ward,akshaya center entrepreneur,0,1
2020,gp_ward,akshaya centre staf,0,1
2020,gp_ward,akshaya enterpreneur,0,1
2020,gp_ward,akshaya entrepreneur,0,4
2020,gp_ward,akshaya entreprenur,0,1
2020,gp_ward,akshaya staff,0,1
2020,gp_ward,akshaya worker,0,1
2020,gp_ward,alangad co-operative bank (daily wage),0,1
2020,gp_ward,alathur social welfare cooperative society,0,1
2020,gp_ward,aluminium fabrication,0,4
2020,gp_ward,aluminium fabrication works,0,1
2020,gp_ward,aluminium work,0,1
2020,gp_ward,amganvadi teacher,0,1
2020,gp_ward,amrutham nutrimix worker,0,1
2020,gp_ward,anganavadi helper,0,2
2020,gp_ward,anganavadi worker,0,10
2020,gp_ward,anganavady worker,0,2
2020,gp_ward,anganawadi helper,0,1
2020,gp_ward,anganawadi teacher,0,4
2020,gp_ward,anganawadi worker,0,21
2020,gp_ward,anganawady worker,0,1
2020,gp_ward,anganvadi helper,0,2
2020,gp_ward,anganvadi teacher,0,2
2020,gp_ward,anganvadi worker,0,20
2020,gp_ward,anganvady helper,0,1
2020,gp_ward,anganvady worker,0,2
2020,gp_ward,anganwadi,0,1
2020,gp_ward,anganwadi helper,0,6
2020,gp_ward,anganwadi teacher,0,5
2020,gp_ward,anganwadi worker,0,62
2020,gp_ward,anganwady helper,0,1
2020,gp_ward,anganwady worker,0,4
2020,gp_ward,angenwadi worker,0,1
2020,gp_ward,anghanavadi worker,0,1
2020,gp_ward,anm nurse,0,1
2020,gp_ward,apcos secretary,0,1
2020,gp_ward,apollo tyers,0,1
2020,gp_ward,apollo tyres employee,0,1
2020,gp_ward,appolo tyers,0,1
2020,gp_ward,appolo tyers worker,0,1
2020,gp_ward,"appolo tyres ltd, perambra",0,1
2020,gp_ward,arabic teacher,0,1
2020,gp_ward,arabic teacher lp aided,0,1
2020,gp_ward,architect,0,1
2020,gp_ward,ard,0,3
2020,gp_ward,ard licencee,0,1
2020,gp_ward,ard licensee,0,1
2020,gp_ward,ard salesman,0,1
2020,gp_ward,ariculture,0,2
2020,gp_ward,art teacher,0,2
2020,gp_ward,artist,0,12
2020,gp_ward,asa worker,0,3
2020,gp_ward,asha,0,6
2020,gp_ward,asha waorker,0,2
2020,gp_ward,asha worker,0,403
2020,gp_ward,asha worker in koipuram phc,0,1
2020,gp_ward,"asha worker, ward 11",0,1
2020,gp_ward,asha workers,0,1
2020,gp_ward,"asha,pvt.teacher",0,1
2020,gp_ward,ashaworker,0,13
2020,gp_ward,assistant cordinator,0,1
2020,gp_ward,assistant professor,0,4
2020,gp_ward,"assistant secretary , ezhome co-op bank",0,1
2020,gp_ward,assistnat superintendent of prison(retd.),0,1
2020,gp_ward,asst. professer (un aided college),0,1
2020,gp_ward,asst. secretary(co-op bank),0,1
2020,gp_ward,asst.profssor,0,1
2020,gp_ward,asst.secretary tscbank,0,1
2020,gp_ward,"astrology, vastu vidya",0,1
2020,gp_ward,attender,0,8
2020,gp_ward,"attender , govt.servants co-operative bank ltd.123 , n paravur",0,1
2020,gp_ward,"attender , oonukal scb",0,1
2020,gp_ward,"attender, wayanad dist drivers co-operative society ltd, kalpetta",0,1
2020,gp_ward,"attender,karanthur scb",0,1
2020,gp_ward,audio engineer,0,1
2020,gp_ward,audit assistant,0,1
2020,gp_ward,auditor in private firm,0,1
2020,gp_ward,authorised retail dealer,0,1
2020,gp_ward,auto consultant,0,1
2020,gp_ward,auto driver,0,33
2020,gp_ward,auto electrician,0,1
2020,gp_ward,automobile workshop,0,1
2020,gp_ward,awh,0,1
2020,gp_ward,aww,0,3
2020,gp_ward,ayurveda doctor,0,1
2020,gp_ward,ayurveda panchakarma therapist,0,1
2020,gp_ward,ayurveda physio therapist,0,1
2020,gp_ward,ayurveda therapist,0,1
2020,gp_ward,ayurvedic therapist,0,1
2020,gp_ward,b a,0,1
2020,gp_ward,bakery,0,1
2020,gp_ward,bank attender,0,1
2020,gp_ward,bank clerck,0,1
2020,gp_ward,bank clerk,0,1
2020,gp_ward,bank collection agent,0,6
2020,gp_ward,bank employ,0,1
2020,gp_ward,bank employee,0,32
2020,gp_ward,bank employee - collection agent,0,1
2020,gp_ward,bank employee on daily wages,0,1
2020,gp_ward,bank pigme,0,1
2020,gp_ward,bank staff,0,1
2020,gp_ward,banking,0,1
2020,gp_ward,barbar,0,1
2020,gp_ward,barber,0,2
2020,gp_ward,beautician,0,10
2020,gp_ward,beauticion,0,1
2020,gp_ward,beaution,0,1
2020,gp_ward,beautition,0,3
2020,gp_ward,beedi,0,3
2020,gp_ward,beedi worker,0,8
2020,gp_ward,beutician,0,1
2020,gp_ward,bft- mgnrega,0,1
2020,gp_ward,bill collection agent,0,2
2020,gp_ward,bill collector,0,11
2020,gp_ward,bill collector - co-op bank,0,1
2020,gp_ward,bill collector(bank),0,1
2020,gp_ward,"bill collector, pappinisseri service co-operative bank",0,1
2020,gp_ward,bisiness,0,2
2020,gp_ward,bisness,0,2
2020,gp_ward,bissiness,0,1
2020,gp_ward,buiciness,0,1
2020,gp_ward,builder,0,1
2020,gp_ward,building construction,0,2
2020,gp_ward,building construction supervisor,0,1
2020,gp_ward,building construction work,0,1
2020,gp_ward,building consultant,0,1
2020,gp_ward,building contracor,0,1
2020,gp_ward,building contractor,0,2
2020,gp_ward,building desighner,0,1
2020,gp_ward,building designing,0,1
2020,gp_ward,building designing office,0,1
2020,gp_ward,building supervisor,0,1
2020,gp_ward,building work,0,1
2020,gp_ward,buisiness,0,20
2020,gp_ward,"buisiness, farmer",0,1
2020,gp_ward,buisness,0,13
2020,gp_ward,"buisness, social service",0,1
2020,gp_ward,bus conductor,0,1
2020,gp_ward,busciness,0,1
2020,gp_ward,buseness,0,1
2020,gp_ward,busiiness,0,1
2020,gp_ward,businees,0,2
2020,gp_ward,busines,0,1
2020,gp_ward,business,0,991
2020,gp_ward,business (printing press),0,1
2020,gp_ward,"business , self employed",0,1
2020,gp_ward,business correspondent,0,1
2020,gp_ward,business(akshaya center),0,1
2020,gp_ward,business(contractor),0,1
2020,gp_ward,business(electrical shop),0,1
2020,gp_ward,"business, agriculture",0,1
2020,gp_ward,"business, asst.professor in sivaji college of engineering",0,1
2020,gp_ward,"business, farmer",0,2
2020,gp_ward,"business, krishi",0,1
2020,gp_ward,"business, public service",0,3
2020,gp_ward,business/ard,0,1
2020,gp_ward,business/farmer,0,1
2020,gp_ward,businuss,0,3
2020,gp_ward,busness,0,2
2020,gp_ward,bussines,0,10
2020,gp_ward,bussiness,0,60
2020,gp_ward,bussinuss,0,1
2020,gp_ward,c d s member,0,1
2020,gp_ward,cable collection agent,0,2
2020,gp_ward,cable operator,0,2
2020,gp_ward,cable technician,0,1
2020,gp_ward,cable tv operator,0,2
2020,gp_ward,cable work,0,1
2020,gp_ward,camera man,0,1
2020,gp_ward,canteen employee,0,1
2020,gp_ward,cardamom supervisor,0,1
2020,gp_ward,carpender,0,2
2020,gp_ward,carpenter,0,30
2020,gp_ward,cashew worker,0,5
2020,gp_ward,cashewnut unit worker,0,1
2020,gp_ward,casual labour,0,1
2020,gp_ward,cataring,0,1
2020,gp_ward,catering,0,3
2020,gp_ward,catering service,0,2
2020,gp_ward,cattering,0,1
2020,gp_ward,"cattering, stage decoration",0,1
2020,gp_ward,cattle rearing,0,1
2020,gp_ward,cctv sales & services,0,1
2020,gp_ward,cds,0,1
2020,gp_ward,cds chairperson,0,1
2020,gp_ward,cds member,0,1
2020,gp_ward,centring,0,1
2020,gp_ward,charity worker,0,1
2020,gp_ward,chemist,0,1
2020,gp_ward,chenda musician,0,1
2020,gp_ward,chicken centre,0,1
2020,gp_ward,chirakkal service co operative bank,0,1
2020,gp_ward,cial employee(out sourcing),0,1
2020,gp_ward,cinema serial actress,0,1
2020,gp_ward,civil draughtsman,0,1
2020,gp_ward,civil engineer,0,4
2020,gp_ward,civil work,0,1
2020,gp_ward,"cleaner, plavinmoodu apcos",0,1
2020,gp_ward,clerk,0,10
2020,gp_ward,clerk co-op society,0,1
2020,gp_ward,clerk in vettikkattiri scb,0,1
2020,gp_ward,"clerk, co-operative bank",0,1
2020,gp_ward,"clerk, mavoor service co-operative bank",0,1
2020,gp_ward,"clerk, private bank",0,1
2020,gp_ward,"clerk,co.op society",0,1
2020,gp_ward,cnc operator,0,1
2020,gp_ward,co op bill collector,0,1
2020,gp_ward,co op. pensioner,0,1
2020,gp_ward,co operative bank,0,4
2020,gp_ward,co operative bank employee,0,3
2020,gp_ward,co operative bank secretary,0,1
2020,gp_ward,co operative bank staff,0,1
2020,gp_ward,co operative bank worker,0,1
2020,gp_ward,co operative employee,0,2
2020,gp_ward,co operative sector,0,2
2020,gp_ward,co operative soceity employee,0,1
2020,gp_ward,co operative society bank,0,1
2020,gp_ward,co- operative bank employee,0,2
2020,gp_ward,co- operative sector,0,1
2020,gp_ward,co- operative society employee,0,1
2020,gp_ward,co-op bank collection agent,0,2
2020,gp_ward,co-op bank staff,0,1
2020,gp_ward,co-op bill attender,0,1
2020,gp_ward,co-op employee,0,2
2020,gp_ward,co-operation,0,1
2020,gp_ward,co-operative,0,2
2020,gp_ward,co-operative bank,0,2
2020,gp_ward,co-operative bank employee,0,21
2020,gp_ward,co-operative bank secretary,0,1
2020,gp_ward,co-operative bank staff,0,2
2020,gp_ward,co-operative employee,0,11
2020,gp_ward,co-operative institution employee,0,1
2020,gp_ward,co-operative sector,0,11
2020,gp_ward,co-operative society,0,2
2020,gp_ward,co-operative society employee,0,3
2020,gp_ward,co-operative society job,0,1
2020,gp_ward,co-operative worker,0,2
2020,gp_ward,co-opertive section,0,1
2020,gp_ward,co. op bank collection agent,0,1
2020,gp_ward,co.op bank employee,0,2
2020,gp_ward,co.op bank staff,0,1
2020,gp_ward,"co.op employee,internal auditor",0,1
2020,gp_ward,co.op. hospital employee,0,1
2020,gp_ward,co.op.bank jr.clerk,0,1
2020,gp_ward,co.op.society employee,0,1
2020,gp_ward,co.operative bank employee,0,2
2020,gp_ward,co.operative sector,0,1
2020,gp_ward,co:operative bank employ,0,1
2020,gp_ward,co_operative staff,0,1
2020,gp_ward,cocunut tree climber,0,1
2020,gp_ward,coir factory,0,1
2020,gp_ward,coir factory work,0,1
2020,gp_ward,coir factory worker,0,4
2020,gp_ward,coir work,0,1
2020,gp_ward,coir worker,0,4
2020,gp_ward,coir works,0,1
2020,gp_ward,colie,0,3
2020,gp_ward,collection agend,0,1
2020,gp_ward,collection agent,0,59
2020,gp_ward,collection agent (kerala bank),0,1
2020,gp_ward,collection agent (new trichur company),0,1
2020,gp_ward,collection agent - kfscb,0,1
2020,gp_ward,collection agent - scb ayyampuzha,0,1
2020,gp_ward,collection agent at kerala bank,0,1
2020,gp_ward,collection agent at vscb,0,1
2020,gp_ward,collection agent in co operative bank,0,1
2020,gp_ward,"collection agent kscb, ulanadu",0,1
2020,gp_ward,collection agent psc. bank,0,1
2020,gp_ward,collection agent s.c.b,0,1
2020,gp_ward,collection agent service cooperative bank kuthanur,0,1
2020,gp_ward,collection agent(temporary),0,1
2020,gp_ward,"collection agent, kottappally co-operative bank",0,1
2020,gp_ward,"collection agent,scb tkdm",0,1
2020,gp_ward,collection staff,0,1
2020,gp_ward,"collecton agent, bank",0,1
2020,gp_ward,college professor (rtd),0,1
2020,gp_ward,collie,0,3
2020,gp_ward,com.executive,0,1
2020,gp_ward,commision agent,0,1
2020,gp_ward,commission agent,0,1
2020,gp_ward,"commission bill collector , bank",0,1
2020,gp_ward,company employee,0,7
2020,gp_ward,"company employee, appolo tyres chalakkudy",0,1
2020,gp_ward,company work,0,1
2020,gp_ward,company worker,0,7
2020,gp_ward,computer centre,0,1
2020,gp_ward,computer h/w technician,0,1
2020,gp_ward,computer operator,0,5
2020,gp_ward,computer service,0,3
2020,gp_ward,computer service engineer,0,1
2020,gp_ward,computer staff,0,1
2020,gp_ward,computer teacher,0,2
2020,gp_ward,computer work,0,1
2020,gp_ward,concrete worker,0,1
2020,gp_ward,condactor,0,1
2020,gp_ward,construction,0,10
2020,gp_ward,construction employee,0,1
2020,gp_ward,construction field,0,1
2020,gp_ward,construction labour,0,3
2020,gp_ward,construction work,0,24
2020,gp_ward,"construction work, social work",0,1
2020,gp_ward,construction worker,0,35
2020,gp_ward,"construction worker, politician",0,1
2020,gp_ward,contract employee,0,1
2020,gp_ward,contract labour,0,2
2020,gp_ward,contract meter reader (kseb),0,1
2020,gp_ward,contract staff k.s.e.b,0,1
2020,gp_ward,contract work,0,1
2020,gp_ward,contract worker,0,1
2020,gp_ward,contract works,0,1
2020,gp_ward,contractor,0,22
2020,gp_ward,contractor electrical,0,1
2020,gp_ward,contractor(aluminium fabrication),0,1
2020,gp_ward,cook,0,5
2020,gp_ward,cool,0,1
2020,gp_ward,coolee,0,1
2020,gp_ward,cooli,0,64
2020,gp_ward,cooli worker,0,3
2020,gp_ward,coolie,0,359
2020,gp_ward,cooly,0,28
2020,gp_ward,cooperation field,0,1
2020,gp_ward,cooperative bank,0,1
2020,gp_ward,cooperative employee,0,2
2020,gp_ward,cooperative sector,0,1
2020,gp_ward,coperative bank staff,0,1
2020,gp_ward,coperative employee,0,1
2020,gp_ward,coperative sector,0,2
2020,gp_ward,creative director,0,1
2020,gp_ward,culi,0,2
2020,gp_ward,cultivation,0,2
2020,gp_ward,cultivation of paddy,0,1
2020,gp_ward,d.t.p. operator,0,1
2020,gp_ward,daily coleection agent in bank,0,1
2020,gp_ward,daily collection agent,0,1
2020,gp_ward,"daily collection agent, scb - budhanoor",0,1
2020,gp_ward,daily labour,0,1
2020,gp_ward,daily wage,0,3
2020,gp_ward,daily wage in co-operative society,0,1
2020,gp_ward,"daily wage staff, asmannoor service co operative bank",0,1
2020,gp_ward,"daily wage sweeper, co-operative bank",0,1
2020,gp_ward,daily wages,0,4
2020,gp_ward,daily wages in service co operative bank avinissery,0,1
2020,gp_ward,dairy farm,0,2
2020,gp_ward,dairy farmer,0,1
2020,gp_ward,dance teacher,0,2
2020,gp_ward,dapco secretary,0,1
2020,gp_ward,data entry operator,0,1
2020,gp_ward,"day deposit collection agent, trikaripur famers co -operative bank",0,1
2020,gp_ward,day job,0,1
2020,gp_ward,day labour,0,1
2020,gp_ward,dd collection agent,0,1
2020,gp_ward,dealer manager,0,1
2020,gp_ward,decoration store,0,1
2020,gp_ward,decoration work,0,1
2020,gp_ward,defence pensioner,0,2
2020,gp_ward,dent care dental lab,0,1
2020,gp_ward,dental assistant,0,1
2020,gp_ward,dental doctor,0,1
2020,gp_ward,dental nurse,0,2
2020,gp_ward,dental technician,0,1
2020,gp_ward,deposit collector,0,1
2020,gp_ward,deshabhimani,0,1
2020,gp_ward,designer,0,3
2020,gp_ward,development officer (iccsl),0,1
2020,gp_ward,devoswam board rtd,0,1
2020,gp_ward,dialy collection agent in karuvarakund scb,0,1
2020,gp_ward,diary farming,0,1
2020,gp_ward,diesel mechanic,0,1
2020,gp_ward,dinesh beedi,0,2
2020,gp_ward,doctor,0,1
2020,gp_ward,doctor(homoeopathy),0,1
2020,gp_ward,document writer,0,19
2020,gp_ward,document writing,0,1
2020,gp_ward,document writter,0,5
2020,gp_ward,draughtsman,0,1
2020,gp_ward,driver,0,293
2020,gp_ward,driver (cooly),0,1
2020,gp_ward,driver& welder,0,1
2020,gp_ward,"driver, pump operator",0,1
2020,gp_ward,driving school,0,2
2020,gp_ward,dtp operator,0,1
2020,gp_ward,dtp staff,0,1
2020,gp_ward,dtp work,0,2
2020,gp_ward,dy.supdt.of police (retired),0,1
2020,gp_ward,ecoshop convener,0,1
2020,gp_ward,ecoshop sales girl,0,1
2020,gp_ward,elctrician,0,1
2020,gp_ward,electric work,0,1
2020,gp_ward,electrical & plumbing,0,1
2020,gp_ward,electrical contractor,0,3
2020,gp_ward,electrical farm,0,1
2020,gp_ward,electrical work,0,5
2020,gp_ward,electrician,0,55
2020,gp_ward,electrition,0,4
2020,gp_ward,electronic machanic,0,1
2020,gp_ward,electronics mechanic,0,1
2020,gp_ward,eletrical contractor,0,1
2020,gp_ward,"employee , aided sector",0,1
2020,gp_ward,employee in nutrimux,0,1
2020,gp_ward,engineer,0,5
2020,gp_ward,enterpreuner,0,1
2020,gp_ward,entrepreneur,0,3
2020,gp_ward,estate job,0,1
2020,gp_ward,estate labour,0,6
2020,gp_ward,estate super visor,0,1
2020,gp_ward,estate worker,0,8
2020,gp_ward,event management business,0,1
2020,gp_ward,ex army,0,1
2020,gp_ward,ex member,0,1
2020,gp_ward,ex service,0,3
2020,gp_ward,ex service man,0,3
2020,gp_ward,ex serviceman,0,2
2020,gp_ward,ex- army,0,1
2020,gp_ward,ex- service man,0,1
2020,gp_ward,ex-army,0,1
2020,gp_ward,ex-bsf,0,1
2020,gp_ward,ex-nre,0,1
2020,gp_ward,ex-service,0,6
2020,gp_ward,ex-serviceman,0,3
2020,gp_ward,"ex-serviceman, retired bank emlpoyee",0,1
2020,gp_ward,ex. army,0,1
2020,gp_ward,ex. merchent navy,0,1
2020,gp_ward,ex. navy,0,1
2020,gp_ward,ex. servicemen,0,1
2020,gp_ward,ex.army,0,1
2020,gp_ward,"ex.army,agriculturist",0,1
2020,gp_ward,ex.gulf,0,2
2020,gp_ward,ex.service man,0,1
2020,gp_ward,executive of private firm,0,1
2020,gp_ward,fabrication,0,1
2020,gp_ward,fabrication work,0,1
2020,gp_ward,fabricator,0,1
2020,gp_ward,facilitator at indian co-operative credit society,0,1
2020,gp_ward,factory supevisor,0,1
2020,gp_ward,factory worker,0,1
2020,gp_ward,farm,0,1
2020,gp_ward,farm owner,0,1
2020,gp_ward,farmar,0,2
2020,gp_ward,farmer,0,451
2020,gp_ward,farmer & business,0,1
2020,gp_ward,"farmer, social worker",0,1
2020,gp_ward,"farmer,agriculture works",0,1
2020,gp_ward,farming,0,6
2020,gp_ward,farming (cow),0,1
2020,gp_ward,"farming , business",0,1
2020,gp_ward,farmour,0,1
2020,gp_ward,fashion designer,0,2
2020,gp_ward,"fashion desinging, farmer",0,1
2020,gp_ward,fda assistant(daily wage),0,1
2020,gp_ward,field officer,0,1
2020,gp_ward,financial advisor,0,1
2020,gp_ward,financial consultant (hdfc life),0,1
2020,gp_ward,fish farming,0,1
2020,gp_ward,fish sale,0,1
2020,gp_ward,fisheman,0,1
2020,gp_ward,fisher man,0,3
2020,gp_ward,fisher men,0,1
2020,gp_ward,fisheries dept (temporary),0,1
2020,gp_ward,fisheries related worker,0,3
2020,gp_ward,fisherman,0,48
2020,gp_ward,fishermen,0,7
2020,gp_ward,fishing,0,17
2020,gp_ward,flour mill,0,3
2020,gp_ward,forest watcher(daily wages),0,1
2020,gp_ward,former accountant in kissan nithi ltd.,0,1
2020,gp_ward,ftm,0,2
2020,gp_ward,furniture business,0,1
2020,gp_ward,furniture work,0,1
2020,gp_ward,generator mechanic,0,1
2020,gp_ward,ghadi worker,0,1
2020,gp_ward,gold dye making,0,1
2020,gp_ward,gold smith,0,1
2020,gp_ward,gold work,0,3
2020,gp_ward,"gold work ,farmer",0,1
2020,gp_ward,goldsmith,0,1
2020,gp_ward,government service retired,0,1
2020,gp_ward,govt aided college employee,0,1
2020,gp_ward,govt rtd,0,1
2020,gp_ward,govt service retired,0,1
2020,gp_ward,govt. contractor,0,1
2020,gp_ward,govt. employee,0,1
2020,gp_ward,govt. medical college hdc staff,0,1
2020,gp_ward,govt. servant (resigned),0,1
2020,gp_ward,govt. service,0,1
2020,gp_ward,govt.employee (rtd),0,1
2020,gp_ward,govt.pensioner,0,2
2020,gp_ward,graphic designer,0,3
2020,gp_ward,graphics designer,0,1
2020,gp_ward,grarments,0,1
2020,gp_ward,gst practitioner,0,1
2020,gp_ward,guest lecture,0,1
2020,gp_ward,"guest lecture, lic agent",0,1
2020,gp_ward,guest lecturer,0,2
2020,gp_ward,h.r in it company,0,1
2020,gp_ward,h.s.a (rtd ),0,1
2020,gp_ward,handloom weaver,0,1
2020,gp_ward,handloom weavers,0,1
2020,gp_ward,haritha karma sena,0,1
2020,gp_ward,harithakarmasena,0,1
2020,gp_ward,hdfc (bdm),0,1
2020,gp_ward,head clerk,0,1
2020,gp_ward,head load,0,1
2020,gp_ward,head load worker,0,14
2020,gp_ward,head loaders and general workers,0,1
2020,gp_ward,head loading worker,0,1
2020,gp_ward,head loard,0,1
2020,gp_ward,head lode,0,1
2020,gp_ward,head mistress,0,2
2020,gp_ward,head mistress (retd),0,1
2020,gp_ward,headload,0,1
2020,gp_ward,headload worker,0,4
2020,gp_ward,headmaster,0,2
2020,gp_ward,headmaster (teacher),0,1
2020,gp_ward,headmaster(rtd),0,1
2020,gp_ward,headmistress( aided school),0,1
2020,gp_ward,health supervisor(rtd),0,1
2020,gp_ward,high school assistant,0,1
2020,gp_ward,high school teacher,0,1
2020,gp_ward,"high skilled worker,rubco",0,1
2020,gp_ward,higher secondary teacher,0,1
2020,gp_ward,hiring service,0,1
2020,gp_ward,hml estate worker,0,1
2020,gp_ward,"home baker, youtuber",0,1
2020,gp_ward,home maker,1,25
2020,gp_ward,home shop,0,1
2020,gp_ward,home tuition,0,1
2020,gp_ward,home tution,0,1
2020,gp_ward,homemaker,1,2
2020,gp_ward,homeo doctor,0,1
2020,gp_ward,hose wife,0,3
2020,gp_ward,hospital receptionist,0,1
2020,gp_ward,hospital staff (pvt ltd),0,1
2020,gp_ward,hosue wife,0,1
2020,gp_ward,hotel,0,1
2020,gp_ward,house hold,1,1
2020,gp_ward,house keeping,0,1
2020,gp_ward,house maker,0,3
2020,gp_ward,house management,0,1
2020,gp_ward,house painter,0,1
2020,gp_ward,house wfe,0,3
2020,gp_ward,house wife,1,748
2020,gp_ward,house wife (home made cake making),0,1
2020,gp_ward,household,1,1
2020,gp_ward,housewife,1,117
2020,gp_ward,hr manager,0,1
2020,gp_ward,hsa arabic,0,1
2020,gp_ward,hsst,0,1
2020,gp_ward,hsst (mathematics),0,1
2020,gp_ward,hsst commerce,0,1
2020,gp_ward,hw,0,2
2020,gp_ward,"icici ,prudential financial advisor",0,1
2020,gp_ward,industrial work,0,1
2020,gp_ward,industry,0,3
2020,gp_ward,inernal auditor,0,1
2020,gp_ward,inshurance agent,0,1
2020,gp_ward,instructor,0,1
2020,gp_ward,insuarance advisor,0,1
2020,gp_ward,insurance advicer,0,1
2020,gp_ward,insurance adviser,0,2
2020,gp_ward,insurance advisor,0,8
2020,gp_ward,"insurance advisor, public service",0,1
2020,gp_ward,insurance adwisor,0,1
2020,gp_ward,insurance agent,0,10
2020,gp_ward,"insurance agent, farmer",0,1
2020,gp_ward,insurance manager,0,1
2020,gp_ward,interior designer,0,2
2020,gp_ward,internal auditor in a private firm,0,1
2020,gp_ward,internal auditor kulathoor scb,0,1
2020,gp_ward,"internal auditor, palakkad service co operative bank",0,1
2020,gp_ward,irtc co-ordinator,0,1
2020,gp_ward,islamic astrology & social worker,0,1
2020,gp_ward,iso consultant,0,1
2020,gp_ward,it,0,2
2020,gp_ward,it consultant,0,1
2020,gp_ward,it professional,0,1
2020,gp_ward,jewellery making,0,1
2020,gp_ward,jewelry making,0,1
2020,gp_ward,joint bdo,0,1
2020,gp_ward,journalism,0,1
2020,gp_ward,journalist,0,8
2020,gp_ward,junior advocate,0,1
2020,gp_ward,junior clerk,0,1
2020,gp_ward,jwellery sales women,0,1
2020,gp_ward,k u c s secretary,0,1
2020,gp_ward,k.g.e.t,0,1
2020,gp_ward,k.s.e.b contractor,0,1
2020,gp_ward,k.s.f.e agent,0,1
2020,gp_ward,karatte trainer,0,1
2020,gp_ward,karshakamithra,0,1
2020,gp_ward,karshakathozhilali,0,1
2020,gp_ward,karuvarakundu rural co operative society staff,0,1
2020,gp_ward,kerala bank collection agent,0,1
2020,gp_ward,kerala feeds worker,0,1
2020,gp_ward,kerala khadi avinissery,0,1
2020,gp_ward,kerala water authority meter reader,0,1
2020,gp_ward,kfdc labour,0,1
2020,gp_ward,khadi,0,1
2020,gp_ward,khadi employee,0,1
2020,gp_ward,khadi worker,0,3
2020,gp_ward,kids animator (social work),0,1
2020,gp_ward,kiosk operator sbi csp,0,1
2020,gp_ward,kooli,0,41
2020,gp_ward,koolie,0,14
2020,gp_ward,kooly,0,4
2020,gp_ward,kottayi service co-operative bank,0,1
2020,gp_ward,krishi,0,15
2020,gp_ward,kseb (retired),0,1
2020,gp_ward,kseb contract worker,0,1
2020,gp_ward,kseb staff (rtd),0,1
2020,gp_ward,ksfe & lic agent,0,1
2020,gp_ward,ksfe agent,0,3
2020,gp_ward,ksheera karshaka,0,1
2020,gp_ward,ksheera sangam secretary,0,1
2020,gp_ward,ksheerasangam secretary,0,1
2020,gp_ward,kudumbasree matrimony tuition centre,0,1
2020,gp_ward,kuri agent,0,2
2020,gp_ward,kurichy scb manager,0,1
2020,gp_ward,kwa pensioner,0,1
2020,gp_ward,l i c agent,0,3
2020,gp_ward,l.i.c agent,0,4
2020,gp_ward,lab assistant,0,6
2020,gp_ward,lab assistant in milk society,0,1
2020,gp_ward,lab assistant milk co-op society,0,1
2020,gp_ward,"lab assistant, gmhss, thiruvalathur",0,1
2020,gp_ward,lab asst,0,1
2020,gp_ward,lab technician,0,6
2020,gp_ward,labour,0,15
2020,gp_ward,labour work,0,1
2020,gp_ward,laibrarian,0,1
2020,gp_ward,land surveyer,0,1
2020,gp_ward,lawyer,0,4
2020,gp_ward,lbs,0,1
2020,gp_ward,lecturer,0,1
2020,gp_ward,librararian,0,2
2020,gp_ward,librarian,0,10
2020,gp_ward,lic adviser,0,1
2020,gp_ward,lic advisor,0,3
2020,gp_ward,lic agency,0,1
2020,gp_ward,lic agent,0,123
2020,gp_ward,"lic agent, asha worker",0,1
2020,gp_ward,"lic agent, business",0,1
2020,gp_ward,"lic agent, mpkby agent",0,1
2020,gp_ward,"lic agent, painting works",0,1
2020,gp_ward,"lic agent, service pensioner",0,1
2020,gp_ward,"lic agent,akshaya centre enterpreneur",0,1
2020,gp_ward,"lic agent,ration dealer",0,1
2020,gp_ward,"lic agent,social worker & politician",0,1
2020,gp_ward,"lic chief advisor,social worker",0,1
2020,gp_ward,"lic, uiic, ksfe agent",0,1
2020,gp_ward,licenced supervisor,0,1
2020,gp_ward,lift technician,0,1
2020,gp_ward,literacy prerak,0,1
2020,gp_ward,literecy prerak,0,1
2020,gp_ward,lkg teacher,0,1
2020,gp_ward,loading,0,3
2020,gp_ward,loading & unloading,0,1
2020,gp_ward,loading and unloading,0,1
2020,gp_ward,loading worker,0,3
2020,gp_ward,local reporter,0,1
2020,gp_ward,local reporter in janayugam news paper,0,1
2020,gp_ward,lorry booking agent,0,1
2020,gp_ward,lottery business,0,1
2020,gp_ward,lottery sale,0,2
2020,gp_ward,lottery shop emloyee,0,1
2020,gp_ward,m p k b y agent,0,1
2020,gp_ward,madrasa teacher,0,1
2020,gp_ward,madrassa teacher,0,1
2020,gp_ward,mahila pradan agent,0,1
2020,gp_ward,mahila pradhan agent,0,7
2020,gp_ward,maison,0,3
2020,gp_ward,malanada devaswom staff,0,1
2020,gp_ward,manager - service bank,0,1
2020,gp_ward,manager at private firm,0,1
2020,gp_ward,manager retail outlet p.k chokli,0,1
2020,gp_ward,"manager, airtel",0,1
2020,gp_ward,"manager, central engineering institute mallappally",0,1
2020,gp_ward,"manager, co-op bank",0,1
2020,gp_ward,"manager, private college",0,1
2020,gp_ward,mannual salesman,0,1
2020,gp_ward,marketing,0,2
2020,gp_ward,marketing excecutive,0,1
2020,gp_ward,marketing executive,0,3
2020,gp_ward,marketing staff,0,1
2020,gp_ward,mason,0,7
2020,gp_ward,mathrubhumi circulation,0,1
2020,gp_ward,mch cleaning staff,0,1
2020,gp_ward,mcl contract labourer,0,1
2020,gp_ward,"md, logos international",0,1
2020,gp_ward,meason,0,2
2020,gp_ward,mechanic,0,9
2020,gp_ward,mechanic (appolo),0,1
2020,gp_ward,media reporter,0,1
2020,gp_ward,medical company,0,1
2020,gp_ward,medical distribution,0,1
2020,gp_ward,medical rep,0,1
2020,gp_ward,medical repesentive,0,1
2020,gp_ward,medical representative,0,5
2020,gp_ward,"medical sales rep, public service",0,1
2020,gp_ward,medical salesman,0,1
2020,gp_ward,medical shope,0,1
2020,gp_ward,medical store,0,1
2020,gp_ward,member of kudumbasree training,0,1
2020,gp_ward,merchant,0,1
2020,gp_ward,merchent,0,1
2020,gp_ward,meter reader(contract),0,1
2020,gp_ward,mgnrega mate,0,1
2020,gp_ward,mgnrega worker,0,4
2020,gp_ward,mgnregs,0,5
2020,gp_ward,mgnregs -mate,0,1
2020,gp_ward,mgnregs ads,0,1
2020,gp_ward,mgnregs employee,0,1
2020,gp_ward,mgnregs labour,0,1
2020,gp_ward,mgnregs labourer,0,1
2020,gp_ward,mgnregs mate,0,1
2020,gp_ward,mgnregs worker,0,8
2020,gp_ward,micro unit,0,1
2020,gp_ward,milk producers co-operative society,0,1
2020,gp_ward,milk sales,0,1
2020,gp_ward,milk society,0,1
2020,gp_ward,milk society employee,0,2
2020,gp_ward,milk society secretary,0,3
2020,gp_ward,milk society staff,0,1
2020,gp_ward,milk tester,0,1
2020,gp_ward,mill worker,0,1
2020,gp_ward,milma employee,0,1
2020,gp_ward,milma shop,0,1
2020,gp_ward,mlm marketing,0,1
2020,gp_ward,mobile technician,0,1
2020,gp_ward,mpkby agent,0,11
2020,gp_ward,"mpkby agent, social service",0,1
2020,gp_ward,mrd staff in amala cancer hospital,0,1
2020,gp_ward,mrf employee,0,3
2020,gp_ward,mrf retired,0,1
2020,gp_ward,mridangam artist,0,1
2020,gp_ward,music field,0,1
2020,gp_ward,musician,0,1
2020,gp_ward,n n d,0,1
2020,gp_ward,n r i,0,1
2020,gp_ward,n.r.g,0,1
2020,gp_ward,national insurance agent,0,1
2020,gp_ward,national savings agent,0,1
2020,gp_ward,network marketing,0,1
2020,gp_ward,news paper agency,0,1
2020,gp_ward,news paper agent,0,5
2020,gp_ward,"news paper agent , janayugam reporter",0,1
2020,gp_ward,news paper distribution,0,1
2020,gp_ward,news papper supply,0,1
2020,gp_ward,news reader,0,1
2020,gp_ward,news reporter,0,1
2020,gp_ward,newspaper agent,0,2
2020,gp_ward,ni,0,1
2020,gp_ward,nids collection agent,0,1
2020,gp_ward,night watch man,0,1
2020,gp_ward,night watcher,0,1
2020,gp_ward,night watchman,0,2
2020,gp_ward,"night watchman, anchal scb",0,1
2020,gp_ward,nightwatchman,0,1
2020,gp_ward,nil,1,2683
2020,gp_ward,nil (retired teacher),0,1
2020,gp_ward,nill,0,50
2020,gp_ward,nnd agengt,0,1
2020,gp_ward,no,1,17
2020,gp_ward,nodel prerak,0,1
2020,gp_ward,non journalist,0,1
2020,gp_ward,none,1,1
2020,gp_ward,not recorded,0,2
2020,gp_ward,nrega,0,3
2020,gp_ward,nrega mate,0,1
2020,gp_ward,nrega worker,0,2
2020,gp_ward,nregs,0,1
2020,gp_ward,nregs employee,0,2
2020,gp_ward,nregs work,0,2
2020,gp_ward,nregs worker,0,3
2020,gp_ward,nrgea,0,1
2020,gp_ward,nursary teacher,0,1
2020,gp_ward,nurse,0,11
2020,gp_ward,nursery teacher,0,7
2020,gp_ward,nursing,0,2
2020,gp_ward,nursing staff,0,1
2020,gp_ward,office administrator,0,1
2020,gp_ward,office assistant(private),0,1
2020,gp_ward,office attendand,0,1
2020,gp_ward,office attendant,0,6
2020,gp_ward,office work,0,2
2020,gp_ward,online service,0,1
2020,gp_ward,operator crusher plant,0,1
2020,gp_ward,optical fitter,0,1
2020,gp_ward,optometry,0,1
2020,gp_ward,organizing secretary gandhi peace foundation,0,1
2020,gp_ward,other,0,14
2020,gp_ward,other service field,0,2
2020,gp_ward,other service sector,0,3
2020,gp_ward,other services,0,1
2020,gp_ward,other work,0,1
2020,gp_ward,others,0,65
2020,gp_ward,"own , self employed",0,1
2020,gp_ward,own business,0,1
2020,gp_ward,p t s (sales),0,1
2020,gp_ward,p t s(keezhallur s c bank,0,1
2020,gp_ward,p.t.s (co-operative bank),0,1
2020,gp_ward,paduva printers,0,1
2020,gp_ward,painter,0,19
2020,gp_ward,painting,0,21
2020,gp_ward,painting contractor,0,4
2020,gp_ward,painting work,0,1
2020,gp_ward,panchakarma therapist,0,1
2020,gp_ward,panchakarmma therapist,0,1
2020,gp_ward,panthal work,0,2
2020,gp_ward,panthal works,0,1
2020,gp_ward,paper agency,0,1
2020,gp_ward,paper agent,0,1
2020,gp_ward,para legal volunteer,0,1
2020,gp_ward,parallel collage teacher,0,1
2020,gp_ward,parallel colleg eteacher,0,1
2020,gp_ward,parallel college teacher,0,5
2020,gp_ward,"parallel college teacher, political worker",0,1
2020,gp_ward,part time employee,0,1
2020,gp_ward,part time sweeper,0,3
2020,gp_ward,"part time sweeper , co-operative bank",0,1
2020,gp_ward,pealing,0,2
2020,gp_ward,pensionar,0,3
2020,gp_ward,pensioner,0,155
2020,gp_ward,pensioner (ksrtc),0,1
2020,gp_ward,pensioner ksrtc,0,1
2020,gp_ward,pensioner(army),0,1
2020,gp_ward,pensioner(e.p.f),0,1
2020,gp_ward,pensioner(k.s.r.t.c),0,1
2020,gp_ward,pensioner(retired professor),0,1
2020,gp_ward,pensioner(rtd teacher),0,1
2020,gp_ward,pensioner(service),0,1
2020,gp_ward,pensoner,0,1
2020,gp_ward,penssioner,0,3
2020,gp_ward,pentioner,0,1
2020,gp_ward,peon,0,5
2020,gp_ward,peon -co operative bank,0,1
2020,gp_ward,peon in bank,0,1
2020,gp_ward,"peon, ambalaparapara service cooperative bank",0,1
2020,gp_ward,"peon, co-operative bank melila",0,1
2020,gp_ward,"peon, co-operativebank",0,1
2020,gp_ward,petrol pump manager,0,1
2020,gp_ward,petty business,0,1
2020,gp_ward,pharmacist,0,7
2020,gp_ward,pharmasist,0,1
2020,gp_ward,"pharmasist, journalist",0,1
2020,gp_ward,photocopier,0,1
2020,gp_ward,photographer,0,11
2020,gp_ward,"photographer, ration dealer",0,1
2020,gp_ward,photography,0,1
2020,gp_ward,physical education teacher,0,2
2020,gp_ward,physical trainer,0,1
2020,gp_ward,pigmi collection agent,0,1
2020,gp_ward,pigmy collection,0,1
2020,gp_ward,pinarayi weavers society labour,0,1
2020,gp_ward,plan drawing,0,1
2020,gp_ward,plant nursery,0,1
2020,gp_ward,planter,0,2
2020,gp_ward,planting,0,1
2020,gp_ward,plumber,0,5
2020,gp_ward,plumbing,0,2
2020,gp_ward,plumbing work,0,2
2020,gp_ward,plumbing works,0,1
2020,gp_ward,polish,0,1
2020,gp_ward,polishing,0,1
2020,gp_ward,political person,0,2
2020,gp_ward,political worker,0,21
2020,gp_ward,"political worker, industry",0,2
2020,gp_ward,politician,0,72
2020,gp_ward,"politician, social worker",0,1
2020,gp_ward,"politician, social worker, other service sectors",0,1
2020,gp_ward,"politician, social worker, others",0,2
2020,gp_ward,"politician, social worke‌r",0,2
2020,gp_ward,politician-social,0,1
2020,gp_ward,politics,0,10
2020,gp_ward,porter,0,5
2020,gp_ward,post office rd agent,0,2
2020,gp_ward,postoffice rd agent,0,1
2020,gp_ward,ppttc teacher,0,1
2020,gp_ward,pravasi,0,1
2020,gp_ward,pre primary teacher,0,4
2020,gp_ward,pre primary teacher (aided school),0,1
2020,gp_ward,pre-primary teacher,0,2
2020,gp_ward,prerak,0,14
2020,gp_ward,prerak and social worker,0,1
2020,gp_ward,prerak(kslma),0,1
2020,gp_ward,president azhoor muttappalam scb,0,1
2020,gp_ward,press,0,3
2020,gp_ward,primary co-operative society staff,0,1
2020,gp_ward,principal (retired),0,1
2020,gp_ward,principal (rtd),0,1
2020,gp_ward,printing,0,2
2020,gp_ward,printing press,0,1
2020,gp_ward,private,0,13
2020,gp_ward,private / parallel college teacher,0,2
2020,gp_ward,private / parallel school teacher,0,1
2020,gp_ward,private bank,0,1
2020,gp_ward,private college manager,0,1
2020,gp_ward,private college teacher,0,2
2020,gp_ward,private company,0,5
2020,gp_ward,private company employee,0,1
2020,gp_ward,private contractor,0,1
2020,gp_ward,private employee,0,7
2020,gp_ward,private firm,0,7
2020,gp_ward,private firm employee,0,1
2020,gp_ward,private job,0,28
2020,gp_ward,private office,0,1
2020,gp_ward,private pre primary teacher,0,1
2020,gp_ward,private school staff,0,1
2020,gp_ward,private school teacher,0,13
2020,gp_ward,private sector,0,5
2020,gp_ward,private service,0,1
2020,gp_ward,private teacher,0,6
2020,gp_ward,private tuition,0,1
2020,gp_ward,private tuition field,0,1
2020,gp_ward,private tuitor,0,1
2020,gp_ward,privet school teacher,0,2
2020,gp_ward,pro,0,1
2020,gp_ward,"pro , kmct",0,1
2020,gp_ward,pro in private hospital,0,1
2020,gp_ward,procurement assistant(milk society),0,1
2020,gp_ward,professional,0,18
2020,gp_ward,professional social worker,0,1
2020,gp_ward,proffesional,0,2
2020,gp_ward,program booking agency,0,1
2020,gp_ward,project coordinator,0,1
2020,gp_ward,psc coaching,0,1
2020,gp_ward,pts,0,2
2020,gp_ward,pts ( madayi co-op bank),0,1
2020,gp_ward,public man,0,1
2020,gp_ward,public servant,0,10
2020,gp_ward,public servent,0,16
2020,gp_ward,public service,0,10
2020,gp_ward,public woman,0,1
2020,gp_ward,public work,0,7
2020,gp_ward,public worker,0,21
2020,gp_ward,pumb operator,0,1
2020,gp_ward,pvt. company work,0,1
2020,gp_ward,pvt. hospital employee (temporary),0,1
2020,gp_ward,pvt.hospital,0,1
2020,gp_ward,pwd contracter,0,1
2020,gp_ward,r d agent,0,3
2020,gp_ward,r.d agent,0,1
2020,gp_ward,r/d agent,0,1
2020,gp_ward,ration licency,0,1
2020,gp_ward,ration retail dealer,0,1
2020,gp_ward,ration retail deler,0,1
2020,gp_ward,ration shop,0,2
2020,gp_ward,ration shop salesman,0,1
2020,gp_ward,ration store,0,1
2020,gp_ward,"rcm, ds",0,1
2020,gp_ward,rd agent,0,10
2020,gp_ward,rd agent (post office),0,1
2020,gp_ward,rd collection agent,0,1
2020,gp_ward,real estate,0,1
2020,gp_ward,real estate agent /business,0,1
2020,gp_ward,recurring deposit agent,0,1
2020,gp_ward,reired teacher,0,2
2020,gp_ward,relashionship officer,0,1
2020,gp_ward,rent store,0,1
2020,gp_ward,reporter daily,0,1
2020,gp_ward,research scholar,0,1
2020,gp_ward,resorts,0,1
2020,gp_ward,ret. headmistress,0,1
2020,gp_ward,ret. teacher,0,3
2020,gp_ward,ret.govt.servent,0,1
2020,gp_ward,retailer,0,1
2020,gp_ward,retaired,0,2
2020,gp_ward,retd headmaster,0,1
2020,gp_ward,retd teacher,0,1
2020,gp_ward,retd. bank employee,0,1
2020,gp_ward,retd. bank manager (kgb),0,1
2020,gp_ward,retd. employee,0,1
2020,gp_ward,retd. govt employee,0,2
2020,gp_ward,retd. panchayath special grade secretary,0,1
2020,gp_ward,retd. teacher,0,7
2020,gp_ward,retd. teacher - pensioner,0,1
2020,gp_ward,retd.teacher,0,2
2020,gp_ward,reteirment,0,1
2020,gp_ward,reti. kseb engineer,0,1
2020,gp_ward,retied hsst teacher,0,1
2020,gp_ward,retierd police officer,0,1
2020,gp_ward,retird service,0,1
2020,gp_ward,retired,0,37
2020,gp_ward,retired (govt),0,1
2020,gp_ward,retired (state govt. service),0,1
2020,gp_ward,"retired accountant,bfsc bank kundamkuzhy",0,1
2020,gp_ward,retired agriculture officer,0,1
2020,gp_ward,retired anganwadi worker,0,1
2020,gp_ward,retired bank employee,0,1
2020,gp_ward,retired bsnl employee,0,1
2020,gp_ward,retired cdpo,0,1
2020,gp_ward,retired co operative employee,0,1
2020,gp_ward,retired co-op bank,0,1
2020,gp_ward,retired co-op: sector,0,1
2020,gp_ward,retired co-operative employee,0,1
2020,gp_ward,retired college lecturer,0,1
2020,gp_ward,retired employee,0,4
2020,gp_ward,retired government employee,0,1
2020,gp_ward,retired govt employee,0,1
2020,gp_ward,retired govt servant,0,1
2020,gp_ward,retired govt. employee,0,2
2020,gp_ward,retired govt. servant,0,2
2020,gp_ward,retired govt.employee,0,1
2020,gp_ward,retired h.s.s.t,0,1
2020,gp_ward,retired head mistress,0,2
2020,gp_ward,retired headmaster,0,1
2020,gp_ward,retired headmistress,0,1
2020,gp_ward,retired high school teacher,0,1
2020,gp_ward,retired highschool headmastere,0,1
2020,gp_ward,retired hst,0,1
2020,gp_ward,retired icds supervisor,0,1
2020,gp_ward,retired kerala police,0,1
2020,gp_ward,retired ksrtc employee,0,1
2020,gp_ward,retired panchayat secretary,0,1
2020,gp_ward,retired principal,0,1
2020,gp_ward,"retired programme officer, ssk",0,1
2020,gp_ward,"retired senior manager, kerala bank kasaragod",0,1
2020,gp_ward,retired si,0,1
2020,gp_ward,retired sub inspector,0,1
2020,gp_ward,retired teacher,0,36
2020,gp_ward,retired vocational instructor,0,1
2020,gp_ward,"retired, pensioner",0,1
2020,gp_ward,rit.aided school teacher,0,1
2020,gp_ward,roller skating coach,0,1
2020,gp_ward,rp kudumbasree,0,1
2020,gp_ward,rtd .police ci,0,1
2020,gp_ward,rtd anganwadi teacher,0,1
2020,gp_ward,rtd bsnl employee,0,1
2020,gp_ward,rtd central goverment employee,0,1
2020,gp_ward,rtd clerk uhse,0,1
2020,gp_ward,rtd drawing master,0,1
2020,gp_ward,rtd employee,0,1
2020,gp_ward,rtd govt employee,0,2
2020,gp_ward,rtd h.m,0,1
2020,gp_ward,rtd h.s.s principal,0,1
2020,gp_ward,rtd head mistress,0,1
2020,gp_ward,rtd health inspector,0,2
2020,gp_ward,rtd hm,0,1
2020,gp_ward,rtd icds supervisor,0,1
2020,gp_ward,rtd k s e b,0,1
2020,gp_ward,rtd rly employee,0,1
2020,gp_ward,rtd secretary gramapanchayat,0,1
2020,gp_ward,rtd service,0,1
2020,gp_ward,rtd si,0,1
2020,gp_ward,rtd teacher,0,7
2020,gp_ward,"rtd. assist. manager marketing, manorama, kottayam",0,1
2020,gp_ward,rtd. bank employee,0,2
2020,gp_ward,"rtd. bank manager(co-operative urban bank, kozhikode)",0,1
2020,gp_ward,rtd. govt servent,0,1
2020,gp_ward,rtd. head mistress,0,1
2020,gp_ward,rtd. headmaster,0,2
2020,gp_ward,rtd. headmistress,0,1
2020,gp_ward,rtd. icds supervisor,0,1
2020,gp_ward,rtd. kseb subengineer,0,1
2020,gp_ward,rtd. librarian,0,1
2020,gp_ward,rtd. principal,0,1
2020,gp_ward,rtd. teacher,0,9
2020,gp_ward,rtd.(cusat),0,1
2020,gp_ward,rtd.dy.commandant(c.r.p.f),0,1
2020,gp_ward,rtd.government employee,0,1
2020,gp_ward,rtd.govt.servant,0,1
2020,gp_ward,rtd.principle,0,1
2020,gp_ward,rtd.teacher,0,2
2020,gp_ward,rtrd.teacher,0,1
2020,gp_ward,rubber tapping,0,4
2020,gp_ward,running online service centre,0,1
2020,gp_ward,running tution center,0,1
2020,gp_ward,s m fitter,0,1
2020,gp_ward,s.b.i life adviser,0,1
2020,gp_ward,saantwanam volunteer,0,1
2020,gp_ward,sahakarana sangam staff,0,1
2020,gp_ward,saksharatha prerak,0,3
2020,gp_ward,sales,0,5
2020,gp_ward,"sales assistant,neethi store",0,1
2020,gp_ward,sales executive,0,3
2020,gp_ward,sales girl,0,3
2020,gp_ward,sales girl - kfscb,0,1
2020,gp_ward,sales man,0,11
2020,gp_ward,sales man ration shop,0,1
2020,gp_ward,sales manager,0,2
2020,gp_ward,sales officer,0,1
2020,gp_ward,sales rep,0,1
2020,gp_ward,sales representative,0,1
2020,gp_ward,sales supervisor,0,1
2020,gp_ward,sales woman,0,1
2020,gp_ward,salesman,0,18
2020,gp_ward,sbi life insurance,0,1
2020,gp_ward,sbi life insurance agent,0,1
2020,gp_ward,scb collection agent,0,1
2020,gp_ward,"scb employee, perunguzhi",0,2
2020,gp_ward,school administrator,0,1
2020,gp_ward,school kitchen worker,0,1
2020,gp_ward,school librarian,0,1
2020,gp_ward,school manager,0,1
2020,gp_ward,"school manager,ksfe agent,lic agent",0,1
2020,gp_ward,school office staff,0,1
2020,gp_ward,school teacher,0,2
2020,gp_ward,screen printing,0,1
2020,gp_ward,sde@asap kerala,0,1
2020,gp_ward,"secretar, milma co-operative society",0,1
2020,gp_ward,secretary (chirakkal sc co-operative society),0,1
2020,gp_ward,secretary alathur thaluk co.operative employees co.operative society,0,1
2020,gp_ward,secretary milk co op society,0,1
2020,gp_ward,secretary milk co-operative society,0,1
2020,gp_ward,secretary of milk society,0,1
2020,gp_ward,"secretary, co operative society",0,1
2020,gp_ward,"secretary, co-operative bank",0,1
2020,gp_ward,"secretary, co-operative society",0,2
2020,gp_ward,"secretary, kucs ltd, mariyapuram",0,1
2020,gp_ward,"secretary, sc co operative bank",0,1
2020,gp_ward,"secretary,co-operative milk society",0,1
2020,gp_ward,security,0,1
2020,gp_ward,security guard,0,2
2020,gp_ward,self,0,1
2020,gp_ward,self aid,0,1
2020,gp_ward,self emlpoyee,0,1
2020,gp_ward,self emlyoyee,0,1
2020,gp_ward,self employe,0,2
2020,gp_ward,self employed,0,28
2020,gp_ward,self employed (cook),0,1
2020,gp_ward,self employed farmer,0,1
2020,gp_ward,self employee,0,13
2020,gp_ward,"self employee, public service",0,1
2020,gp_ward,self employer,0,2
2020,gp_ward,self employment,0,3
2020,gp_ward,self finance,0,1
2020,gp_ward,self worker,0,1
2020,gp_ward,senior clerk,0,1
2020,gp_ward,"senior clerk , service co operative bank",0,1
2020,gp_ward,senior clerk co operative societies,0,1
2020,gp_ward,senior clerk scb nalloornad,0,1
2020,gp_ward,senior clerk vakayar scb,0,1
2020,gp_ward,senior supdt(rtd),0,1
2020,gp_ward,senior technichian,0,1
2020,gp_ward,seniour engineer in ub palakkad,0,1
2020,gp_ward,service,0,2
2020,gp_ward,service bank employee,0,3
2020,gp_ward,service co operative bank employee,0,1
2020,gp_ward,service co-op bank employee,0,1
2020,gp_ward,service co-operative bank,0,1
2020,gp_ward,service co-operative bank employee,0,1
2020,gp_ward,service co-operative secretary,0,1
2020,gp_ward,service cooperative bank employee,0,1
2020,gp_ward,service engineer,0,1
2020,gp_ward,"service engineer, marikkar motors",0,1
2020,gp_ward,service pensionar,0,1
2020,gp_ward,service pensioner,0,35
2020,gp_ward,service pentioner,0,1
2020,gp_ward,shop,0,3
2020,gp_ward,sign board work,0,1
2020,gp_ward,site engineer,0,1
2020,gp_ward,site engineer (private firm),0,1
2020,gp_ward,small business,0,2
2020,gp_ward,small level business,0,1
2020,gp_ward,small scale business,0,1
2020,gp_ward,socail worker,0,3
2020,gp_ward,social activist,0,1
2020,gp_ward,social activities,0,6
2020,gp_ward,social activity,0,1
2020,gp_ward,social service,0,70
2020,gp_ward,"social service, agriculture",0,1
2020,gp_ward,"social service, buisness",0,2
2020,gp_ward,"social service, farmer",0,1
2020,gp_ward,"social service, lab assistant",0,1
2020,gp_ward,"social service, teacher",0,1
2020,gp_ward,social survive,0,1
2020,gp_ward,social woker,0,4
2020,gp_ward,social work,0,54
2020,gp_ward,social work(kudumbashree),0,1
2020,gp_ward,social worker,0,680
2020,gp_ward,social worker & business man,0,1
2020,gp_ward,social worker & lic agent,0,1
2020,gp_ward,"social worker , farmer",0,1
2020,gp_ward,"social worker, other service sectors",0,1
2020,gp_ward,social works,0,1
2020,gp_ward,socialservice,0,3
2020,gp_ward,socialworker,0,1
2020,gp_ward,socical worker,0,1
2020,gp_ward,sofa worker,0,1
2020,gp_ward,software developer,0,1
2020,gp_ward,software engineer,0,1
2020,gp_ward,sofware engineer,0,1
2020,gp_ward,sound technician,0,1
2020,gp_ward,special school teacher,0,1
2020,gp_ward,spray painting,0,1
2020,gp_ward,"sr.superintendent, kseb(rtd)",0,1
2020,gp_ward,srevice pensioner,0,1
2020,gp_ward,st promoter,0,1
2020,gp_ward,staff in esaf,0,1
2020,gp_ward,staff in service co-operative bank seethathode,0,1
2020,gp_ward,staff nurse,0,4
2020,gp_ward,stage artist,0,1
2020,gp_ward,stamp vendor,0,2
2020,gp_ward,star health mediclaim agent,0,1
2020,gp_ward,state pensioner,0,2
2020,gp_ward,state service pensioner,0,1
2020,gp_ward,stationary shop,0,1
2020,gp_ward,steel almara workshop,0,1
2020,gp_ward,stiching,0,2
2020,gp_ward,stiching centre,0,1
2020,gp_ward,still studying,0,1
2020,gp_ward,stitching,0,6
2020,gp_ward,stitching & beautician,0,1
2020,gp_ward,"stitching , nrgea",0,1
2020,gp_ward,stone work,0,1
2020,gp_ward,student,1,20
2020,gp_ward,sub contractor,0,1
2020,gp_ward,sub editor,0,1
2020,gp_ward,super visor,0,1
2020,gp_ward,"superintendent ,st.mary's college",0,1
2020,gp_ward,supermarket,0,1
2020,gp_ward,supervisor,0,5
2020,gp_ward,supervisor - b,0,1
2020,gp_ward,supervisor and contractor,0,1
2020,gp_ward,supplyco (daily wages),0,1
2020,gp_ward,surveyor,0,2
2020,gp_ward,sweeper,0,1
2020,gp_ward,t p a co-ordinator,0,1
2020,gp_ward,t v channel reporter,0,1
2020,gp_ward,tailaring,0,3
2020,gp_ward,tailor,0,57
2020,gp_ward,tailoring,0,40
2020,gp_ward,tailoring & house wife,0,1
2020,gp_ward,tapping,0,7
2020,gp_ward,tax consultant,0,1
2020,gp_ward,tax practitioner,0,2
2020,gp_ward,taxi driver,0,1
2020,gp_ward,teacer,0,1
2020,gp_ward,teacher,0,334
2020,gp_ward,teacher (aided school),0,2
2020,gp_ward,teacher (hsst),0,1
2020,gp_ward,teacher (private school),0,2
2020,gp_ward,teacher (retired),0,3
2020,gp_ward,teacher (rtd),0,2
2020,gp_ward,teacher - temporary,0,1
2020,gp_ward,teacher -parellel college,0,1
2020,gp_ward,teacher hst,0,1
2020,gp_ward,teacher in private school,0,1
2020,gp_ward,teacher pree primary,0,1
2020,gp_ward,teacher(aided),0,1
2020,gp_ward,teacher(h.m),0,1
2020,gp_ward,teacher(private school),0,1
2020,gp_ward,teacher(private),0,1
2020,gp_ward,teacher(pvt),0,1
2020,gp_ward,"teacher(pvt, tuition centre)",0,1
2020,gp_ward,teacher(rtd),0,1
2020,gp_ward,teacher(temporary),0,1
2020,gp_ward,teacher-parallel college,0,1
2020,gp_ward,teaching,0,14
2020,gp_ward,teaching (guest),0,1
2020,gp_ward,teaching (private),0,1
2020,gp_ward,team leader(crystal credit solution),0,1
2020,gp_ward,technical supervisor,0,1
2020,gp_ward,technician,0,1
2020,gp_ward,telecom,0,1
2020,gp_ward,temperory teaching,0,1
2020,gp_ward,temple staff,0,1
2020,gp_ward,temporary job,0,1
2020,gp_ward,temporary post as bpm,0,1
2020,gp_ward,temporary staff in maveli store,0,1
2020,gp_ward,textile shop,0,1
2020,gp_ward,therapist,0,1
2020,gp_ward,"therapist, yoga instructor, healer",0,1
2020,gp_ward,theyyam,0,1
2020,gp_ward,thozhilurappu,0,1
2020,gp_ward,tile mason,0,2
2020,gp_ward,tile work,0,2
2020,gp_ward,tiles work,0,3
2020,gp_ward,tiles worker,0,1
2020,gp_ward,tilor,0,1
2020,gp_ward,timber merchant,0,2
2020,gp_ward,tiolor,0,1
2020,gp_ward,toddy drawing,0,1
2020,gp_ward,toddy shop salesman,0,1
2020,gp_ward,toddy shop worker,0,2
2020,gp_ward,toddy taper,0,1
2020,gp_ward,toddy tapper,0,4
2020,gp_ward,toddy tapping,0,1
2020,gp_ward,toddy work,0,1
2020,gp_ward,tody tapper,0,1
2020,gp_ward,tour operator / farmer,0,1
2020,gp_ward,trainer,0,1
2020,gp_ward,trainer & business,0,1
2020,gp_ward,travel agent,0,6
2020,gp_ward,travels,0,2
2020,gp_ward,tsc bank supermarket,0,1
2020,gp_ward,tuition,0,4
2020,gp_ward,tuition center,0,1
2020,gp_ward,tuition teacher,0,4
2020,gp_ward,tution,0,2
2020,gp_ward,tution teacher,0,3
2020,gp_ward,tutor,0,1
2020,gp_ward,tutorial college teacher,0,1
2020,gp_ward,un-aided school teacher,0,1
2020,gp_ward,unaided teacher,0,2
2020,gp_ward,unaidedschool teacher,0,1
2020,gp_ward,unemployed,1,22
2020,gp_ward,unemployed(retired kgb staff),0,1
2020,gp_ward,unemplyed,0,1
2020,gp_ward,upsa,0,1
2020,gp_ward,upst,0,1
2020,gp_ward,uraban bank daily collection agent,0,1
2020,gp_ward,vallachira service co-operative society collection agent,0,1
2020,gp_ward,vhse teacher,0,1
2020,gp_ward,village officer,0,1
2020,gp_ward,visual media ( news reader ),0,1
2020,gp_ward,wage,0,3
2020,gp_ward,ward member,0,1
2020,gp_ward,watchman,0,1
2020,gp_ward,watchman service cooperative bank,0,1
2020,gp_ward,water meter reader,0,1
2020,gp_ward,water metre reader,0,1
2020,gp_ward,water proofing work,0,1
2020,gp_ward,water purification technician,0,1
2020,gp_ward,we help janasevana kendram,0,1
2020,gp_ward,weaver,0,2
2020,gp_ward,weaving,0,5
2020,gp_ward,welder,0,12
2020,gp_ward,welding,0,6
2020,gp_ward,wireman,0,5
2020,gp_ward,wiring,0,2
2020,gp_ward,work in a private firm,0,1
2020,gp_ward,worker,0,2
2020,gp_ward,"worker, mgnregs",0,1
2020,gp_ward,working at kdhp,0,1
2020,gp_ward,working in co- society(milco),0,1
2020,gp_ward,workshop,0,5
2020,gp_ward,yoga instructor,0,1
2020,gp_ward,yoga teacher,0,1
2020,gp_ward,yoga trainer,0,1
2020,gp_ward,അംഗനവാടി ടീച്ചര്‍,0,1
2020,gp_ward,അക്കൌണ്ടന്‍റ്,0,1
2020,gp_ward,അഡ്വക്കേറ്റ് ക്ലാര്‍ക്ക്,0,1
2020,gp_ward,ഇല്ല,0,4
2020,gp_ward,കൂലി,0,2
2020,gp_ward,കൃഷി,0,15
2020,gp_ward,ഡ്രൈവര്‍,0,1
2020,gp_ward,തൊഴില്‍രഹിത,0,1
2020,gp_ward,നിര്‍മ്മാണതൊഴിലാളി,0,1
2020,gp_ward,പെയിന്‍റര്‍,0,1
2020,gp_ward,പൊതുപ്രവര്‍ത്തനം,0,6
2020,gp_ward,ബാങ്ക് ജീവനക്കാരി,0,1
2020,gp_ward,ബി എസ് സി മാത്തമാറ്റിക്സ്,0,1
2020,gp_ward,ബിസിനസ്സ്,0,1
2020,gp_ward,രാഷ്ച്രീയ പ്രവര്‍ത്തകന്‍,0,1
2020,gp_ward,രാഷ്ട്രീയ പ്രവര്‍ത്തകന്‍,0,2
2020,gp_ward,റിട്ടയേര്‍ഡ്,0,1
2020,gp_ward,വീട്ടമ്മ,0,1
2020,gp_ward,വെൽഡിംഗ്,0,1
2020,gp_ward,സാമൂഹിക പ്രവര്‍ത്തക,0,5
2020,gp_ward,സാമൂഹിക പ്രവര്‍ത്തകന്‍,0,3
2020,gp_ward,സോഷ്യല്‍ വര്‍ക്കര്‍,0,1
2020,gp_ward,സ്വകാര്യ സ്കൂള്‍ അദ്ധ്യാപക,0,1
2020,gp_ward,NA,NA,3654
2020,zp_member,.,0,1
2020,zp_member,advertisement firm,0,1
2020,zp_member,advocate,0,31
2020,zp_member,agriculture,0,19
2020,zp_member,"akshaya entrepreneur, building supervisor- b trainer",0,1
2020,zp_member,anganwadi worker,0,2
2020,zp_member,artist,0,1
2020,zp_member,"branch manager,kerala state cooperative bank",0,1
2020,zp_member,buisiness,0,4
2020,zp_member,business,0,13
2020,zp_member,"businessman,agriculture",0,1
2020,zp_member,bussiness,0,1
2020,zp_member,co operative bank staff,0,1
2020,zp_member,co-op bank employee,0,1
2020,zp_member,co-operative,0,1
2020,zp_member,co-operative sector,0,1
2020,zp_member,co. operative bank employee,0,1
2020,zp_member,collection agent (thirumittakode co-operative bank),0,1
2020,zp_member,coolie,0,3
2020,zp_member,coporative pensioner,0,1
2020,zp_member,engineering consultant,0,1
2020,zp_member,factory office staff,0,1
2020,zp_member,farmer,0,6
2020,zp_member,freelance writer,0,1
2020,zp_member,government service (rtd.),0,1
2020,zp_member,headmistress (rtd),0,1
2020,zp_member,high school teacher,0,1
2020,zp_member,hotel business,0,1
2020,zp_member,house wife,1,4
2020,zp_member,"housewife, social worker",0,1
2020,zp_member,insurance advisor,0,1
2020,zp_member,insurance agent,0,2
2020,zp_member,journalist,0,2
2020,zp_member,"journalist, social worker",0,1
2020,zp_member,kooli,0,1
2020,zp_member,kudumbasree trainer,0,1
2020,zp_member,lawyer,0,1
2020,zp_member,lic agent,0,2
2020,zp_member,mahila pradhan agent,0,1
2020,zp_member,medical representative,0,1
2020,zp_member,nil,1,23
2020,zp_member,nill,0,11
2020,zp_member,nodal prerak,0,1
2020,zp_member,nodel prerak (literacy mission),0,1
2020,zp_member,pensioner,0,2
2020,zp_member,political worker,0,1
2020,zp_member,"principal,sree visdyadhiraja ehss ettumanoor",0,1
2020,zp_member,private job,0,2
2020,zp_member,public service,0,1
2020,zp_member,public worker,0,1
2020,zp_member,retd teacher,0,1
2020,zp_member,retd. professor,0,2
2020,zp_member,retd.p.sc. member,0,1
2020,zp_member,retired,0,1
2020,zp_member,retired head master,0,1
2020,zp_member,retired teacher,0,1
2020,zp_member,rt. head master,0,1
2020,zp_member,rtd. airline employee,0,1
2020,zp_member,rtd. h.s.s principal,0,1
2020,zp_member,rted.teacher,0,1
2020,zp_member,saksharatha prerak,0,1
2020,zp_member,sbi life agent,0,1
2020,zp_member,"secretary, cherukavu co-operative rural bank",0,1
2020,zp_member,"secretary, thenhipalam service co-op bank",0,1
2020,zp_member,senior journalist,0,1
2020,zp_member,social work,0,3
2020,zp_member,social worker,0,9
2020,zp_member,student,1,4
2020,zp_member,surveyor,0,1
2020,zp_member,teacher,0,15
2020,zp_member,"teacher(retired), public servant",0,1
2020,zp_member,teaching,0,2
2020,zp_member,trade union activity,0,1
2020,zp_member,tyler,0,1
2020,zp_member,udb chengamanad,0,1
2020,zp_member,un aided school teacher,0,1
2020,zp_member,unaided school teacher,0,1
2020,zp_member,NA,NA,114
